assignment_id,nama_usaha,SLS,link_fasih,KBLI
066ae1b4-f02f-452b-8bc5-fe1a18ab1b56,USAHA BELI PALA (SOSANTI TORAWOBA),71030800080001,https://fasih-sm.bps.go.id/app/assignment-detail/066ae1b4-f02f-452b-8bc5-fe1a18ab1b56,47219
06aa1b55-d0be-44b3-9f62-348991c4b7f9,JUALAN OBAT BORO (TANSI GANDARIA),71030900140010,https://fasih-sm.bps.go.id/app/assignment-detail/06aa1b55-d0be-44b3-9f62-348991c4b7f9,21022
06e40377-3425-4a10-a4ee-3d1399e6e6ca,USAHA PERIKANAN TANGKAP (KALTER KAMPONG),71030500040001,https://fasih-sm.bps.go.id/app/assignment-detail/06e40377-3425-4a10-a4ee-3d1399e6e6ca,103110
06e40377-3425-4a10-a4ee-3d1399e6e6ca,USAHA PERKEBUNAN PALA (KALTER KAMPONG),71030500040001,https://fasih-sm.bps.go.id/app/assignment-detail/06e40377-3425-4a10-a4ee-3d1399e6e6ca,101283
0dbefb02-0842-4e20-b5f5-55fc4e8b6bd9,PETERNAKAN (FANDI KASTILONG) ,71031000030004,https://fasih-sm.bps.go.id/app/assignment-detail/0dbefb02-0842-4e20-b5f5-55fc4e8b6bd9,101464
123d404a-6f42-44a5-a5cf-d51f84e754fd,PENDULANG EMAS ( YULINTJE MANOPO ),71030620030003,https://fasih-sm.bps.go.id/app/assignment-detail/123d404a-6f42-44a5-a5cf-d51f84e754fd,07221
123d404a-6f42-44a5-a5cf-d51f84e754fd,INDUSTRI KOPRA ( SALMON SAMBELORANG ),71030620030003,https://fasih-sm.bps.go.id/app/assignment-detail/123d404a-6f42-44a5-a5cf-d51f84e754fd,10421
12b3ae81-2357-4655-a32e-1fb65c334f8b,PERKEBUNAN PALA ( FERDINAN KIRANAUNG ),71030400090003,https://fasih-sm.bps.go.id/app/assignment-detail/12b3ae81-2357-4655-a32e-1fb65c334f8b,01283
12b585e1-899c-49ff-a329-daf78cb2aa31,PERKEBUNAN PALA (AMINA BATULANA) ,71031000060001,https://fasih-sm.bps.go.id/app/assignment-detail/12b585e1-899c-49ff-a329-daf78cb2aa31,01283
13ecf4a1-634c-4f90-8432-bfaa925639e1,PETERNAKAN BABI (YANSENIUS HARIKEDUA),71030500040001,https://fasih-sm.bps.go.id/app/assignment-detail/13ecf4a1-634c-4f90-8432-bfaa925639e1,147752
1477d8a5-0c03-406e-a074-a645f59d4257,INDUSTRI KOPRA(RAMLI),71031000250003,https://fasih-sm.bps.go.id/app/assignment-detail/1477d8a5-0c03-406e-a074-a645f59d4257,10421
176cf7de-c0e7-4ad5-b21f-afb62a3a95ff,PUNJUAL IKAN KELILING MERIJANTI,71030910040002,https://fasih-sm.bps.go.id/app/assignment-detail/176cf7de-c0e7-4ad5-b21f-afb62a3a95ff,147215
1a8cee8d-ad5d-418b-bb01-be6000da7755,WARUNG MAKAN,71030610040002,https://fasih-sm.bps.go.id/app/assignment-detail/1a8cee8d-ad5d-418b-bb01-be6000da7755,156400
1faec9e8-7e53-4541-ba13-ade8bc7cbfc4,KOPRA FAJAR SAHBAN TEMPONGBUKA,71030700110002,https://fasih-sm.bps.go.id/app/assignment-detail/1faec9e8-7e53-4541-ba13-ade8bc7cbfc4,10421
21e2ee97-1b72-4650-93ed-6e1562dd5832,JUAL SAYUR MASAK (LOISA KRISTAUNG) ,71031100020004,https://fasih-sm.bps.go.id/app/assignment-detail/21e2ee97-1b72-4650-93ed-6e1562dd5832,10750
227563f5-655d-4174-9c35-5aa1b696901d,JASA PERTANIAN <STENLY SILINGKAMPONG>,71030700020005,https://fasih-sm.bps.go.id/app/assignment-detail/227563f5-655d-4174-9c35-5aa1b696901d,101613
227563f5-655d-4174-9c35-5aa1b696901d,JASA OJEK SEPEDA MOTOR <STENLY SILINGKAMPONG>,71030700020005,https://fasih-sm.bps.go.id/app/assignment-detail/227563f5-655d-4174-9c35-5aa1b696901d,149296
2493aa37-53f0-4e11-8284-86157e9fa42b,PERDAGANGAN IKAN (VEREN MANDIANGAN),71030800080001,https://fasih-sm.bps.go.id/app/assignment-detail/2493aa37-53f0-4e11-8284-86157e9fa42b,47246
28b53847-2661-45e4-8fb9-d3b0a910c2f8,INDUSTRI PENGOLAHAN KOPRA (JONIUS SANGGELORANG),71030500140002,https://fasih-sm.bps.go.id/app/assignment-detail/28b53847-2661-45e4-8fb9-d3b0a910c2f8,10421
29011fcb-8049-404a-b283-977c51ee9b02,PEDAGANG KAKI LIMA (FAISAL DAINI),71030900070008,https://fasih-sm.bps.go.id/app/assignment-detail/29011fcb-8049-404a-b283-977c51ee9b02,147112
2985a99f-6673-4fcb-bc94-363fc83453e8,INDUSTRI KOPRA AFANDI SINGA,71031000120003,https://fasih-sm.bps.go.id/app/assignment-detail/2985a99f-6673-4fcb-bc94-363fc83453e8,10421
2a5dd50b-bc18-4c35-98c3-d6d421970770,USAHA PEMUNGUTAN SISA PANEN PALA,71030920020005,https://fasih-sm.bps.go.id/app/assignment-detail/2a5dd50b-bc18-4c35-98c3-d6d421970770,20115
2c778f52-142f-47ef-bba0-4edf214f23d6,BELLV CELL,71030900070007,https://fasih-sm.bps.go.id/app/assignment-detail/2c778f52-142f-47ef-bba0-4edf214f23d6,195210
2d88b820-4e2b-44e0-9b84-a7318be0ed7b,WARUNG KELONTONG ( MEITA GAGANA),71031000140002,https://fasih-sm.bps.go.id/app/assignment-detail/2d88b820-4e2b-44e0-9b84-a7318be0ed7b,47112
30723304-02f6-4453-aba8-269b15cc2c12,MENGELOLA KELAPA MENJADI KOPRA,71030400110008,https://fasih-sm.bps.go.id/app/assignment-detail/30723304-02f6-4453-aba8-269b15cc2c12,101261
30b7156f-1717-4aa3-987b-506c6d4eab86,Memetik kelapa (Nelson sendiang),71030800120003,https://fasih-sm.bps.go.id/app/assignment-detail/30b7156f-1717-4aa3-987b-506c6d4eab86,01261
30b7156f-1717-4aa3-987b-506c6d4eab86,Perkebunan pala (Nelson sendiang),71030800120003,https://fasih-sm.bps.go.id/app/assignment-detail/30b7156f-1717-4aa3-987b-506c6d4eab86,01283
30b7156f-1717-4aa3-987b-506c6d4eab86,Tukang potong kayu(Nelson sendiang),71030800120003,https://fasih-sm.bps.go.id/app/assignment-detail/30b7156f-1717-4aa3-987b-506c6d4eab86,16101
3297480f-54e3-4459-825e-90e0a99bae8f,RENTAL MOBIL( HARRY ANTHON DAMALANG),71030910030010,https://fasih-sm.bps.go.id/app/assignment-detail/3297480f-54e3-4459-825e-90e0a99bae8f,277510
3a8d1cc8-7584-47ea-bfa9-3b72bbd1ae39,INDUSTRI KOPRA (DEMITRIUS MANUMPIL) ,71031000110003,https://fasih-sm.bps.go.id/app/assignment-detail/3a8d1cc8-7584-47ea-bfa9-3b72bbd1ae39,10421
3d2dc5d9-9c8b-4fa2-9125-6a35b9d5c934,INDUSTRI PENGOLAHAN KOPRA CHANDRA,71030920010006,https://fasih-sm.bps.go.id/app/assignment-detail/3d2dc5d9-9c8b-4fa2-9125-6a35b9d5c934,10421
3d2dc5d9-9c8b-4fa2-9125-6a35b9d5c934,PERKEBUNAN KELAPA CHANDRA,71030920010006,https://fasih-sm.bps.go.id/app/assignment-detail/3d2dc5d9-9c8b-4fa2-9125-6a35b9d5c934,101261
471c7e02-21dc-40cf-9444-7898c36c023a,INDUSTRI PENGOLAHAN KOPRA,71030400100004,https://fasih-sm.bps.go.id/app/assignment-detail/471c7e02-21dc-40cf-9444-7898c36c023a,110421
48e1c524-a643-46c4-b33f-f1609f171d61,JUAL IKAN (WEKI SASAMBE),71030600140003,https://fasih-sm.bps.go.id/app/assignment-detail/48e1c524-a643-46c4-b33f-f1609f171d61,147215
4c326e3f-2d02-466c-a930-0e598b4092b7,INDUSTRI PENGOLAHAN KOPRA (HERMANSES),71030500050004,https://fasih-sm.bps.go.id/app/assignment-detail/4c326e3f-2d02-466c-a930-0e598b4092b7,10421
4cf8f2ec-8dce-4a53-8817-e9ef612bd52f,UTP PERKEBUNAN (RIVEN COSTER SAMADE),71030700100003,https://fasih-sm.bps.go.id/app/assignment-detail/4cf8f2ec-8dce-4a53-8817-e9ef612bd52f,101283
50460dd5-42ed-40a4-9daa-7127a6937b0c,UTP PERKEBUNAN PALA (ANALIN DUDATO) ,71030700130001,https://fasih-sm.bps.go.id/app/assignment-detail/50460dd5-42ed-40a4-9daa-7127a6937b0c,101283
50460dd5-42ed-40a4-9daa-7127a6937b0c,INDUSTRI KOPRA (ANALIN HARINDAH) ,71030700130001,https://fasih-sm.bps.go.id/app/assignment-detail/50460dd5-42ed-40a4-9daa-7127a6937b0c,110421
56559f58-4f54-4aa5-a6dd-b420536fbafb,SD NEGERI BIRAHI (MARGARETHA SANDEHANG) ,71030600090002,https://fasih-sm.bps.go.id/app/assignment-detail/56559f58-4f54-4aa5-a6dd-b420536fbafb,85201
58225ec6-b4ab-4c9d-966b-e55e18f233a1,JUAL SAYUR (SORSIN AMPAGE),71030600140003,https://fasih-sm.bps.go.id/app/assignment-detail/58225ec6-b4ab-4c9d-966b-e55e18f233a1,147213
59f4f145-c38f-4b4b-a892-a49bc8df678a,INDUSTRI KOPRA (DEMSIUS),71030500030001,https://fasih-sm.bps.go.id/app/assignment-detail/59f4f145-c38f-4b4b-a892-a49bc8df678a,110421
5a2f46de-6a32-4a6c-9274-4c1d3cf27b62,MENJUAL MIE BASAH (RUTH SARINDAT),71031000230003,https://fasih-sm.bps.go.id/app/assignment-detail/5a2f46de-6a32-4a6c-9274-4c1d3cf27b62,47112
6e6585e0-308d-4570-afaf-52f9c5d4ce38,PERAHU/SPEEDBOAT MENJUAL IKAN (ELDRIN) ,71030410020002,https://fasih-sm.bps.go.id/app/assignment-detail/6e6585e0-308d-4570-afaf-52f9c5d4ce38,47215
7508f89c-ba78-4cf1-a5db-f1fddeb80920,BENGKEL MALAHASA (VENTGE KROMA) ,71030900100005,https://fasih-sm.bps.go.id/app/assignment-detail/7508f89c-ba78-4cf1-a5db-f1fddeb80920,95320
8838ef59-c78a-4f59-8359-ad659f2e7baa,PENAMBANG EMAS ( MARCO ENOS SASELAH ),71030620030003,https://fasih-sm.bps.go.id/app/assignment-detail/8838ef59-c78a-4f59-8359-ad659f2e7baa,07221
89553c6b-9449-422d-99f7-c8651e978ff2,INDUSTRI PENGOLAHAN KOPRA (JEMS DAMAL) ,71031100020004,https://fasih-sm.bps.go.id/app/assignment-detail/89553c6b-9449-422d-99f7-c8651e978ff2,10421
8968b35f-1dee-4157-85b1-31afe95350ee,BANGUNAN USAHA KOPRA SAMSURI SAIBULAN,71031000120004,https://fasih-sm.bps.go.id/app/assignment-detail/8968b35f-1dee-4157-85b1-31afe95350ee,110421
8e95e09d-c4f5-4d06-80f7-4b2726c011c0,KIOS SEMBAKO (NOVI) ,71030500060006,https://fasih-sm.bps.go.id/app/assignment-detail/8e95e09d-c4f5-4d06-80f7-4b2726c011c0,147112
94a28d98-4349-4c78-bf83-86653240a25b,MAKANAN KOTAK (RIRIN MARIA BUDIMAN),71030900070010,https://fasih-sm.bps.go.id/app/assignment-detail/94a28d98-4349-4c78-bf83-86653240a25b,156101
94ffc791-0117-4813-8d08-a77cb2a24ca8,PENYEDIA ALAT PENGGALIAN EMAS,71030400110003,https://fasih-sm.bps.go.id/app/assignment-detail/94ffc791-0117-4813-8d08-a77cb2a24ca8,109900
960af29a-04ac-421f-9de3-169929283714,PETERNAKAN AYAM ( ALPIUS BIBBA),71030920020002,https://fasih-sm.bps.go.id/app/assignment-detail/960af29a-04ac-421f-9de3-169929283714,01464
96e81102-a6cd-4f02-8bea-38cc59c70f9c,PERKEBUNAN PALA (DEBORA) ,71030500120002,https://fasih-sm.bps.go.id/app/assignment-detail/96e81102-a6cd-4f02-8bea-38cc59c70f9c,101283
9d8a9341-3555-4ea5-9266-4069ce85e1f5,OJEK MOTOR (JOVER SASELAH) ,71030400100004,https://fasih-sm.bps.go.id/app/assignment-detail/9d8a9341-3555-4ea5-9266-4069ce85e1f5,49296
a3a0cd48-0d02-4213-947e-d65a5b9a9a70,JUAL KOSMETIK (ERNISYE) ,71031000060004,https://fasih-sm.bps.go.id/app/assignment-detail/a3a0cd48-0d02-4213-947e-d65a5b9a9a70,47724
a872ef38-4ba9-4938-9694-227933c2f25e,PERIKANAN TANGKAP (ABSALON HENGKENG),71030800050002,https://fasih-sm.bps.go.id/app/assignment-detail/a872ef38-4ba9-4938-9694-227933c2f25e,03110
ac6c6c92-3e0e-4ea1-82a1-61b7d807ba4d,JUAL IKAN SEGAR (YANI) ,71030920050006,https://fasih-sm.bps.go.id/app/assignment-detail/ac6c6c92-3e0e-4ea1-82a1-61b7d807ba4d,47215
ad61a4fb-bfa0-4df3-b08c-ac15fb667db2,JASA PERTANIAN PALA( NOVERSANDRY PANGANDAHENG),71030920020005,https://fasih-sm.bps.go.id/app/assignment-detail/ad61a4fb-bfa0-4df3-b08c-ac15fb667db2,01283
ad61a4fb-bfa0-4df3-b08c-ac15fb667db2,JASA PERTANIAN KELAPA( NOVERSANDRY PANGANDAHENG),71030920020005,https://fasih-sm.bps.go.id/app/assignment-detail/ad61a4fb-bfa0-4df3-b08c-ac15fb667db2,01261
ad6eeb50-7055-49a3-af09-a3f246cab781,USAHA PENYEWAAN ALAT MUSIK(RENLY KUNSUI),71030500040001,https://fasih-sm.bps.go.id/app/assignment-detail/ad6eeb50-7055-49a3-af09-a3f246cab781,177292
adadd2af-cc43-46f1-baa9-e414259bd21d,JUAL KETUPAT KUNING ( MARIA DOLOSEMBA),71031000140002,https://fasih-sm.bps.go.id/app/assignment-detail/adadd2af-cc43-46f1-baa9-e414259bd21d,47249
ae14e102-ca75-49b9-9f71-fda69ae94462,KIOS NOVRI MANDALIKA,71030910070001,https://fasih-sm.bps.go.id/app/assignment-detail/ae14e102-ca75-49b9-9f71-fda69ae94462,47112
b4af35e0-9607-46d7-8f55-48a72379fd6b,INDUSTRI KOPRA (JUFRAIZER WIKU) ,71031000110003,https://fasih-sm.bps.go.id/app/assignment-detail/b4af35e0-9607-46d7-8f55-48a72379fd6b,10421
b4af35e0-9607-46d7-8f55-48a72379fd6b,KUE BASAH (SARINI UMAR) ,71031000110003,https://fasih-sm.bps.go.id/app/assignment-detail/b4af35e0-9607-46d7-8f55-48a72379fd6b,10792
bcdc8605-6f1e-48cc-9f2f-1d13616bab0c,JUAL IKAN (CHENY SULASI) ,71030920050006,https://fasih-sm.bps.go.id/app/assignment-detail/bcdc8605-6f1e-48cc-9f2f-1d13616bab0c,47215
befe22c1-2d9b-45c3-bd08-715fd459b41e,PAUD KOBER CAHAYA KASIH TUMALEDE ,71030620030002,https://fasih-sm.bps.go.id/app/assignment-detail/befe22c1-2d9b-45c3-bd08-715fd459b41e,85201
bf95b67b-03f9-4489-afd4-c7058fa133b2,INDUSTRI POP ICE (NUR MAWADA ANAR),71030400070001,https://fasih-sm.bps.go.id/app/assignment-detail/bf95b67b-03f9-4489-afd4-c7058fa133b2,210504
bf95b67b-03f9-4489-afd4-c7058fa133b2,INDUSTRI KOPRA (BAKRAN ANAR),71030400070001,https://fasih-sm.bps.go.id/app/assignment-detail/bf95b67b-03f9-4489-afd4-c7058fa133b2,110421
c1af13d5-a3ff-4709-ba1e-c679cad193b3,REPARASI TELEPON GENGGAM (RAMADAN GANI),71030500110001,https://fasih-sm.bps.go.id/app/assignment-detail/c1af13d5-a3ff-4709-ba1e-c679cad193b3,95102
c601bddf-54ef-45a9-bf6c-a3f5e28f03f3,PERKEBUNAN KELAPA (DEEMS),71031000140001,https://fasih-sm.bps.go.id/app/assignment-detail/c601bddf-54ef-45a9-bf6c-a3f5e28f03f3,101261
c6e4774a-3921-41ac-a487-db9a880e51fa,UTP HORTIKULTURA (OKTA),71030920060006,https://fasih-sm.bps.go.id/app/assignment-detail/c6e4774a-3921-41ac-a487-db9a880e51fa,01138
c6e4774a-3921-41ac-a487-db9a880e51fa,USAHA WARUNG SEMBAKO (OKTA),71030920060006,https://fasih-sm.bps.go.id/app/assignment-detail/c6e4774a-3921-41ac-a487-db9a880e51fa,47112
ca578c29-0fea-4c8c-bcbe-7ce8ebcaa721,"PERDAGANGAN SAYUR, BUAH, REMPAH, DAN TANAMAN LAIN <DELIANTJE BAWIA>",71030700020005,https://fasih-sm.bps.go.id/app/assignment-detail/ca578c29-0fea-4c8c-bcbe-7ce8ebcaa721,447219
cec1344d-3268-4652-9f04-432bafef75d9,USAHA JASA SEWA MOBIL PICKUP (FADLAN) ,71030910030001,https://fasih-sm.bps.go.id/app/assignment-detail/cec1344d-3268-4652-9f04-432bafef75d9,177510
cfe7c885-02a0-475a-b55a-3abac21d5ef3,STEN NASI KUNING ( METRI RIVERA MAELITE) ,71030910040007,https://fasih-sm.bps.go.id/app/assignment-detail/cfe7c885-02a0-475a-b55a-3abac21d5ef3,56303
d12c5d28-b2f6-43d6-b86f-2d89f7887f07,MEGAMITRA MAKMUR SENTOSA,71030900070009,https://fasih-sm.bps.go.id/app/assignment-detail/d12c5d28-b2f6-43d6-b86f-2d89f7887f07,247909
d13827a6-ba34-4345-b574-3354fb54adbc,TERANG BULAN TRISNO ,71030900070007,https://fasih-sm.bps.go.id/app/assignment-detail/d13827a6-ba34-4345-b574-3354fb54adbc,156102
d4f33933-f09a-4d36-951d-95e641ffa9d4,JUAL PAKAIAN (SRI HASTUTY TAMAR),71030600140003,https://fasih-sm.bps.go.id/app/assignment-detail/d4f33933-f09a-4d36-951d-95e641ffa9d4,147711
d846e5d8-28e5-4bc6-9d30-33597b05943d,PEMUNGUTAN BUAH PALA SISA HASIL PANEN YULIATI,71030920010006,https://fasih-sm.bps.go.id/app/assignment-detail/d846e5d8-28e5-4bc6-9d30-33597b05943d,38110
d846e5d8-28e5-4bc6-9d30-33597b05943d,PERKEBUNAN KELAPA STENLY,71030920010006,https://fasih-sm.bps.go.id/app/assignment-detail/d846e5d8-28e5-4bc6-9d30-33597b05943d,101261
d846e5d8-28e5-4bc6-9d30-33597b05943d,INDUSTRI PENGOLAHAN KOPRA STENLY,71030920010006,https://fasih-sm.bps.go.id/app/assignment-detail/d846e5d8-28e5-4bc6-9d30-33597b05943d,10421
dbb87c82-581c-4cb3-bae4-7304b4f03aef,PERKEBUNAN KELAPA MILIK ZULKIFLI MANABUNG ,71031000110005,https://fasih-sm.bps.go.id/app/assignment-detail/dbb87c82-581c-4cb3-bae4-7304b4f03aef,01261
ddf77c59-e05e-4ec9-8b5b-8d9b685a3285,UTP PERKEBUNAN KELAPA (ALPINUS),71030920060007,https://fasih-sm.bps.go.id/app/assignment-detail/ddf77c59-e05e-4ec9-8b5b-8d9b685a3285,01261
ddf77c59-e05e-4ec9-8b5b-8d9b685a3285,USAHA PEMUNGUTAN SISAH PANEN PALA ,71030920060007,https://fasih-sm.bps.go.id/app/assignment-detail/ddf77c59-e05e-4ec9-8b5b-8d9b685a3285,38110
ddf77c59-e05e-4ec9-8b5b-8d9b685a3285,UTP PETERNAKAN 2 (ALPINUS),71030920060007,https://fasih-sm.bps.go.id/app/assignment-detail/ddf77c59-e05e-4ec9-8b5b-8d9b685a3285,01465
e7b2bdf1-4e13-4498-a170-239e16bfacf2,INDUSTRI KOPRA (ENTHYPHRA MAMELAS) ,71030700130001,https://fasih-sm.bps.go.id/app/assignment-detail/e7b2bdf1-4e13-4498-a170-239e16bfacf2,110421
e7b2bdf1-4e13-4498-a170-239e16bfacf2,PEMBUATAN CINCIN DAN GAGANG PEDANG (ENTHYPHRA MAMELAS) ,71030700130001,https://fasih-sm.bps.go.id/app/assignment-detail/e7b2bdf1-4e13-4498-a170-239e16bfacf2,25931
ea479749-9c4b-451c-b0b9-6f9ea23e5b01,BUDIDAYA PALA (PETRUS MENAUNG) ,71030400100004,https://fasih-sm.bps.go.id/app/assignment-detail/ea479749-9c4b-451c-b0b9-6f9ea23e5b01,101283
ed2ab1fe-719c-4630-ab6b-8fac3a859c5f,UTP HORTIKULTURA (DIRIANA LUASE),71030800080001,https://fasih-sm.bps.go.id/app/assignment-detail/ed2ab1fe-719c-4630-ab6b-8fac3a859c5f,01220
f39580f8-bf20-41bc-85cb-ab21af300a27,PERDAGANGAN KUE BASAH (FLORIDA GAMIS),71030800030001,https://fasih-sm.bps.go.id/app/assignment-detail/f39580f8-bf20-41bc-85cb-ab21af300a27,47242
f6b376df-a7b0-4213-828e-5ee4d9278267,PERKEBUNAN PALA (SISYO SAHENTOMBAGE),71031100040003,https://fasih-sm.bps.go.id/app/assignment-detail/f6b376df-a7b0-4213-828e-5ee4d9278267,101283
f7448455-fa7e-4305-bb50-88dd56a536d2,GOFROST MEMBELI DAN MENJUAL IKAN TUNA ( HARIMINGGU),71030500170002,https://fasih-sm.bps.go.id/app/assignment-detail/f7448455-fa7e-4305-bb50-88dd56a536d2,46324
f98dbfa7-3aab-4b40-b5f5-33b5ffa354eb,PERTANIAN TANAMAN PANGAN (NATSIR) ,71031000030001,https://fasih-sm.bps.go.id/app/assignment-detail/f98dbfa7-3aab-4b40-b5f5-33b5ffa354eb,01135
f9fed780-c192-4cc9-9f49-5a5f7eb62f8e,HOLTIKULTURA (FIRMAN MANUMPIL) ,71031000110003,https://fasih-sm.bps.go.id/app/assignment-detail/f9fed780-c192-4cc9-9f49-5a5f7eb62f8e,01138
0867a5f9-49ce-4913-a9bc-275c8476166b,INDUSTRI PENGOLAHAN KOPRA <ARCHILAUS BULANGKAEGE>,71030700020005,https://fasih-sm.bps.go.id/app/assignment-detail/0867a5f9-49ce-4913-a9bc-275c8476166b,10421
32f3054c-e8f9-4278-80da-2d2148ee0b33,PERKEBUNAN PALA ( DORNEKA APIT) ,71030910040010,https://fasih-sm.bps.go.id/app/assignment-detail/32f3054c-e8f9-4278-80da-2d2148ee0b33,01283
7b510564-0109-46d8-ad60-f61c52475eed,USAHA SRYHAYATI PANANGGUNG,71030700080002,https://fasih-sm.bps.go.id/app/assignment-detail/7b510564-0109-46d8-ad60-f61c52475eed,10792
7b510564-0109-46d8-ad60-f61c52475eed,Industri pengolahan kopra,71030700080002,https://fasih-sm.bps.go.id/app/assignment-detail/7b510564-0109-46d8-ad60-f61c52475eed,10421
84285070-fa08-4789-9e3a-e70aae4fa195,USAHA PETERNAKAN AYAM (NIKANOR PONISKORI),71030800040005,https://fasih-sm.bps.go.id/app/assignment-detail/84285070-fa08-4789-9e3a-e70aae4fa195,101464
8597645a-42dd-4667-a433-4e6eb0292898,INDUSTRI KOPRA,71030920020005,https://fasih-sm.bps.go.id/app/assignment-detail/8597645a-42dd-4667-a433-4e6eb0292898,10421
dff519ae-b0ec-48a1-80bc-0371d258e3f5,TANAMAN PANGAN (NENCY MERLYN MADUMA),71031000010003,https://fasih-sm.bps.go.id/app/assignment-detail/dff519ae-b0ec-48a1-80bc-0371d258e3f5,01139
000aa1c3-75c5-48a0-aa57-db59e8a6fcec,INDUSTRI KOPRA (ROMES) ,71030410020002,https://fasih-sm.bps.go.id/app/assignment-detail/000aa1c3-75c5-48a0-aa57-db59e8a6fcec,10421
01059636-efd5-4ecd-a8b2-16085caba50f,JASA PANJAT KELAPA (SIR ISAK),71030920060003,https://fasih-sm.bps.go.id/app/assignment-detail/01059636-efd5-4ecd-a8b2-16085caba50f,01613
0f559528-9663-4375-a59f-4da577f55784,INDUSTRI PENGOLAHAN KOPRA ( JENDRI RAKINAUNG ),71030700180003,https://fasih-sm.bps.go.id/app/assignment-detail/0f559528-9663-4375-a59f-4da577f55784,10421
114304f6-2828-4562-9010-68e46d429031,MEMBELI PALA ( SUWARDI),71031100010004,https://fasih-sm.bps.go.id/app/assignment-detail/114304f6-2828-4562-9010-68e46d429031,301283
14b68410-3e5a-4234-bbda-77c647065875,USAHA INDUSTRI PENGOLAHAN KOPRA MATIAS SASUBE,71030910010006,https://fasih-sm.bps.go.id/app/assignment-detail/14b68410-3e5a-4234-bbda-77c647065875,10421
14b68410-3e5a-4234-bbda-77c647065875,USAHA PERTANIAN KELAPA MATIAS SASUBE,71030910010006,https://fasih-sm.bps.go.id/app/assignment-detail/14b68410-3e5a-4234-bbda-77c647065875,01261
1c2c6769-f19e-4344-811a-90c158c75eb9,WARUNG MAKAN (ARPIAH RABUKA),71030900100002,https://fasih-sm.bps.go.id/app/assignment-detail/1c2c6769-f19e-4344-811a-90c158c75eb9,56101
1defbbc3-aae3-4843-ae60-026c5ddeb939,TUKANG OJEK MOTOR (MARTHEIN KANSIL),71030500120001,https://fasih-sm.bps.go.id/app/assignment-detail/1defbbc3-aae3-4843-ae60-026c5ddeb939,149296
206ad8cb-0fa4-496f-aa7a-b890404af77e,USAHA SEMBAKO,71030700090003,https://fasih-sm.bps.go.id/app/assignment-detail/206ad8cb-0fa4-496f-aa7a-b890404af77e,147112
2f1afb34-08dd-45e7-829f-ff8e6b2f3a76,USAHA LAUNDRY (YONESKE) ,71031000210001,https://fasih-sm.bps.go.id/app/assignment-detail/2f1afb34-08dd-45e7-829f-ff8e6b2f3a76,96100
2f293c5d-958b-4576-8f44-6262f7e01a8d,UTP PEKEBUNANA,71030700040002,https://fasih-sm.bps.go.id/app/assignment-detail/2f293c5d-958b-4576-8f44-6262f7e01a8d,10421
33b0b182-0d46-496e-8406-c2fa9e58bc43,UTP PERIKANAN (AMES BARAMA) ,71030600120002,https://fasih-sm.bps.go.id/app/assignment-detail/33b0b182-0d46-496e-8406-c2fa9e58bc43,03110
37530cd2-254b-48a3-9937-92db158216cd,PERKEBUNAN ,71030920020003,https://fasih-sm.bps.go.id/app/assignment-detail/37530cd2-254b-48a3-9937-92db158216cd,01261
3ccb7882-fca7-4552-9bfc-c8d4be68b186,USAHA BELI KELAPA (AGUSPOGES HUMENA) ,71030920050003,https://fasih-sm.bps.go.id/app/assignment-detail/3ccb7882-fca7-4552-9bfc-c8d4be68b186,47219
3ccb7882-fca7-4552-9bfc-c8d4be68b186,UTP PERKEBUNAN KELAPA (AGUSPOGES HUMENA) ,71030920050003,https://fasih-sm.bps.go.id/app/assignment-detail/3ccb7882-fca7-4552-9bfc-c8d4be68b186,01261
3ccb7882-fca7-4552-9bfc-c8d4be68b186,INDUSTRI KOPRA (AGUSPOGES HUMENA) ,71030920050003,https://fasih-sm.bps.go.id/app/assignment-detail/3ccb7882-fca7-4552-9bfc-c8d4be68b186,10421
413e88a4-6d78-4fba-8e00-6eea2eb56551,MENJUAL MAKANAN MASAK TREISYA,71030920010006,https://fasih-sm.bps.go.id/app/assignment-detail/413e88a4-6d78-4fba-8e00-6eea2eb56551,256101
42aa4eba-1251-4225-b1f5-f98b6e95a06a,UTP PERKEBUNAN <MANASE LEHIGE>,71030700020005,https://fasih-sm.bps.go.id/app/assignment-detail/42aa4eba-1251-4225-b1f5-f98b6e95a06a,01261
42aa4eba-1251-4225-b1f5-f98b6e95a06a,UTP TANAMAN PANGAN <MANASE LEHIGE>,71030700020005,https://fasih-sm.bps.go.id/app/assignment-detail/42aa4eba-1251-4225-b1f5-f98b6e95a06a,01111
42aa4eba-1251-4225-b1f5-f98b6e95a06a,JASA URUT TRADISIONAL <MAKDALENA SAMBENAUNG>,71030700020005,https://fasih-sm.bps.go.id/app/assignment-detail/42aa4eba-1251-4225-b1f5-f98b6e95a06a,486992
42aa4eba-1251-4225-b1f5-f98b6e95a06a,UTP HORTIKULTURA <MAKDALENA SAMBENAUNG>,71030700020005,https://fasih-sm.bps.go.id/app/assignment-detail/42aa4eba-1251-4225-b1f5-f98b6e95a06a,401133
44321c9c-05d5-43e1-9e16-c58ae1c642c0,USAHA BENTO KELILING MILIK DEDI POROK,71031000110005,https://fasih-sm.bps.go.id/app/assignment-detail/44321c9c-05d5-43e1-9e16-c58ae1c642c0,49299
446cb7c8-7375-45b8-851f-1a2483cbd207,PERDAGANGAN SEMBAKO (NURMIN HARMAN),71030800080001,https://fasih-sm.bps.go.id/app/assignment-detail/446cb7c8-7375-45b8-851f-1a2483cbd207,47112
4c17501a-f65a-4598-b04c-5746273d9050,INDUSTRI PENGOLAHAN KELAPA (JEFER LAHOPANG),71030400060003,https://fasih-sm.bps.go.id/app/assignment-detail/4c17501a-f65a-4598-b04c-5746273d9050,10421
4dd70db3-40ab-4797-8114-832987334085,USAHA KUE KERING (JUHRIA KAEHE),71031000030004,https://fasih-sm.bps.go.id/app/assignment-detail/4dd70db3-40ab-4797-8114-832987334085,10710
532e4014-c732-46df-8e1d-33f7a6d6a525,SAYURAN SEGAR STENY,71030400100001,https://fasih-sm.bps.go.id/app/assignment-detail/532e4014-c732-46df-8e1d-33f7a6d6a525,47213
550cf736-8451-4a9d-bf48-506bed58d501,USAHA JUAL POP ICE (NURHAYATI) ,71031000240002,https://fasih-sm.bps.go.id/app/assignment-detail/550cf736-8451-4a9d-bf48-506bed58d501,56304
64af464e-acf6-4ac2-ad79-3d11e9c9ded4,PETANI PALA STEFIANUS MAKAPIA,71030400170002,https://fasih-sm.bps.go.id/app/assignment-detail/64af464e-acf6-4ac2-ad79-3d11e9c9ded4,01283
64af464e-acf6-4ac2-ad79-3d11e9c9ded4,Usaha Nelayan Stefianus Makapia,71030400170002,https://fasih-sm.bps.go.id/app/assignment-detail/64af464e-acf6-4ac2-ad79-3d11e9c9ded4,03110
6b3453de-a985-4f76-b7c0-59be54cc14fe,KIOS SEMBAKO (SHERLY) ,71030500060006,https://fasih-sm.bps.go.id/app/assignment-detail/6b3453de-a985-4f76-b7c0-59be54cc14fe,147112
6cef6d05-269f-4caf-8b72-351ff926f79f,SOPIR (NURSAMSU ANTARANI) ,71031000110003,https://fasih-sm.bps.go.id/app/assignment-detail/6cef6d05-269f-4caf-8b72-351ff926f79f,49231
6d74aebf-5438-477b-8bc0-40dfb8b741ee,USAHA JUAL IKAN SEGAR (OSPINTJE),71030920040004,https://fasih-sm.bps.go.id/app/assignment-detail/6d74aebf-5438-477b-8bc0-40dfb8b741ee,47215
778399e2-3663-4907-b24e-944ef6acb932,JUAL IKAN VERA,71030800030001,https://fasih-sm.bps.go.id/app/assignment-detail/778399e2-3663-4907-b24e-944ef6acb932,47215
81218b1e-728d-42df-a7d5-33f047283fc6,BKU PENGOLAHAN SAGU (YUSMARIO HORORIUNG),71030800120003,https://fasih-sm.bps.go.id/app/assignment-detail/81218b1e-728d-42df-a7d5-33f047283fc6,47249
864b6c76-220b-4a84-8bd8-595e2f76c19f,WARUNG MAKAN (FARDARINI LUKAS),71031000230003,https://fasih-sm.bps.go.id/app/assignment-detail/864b6c76-220b-4a84-8bd8-595e2f76c19f,456101
88fe1967-cfd6-4dc3-a186-16a430cafd31,JUAL SAYUR (MARDIA KANAUNG),71030600140003,https://fasih-sm.bps.go.id/app/assignment-detail/88fe1967-cfd6-4dc3-a186-16a430cafd31,147213
923ceea1-b814-4ad1-bfe8-2d082561c1e7,JUAL PULSA <NURCE GAGHAUBE>,71030700020005,https://fasih-sm.bps.go.id/app/assignment-detail/923ceea1-b814-4ad1-bfe8-2d082561c1e7,147404
923ceea1-b814-4ad1-bfe8-2d082561c1e7,JUAL ES MAMBO <NURCE GAGHAUBE>,71030700020005,https://fasih-sm.bps.go.id/app/assignment-detail/923ceea1-b814-4ad1-bfe8-2d082561c1e7,110504
95cd22ff-e608-41c2-adfa-b20b42eee86b,PERKEBUNAN PALA (YANA),71030700030002,https://fasih-sm.bps.go.id/app/assignment-detail/95cd22ff-e608-41c2-adfa-b20b42eee86b,101283
9724db72-199e-42c1-afbc-4df083a0009a,USAHA PERDAGANGAN REMPAH-REMPAH (MILDA),71030500040001,https://fasih-sm.bps.go.id/app/assignment-detail/9724db72-199e-42c1-afbc-4df083a0009a,447192
a542abba-138f-44f0-8e47-316d16b4597c,JUALAN IKAN KELILING (MIRNA GANDARIA),71030900140010,https://fasih-sm.bps.go.id/app/assignment-detail/a542abba-138f-44f0-8e47-316d16b4597c,147215
ab676db8-cf83-42ea-98d4-2b3b133e95a5,WARUNG SEMBAKO (YEMIMA MEISYE SINADIA),71030800100001,https://fasih-sm.bps.go.id/app/assignment-detail/ab676db8-cf83-42ea-98d4-2b3b133e95a5,47112
abf4bf57-e09d-4d3e-abaf-627b2bf43238,PERKEBUNAN KELAPA (DEPSIA MAKATANGING),71031100040003,https://fasih-sm.bps.go.id/app/assignment-detail/abf4bf57-e09d-4d3e-abaf-627b2bf43238,101261
abf4bf57-e09d-4d3e-abaf-627b2bf43238,PERKEBUNAN PALA (DEPSIA MAKATANGING),71031100040003,https://fasih-sm.bps.go.id/app/assignment-detail/abf4bf57-e09d-4d3e-abaf-627b2bf43238,101283
b2b34b2b-a842-4394-9c06-122781b4958d,MENJUAL MAKANAN MASAK (MARLIN) ,71030500060006,https://fasih-sm.bps.go.id/app/assignment-detail/b2b34b2b-a842-4394-9c06-122781b4958d,110750
b4085393-ae1b-4c76-a354-0c48ad5e6b7a,TANAMAN TOMAT (PERNANDO DILY),71031100050004,https://fasih-sm.bps.go.id/app/assignment-detail/b4085393-ae1b-4c76-a354-0c48ad5e6b7a,201132
b4fdf7cd-79b8-4d47-9103-83260a009b5d,PENGOLAHAN SAGU (PAULUS),71030800020004,https://fasih-sm.bps.go.id/app/assignment-detail/b4fdf7cd-79b8-4d47-9103-83260a009b5d,10622
b508375a-3e9f-4979-baf9-ead88d33c979,TOKO BAJU KARDINA,71030900070007,https://fasih-sm.bps.go.id/app/assignment-detail/b508375a-3e9f-4979-baf9-ead88d33c979,247711
b5130df6-cf3c-473a-89ff-0285af815ba3,INDUSTRI KOPRA ( DEMSIK LUMANAU),71031000140002,https://fasih-sm.bps.go.id/app/assignment-detail/b5130df6-cf3c-473a-89ff-0285af815ba3,10421
ba59f73f-6b0d-4822-b8cb-a2c6a0178548,PERTENAKAN BABI (YUNITA ANGELINA PANIALA),71030910040011,https://fasih-sm.bps.go.id/app/assignment-detail/ba59f73f-6b0d-4822-b8cb-a2c6a0178548,01450
ba59f73f-6b0d-4822-b8cb-a2c6a0178548,USAHA PERABOT RUMAH TANGGA (YUNITA ANGELINA PANIALA),71030910040011,https://fasih-sm.bps.go.id/app/assignment-detail/ba59f73f-6b0d-4822-b8cb-a2c6a0178548,295240
bffff537-182a-4941-8bcd-7f2f5f6d09f8,JUAL IKAN ANITJE MUSA,71030600140003,https://fasih-sm.bps.go.id/app/assignment-detail/bffff537-182a-4941-8bcd-7f2f5f6d09f8,47215
c2464898-3d8c-4873-8548-5e29321d0d76,PENGOLAHAN KOPRA (APLINUS MATAHARI),71030600080002,https://fasih-sm.bps.go.id/app/assignment-detail/c2464898-3d8c-4873-8548-5e29321d0d76,10421
c2464898-3d8c-4873-8548-5e29321d0d76,PERKEBUNAN PALA (APLINUS MATAHARI),71030600080002,https://fasih-sm.bps.go.id/app/assignment-detail/c2464898-3d8c-4873-8548-5e29321d0d76,01283
c2cbe063-c6b5-4e1e-9d3f-5a965873f792,INDUSTRI PENGOLAHAN KELAPA (HENDRIK KASONGKE),71030400060002,https://fasih-sm.bps.go.id/app/assignment-detail/c2cbe063-c6b5-4e1e-9d3f-5a965873f792,10421
c2eb9a84-cb29-4cf3-936d-312c87434022,PERKEBUNAN PALA (HERMAN),71030800040002,https://fasih-sm.bps.go.id/app/assignment-detail/c2eb9a84-cb29-4cf3-936d-312c87434022,101283
c2eb9a84-cb29-4cf3-936d-312c87434022,PERKEBUNAN KELAPA (HERMAN),71030800040002,https://fasih-sm.bps.go.id/app/assignment-detail/c2eb9a84-cb29-4cf3-936d-312c87434022,101261
c2eb9a84-cb29-4cf3-936d-312c87434022,PENGOLAH KOPRA (HERMAN),71030800040002,https://fasih-sm.bps.go.id/app/assignment-detail/c2eb9a84-cb29-4cf3-936d-312c87434022,110421
d0e60cce-e166-4c7e-a69f-a7ab678d23b0,PERTANIAN KELAPA (PUDIHATI KABAIKANG,71030800160002,https://fasih-sm.bps.go.id/app/assignment-detail/d0e60cce-e166-4c7e-a69f-a7ab678d23b0,101261
d3c3fb06-67cb-4529-929d-ab5cea60e315,WARUNG (HINDRIWATY SINGAL),71030900090004,https://fasih-sm.bps.go.id/app/assignment-detail/d3c3fb06-67cb-4529-929d-ab5cea60e315,147112
dda76ec8-53d0-43c4-b1b5-62cdfc92a7a4,WARUNG SEMBAKO (ISMAIL) ,71030900100002,https://fasih-sm.bps.go.id/app/assignment-detail/dda76ec8-53d0-43c4-b1b5-62cdfc92a7a4,47112
deddee6c-676e-49db-aaea-c74c0f6a78ca,PERKEBUNAN PALA (PINTJE KAWOLENG),71030500140002,https://fasih-sm.bps.go.id/app/assignment-detail/deddee6c-676e-49db-aaea-c74c0f6a78ca,01283
df19b871-9228-4411-856e-d9560c365097,PERIKANAN (BERTIN ),71030500170002,https://fasih-sm.bps.go.id/app/assignment-detail/df19b871-9228-4411-856e-d9560c365097,103110
df848216-c6e8-4f9f-9c7d-aa80bf30a012,INDUSTRI PENGELOHAN KOPRA ,71030700150002,https://fasih-sm.bps.go.id/app/assignment-detail/df848216-c6e8-4f9f-9c7d-aa80bf30a012,101261
e1045607-37a4-4053-9aea-b9448c3da9f2,INDUSTRI KOPRA MILIK DAHLAN MASANG,71031000110005,https://fasih-sm.bps.go.id/app/assignment-detail/e1045607-37a4-4053-9aea-b9448c3da9f2,10421
e1045607-37a4-4053-9aea-b9448c3da9f2,USAHA PEMBUATAN SARUNG PEDA MILIK DAHLAN MASANG,71031000110005,https://fasih-sm.bps.go.id/app/assignment-detail/e1045607-37a4-4053-9aea-b9448c3da9f2,22203
e36805e2-9461-4cc6-b3c0-dcfd5ee77b4f,LIDYA NINGZI SAHULU,71030600140003,https://fasih-sm.bps.go.id/app/assignment-detail/e36805e2-9461-4cc6-b3c0-dcfd5ee77b4f,147215
e9fa80d1-5c78-4b56-a4c4-6c8f9407c19d,PERKEBUNAN KELAPA YONI,71030920010006,https://fasih-sm.bps.go.id/app/assignment-detail/e9fa80d1-5c78-4b56-a4c4-6c8f9407c19d,101261
e9fa80d1-5c78-4b56-a4c4-6c8f9407c19d,PEMUNGUTAN SISA PANEN PALA INDRIANI,71030920010006,https://fasih-sm.bps.go.id/app/assignment-detail/e9fa80d1-5c78-4b56-a4c4-6c8f9407c19d,38110
e9fa80d1-5c78-4b56-a4c4-6c8f9407c19d,INDUSTRI PENGOLAHAN KOPRA YONI,71030920010006,https://fasih-sm.bps.go.id/app/assignment-detail/e9fa80d1-5c78-4b56-a4c4-6c8f9407c19d,10421
eca05bb1-38d9-4d8f-ae14-0d08e0dc242a,WARUNG SEMBAKO (ANITA LAHEA),71030500080002,https://fasih-sm.bps.go.id/app/assignment-detail/eca05bb1-38d9-4d8f-ae14-0d08e0dc242a,147112
f0035903-58ad-417d-8a34-67b96dbcc56b,PRAKTEK DOKTER ANAK (JULIANA SITORUS),71030910080004,https://fasih-sm.bps.go.id/app/assignment-detail/f0035903-58ad-417d-8a34-67b96dbcc56b,186105
f7f49f48-3ede-4142-9889-5a2ee40b1fd6,PERDAGANGAN IKAN (MARNI PEALAMBUNG),71030800030001,https://fasih-sm.bps.go.id/app/assignment-detail/f7f49f48-3ede-4142-9889-5a2ee40b1fd6,47215
fd819d74-0d75-4b82-a0f8-2dc751ce69a0,INDUSTRI KOPRA (SYAWAL SASIKOME),71030700100003,https://fasih-sm.bps.go.id/app/assignment-detail/fd819d74-0d75-4b82-a0f8-2dc751ce69a0,10421
fd819d74-0d75-4b82-a0f8-2dc751ce69a0,UTP PERKEBUNAN (SYAWAL SASIKOME),71030700100003,https://fasih-sm.bps.go.id/app/assignment-detail/fd819d74-0d75-4b82-a0f8-2dc751ce69a0,101283
fdc688b0-01e0-43fb-9952-fef0638761f7,WARUNG SEMBAKO (RUKMINI MURIS),71030700040001,https://fasih-sm.bps.go.id/app/assignment-detail/fdc688b0-01e0-43fb-9952-fef0638761f7,147112
08a4f04a-1152-4ba5-938e-d9b581f2695c,WARUNG SEMBAKO (GIDION),71030500030002,https://fasih-sm.bps.go.id/app/assignment-detail/08a4f04a-1152-4ba5-938e-d9b581f2695c,147112
0a6aeddc-58d8-4378-b5ef-68a3274886ca,UTP PERKEBUNAN <SEMUEL WANGKA>,71030700010001,https://fasih-sm.bps.go.id/app/assignment-detail/0a6aeddc-58d8-4378-b5ef-68a3274886ca,01261
13cd6d57-ac7c-4fcc-aa17-eee5471daab0,USAHA ES TELER (FADLUN BACHSUAN),71030910030004,https://fasih-sm.bps.go.id/app/assignment-detail/13cd6d57-ac7c-4fcc-aa17-eee5471daab0,56306
13cd6d57-ac7c-4fcc-aa17-eee5471daab0,USAHA DESSERT (FADLUN BACHSUAN),71030910030004,https://fasih-sm.bps.go.id/app/assignment-detail/13cd6d57-ac7c-4fcc-aa17-eee5471daab0,47242
2f6302d7-0788-477a-bc11-505b37b2756a,INDUSTRI KOPRA(MUKHLIS),71031000250003,https://fasih-sm.bps.go.id/app/assignment-detail/2f6302d7-0788-477a-bc11-505b37b2756a,10421
46636521-45d0-4c4f-8ac8-e984022065fd,INDUSTRI PEMOTONGAN/PENGGERGAJIAN KAYU <SONNY KOSU>,71030700010002,https://fasih-sm.bps.go.id/app/assignment-detail/46636521-45d0-4c4f-8ac8-e984022065fd,116101
6039e67a-3bd0-43db-acad-27c3cba89688,INDUSTRI PENGOLAHAN KOPRA (SUMARDI),71031100070001,https://fasih-sm.bps.go.id/app/assignment-detail/6039e67a-3bd0-43db-acad-27c3cba89688,10421
763fa6e4-ca04-490b-b34b-098096f61c66,PENGOLAHAN KOPRA(JULINTJE MAKDALENA PANAWAR) ,71030600210002,https://fasih-sm.bps.go.id/app/assignment-detail/763fa6e4-ca04-490b-b34b-098096f61c66,10421
7a1be723-1323-490d-9a27-9d14f7cd4de1,KIOS SEMBAKO (ALLENFIERGEL WANGKAY),71030910050001,https://fasih-sm.bps.go.id/app/assignment-detail/7a1be723-1323-490d-9a27-9d14f7cd4de1,147112
8ccfac1f-67f4-42d4-b234-e533b76c51c5,UTP PERIKANAN (MUJONO PANGURISANG),71031100070001,https://fasih-sm.bps.go.id/app/assignment-detail/8ccfac1f-67f4-42d4-b234-e533b76c51c5,03110
8ccfac1f-67f4-42d4-b234-e533b76c51c5,KANTIN (MARIANI RASUBALA),71031100070001,https://fasih-sm.bps.go.id/app/assignment-detail/8ccfac1f-67f4-42d4-b234-e533b76c51c5,10750
8ccfac1f-67f4-42d4-b234-e533b76c51c5,INDUSTRI PENGOLAHAN KOPRA (SUJONO),71031100070001,https://fasih-sm.bps.go.id/app/assignment-detail/8ccfac1f-67f4-42d4-b234-e533b76c51c5,10421
9c1ca2ad-5b48-420d-98d8-2946e3b889ec,PERDAGANGAN SAYUR (ANTONIUS RAMPISELA) ,71030500200002,https://fasih-sm.bps.go.id/app/assignment-detail/9c1ca2ad-5b48-420d-98d8-2946e3b889ec,147213
a4e4c8a1-7df3-4ad9-852c-aef223618275,INDUSTRI PENGOLAHAN KOPRA <MARTENSI MALUMPAESE>,71030700010002,https://fasih-sm.bps.go.id/app/assignment-detail/a4e4c8a1-7df3-4ad9-852c-aef223618275,10421
a4e4c8a1-7df3-4ad9-852c-aef223618275,UTP TANAMAN PANGAN <MARTENSI MALUMPAESE>,71030700010002,https://fasih-sm.bps.go.id/app/assignment-detail/a4e4c8a1-7df3-4ad9-852c-aef223618275,201139
a4e4c8a1-7df3-4ad9-852c-aef223618275,UTP HORTIKULTURA <MARTENSI MALUMPAESE>,71030700010002,https://fasih-sm.bps.go.id/app/assignment-detail/a4e4c8a1-7df3-4ad9-852c-aef223618275,201131
a4e4c8a1-7df3-4ad9-852c-aef223618275,UTP PERKEBUNAN <MARTENSI MALUMPAESE>,71030700010002,https://fasih-sm.bps.go.id/app/assignment-detail/a4e4c8a1-7df3-4ad9-852c-aef223618275,01261
ce05f4bd-d398-4625-a21f-0b57a6c274de,USAHA KOPRA RISKI PONTOLAWOKANG ,71031000080002,https://fasih-sm.bps.go.id/app/assignment-detail/ce05f4bd-d398-4625-a21f-0b57a6c274de,110421
d5843dc7-cbb8-4ecb-bc4c-67969bca58f4,JUAL KUE BASAH,71031100060004,https://fasih-sm.bps.go.id/app/assignment-detail/d5843dc7-cbb8-4ecb-bc4c-67969bca58f4,110792
03f9a09a-59c0-42d0-8723-b369a92ac5b4,UTP PERKEBUNAN KELAPA ,71030920040005,https://fasih-sm.bps.go.id/app/assignment-detail/03f9a09a-59c0-42d0-8723-b369a92ac5b4,01261
03f9a09a-59c0-42d0-8723-b369a92ac5b4,KOPRA (JUNUS PUDIHANG) ,71030920040005,https://fasih-sm.bps.go.id/app/assignment-detail/03f9a09a-59c0-42d0-8723-b369a92ac5b4,10421
b7152a61-f0e0-4080-a41e-0ec7cf24deae,INDUSTRI PANDAI BESI,71031000010002,https://fasih-sm.bps.go.id/app/assignment-detail/b7152a61-f0e0-4080-a41e-0ec7cf24deae,25932
b7152a61-f0e0-4080-a41e-0ec7cf24deae,PENJAHIT PAKAIAN,71031000010002,https://fasih-sm.bps.go.id/app/assignment-detail/b7152a61-f0e0-4080-a41e-0ec7cf24deae,14120
c0579f2d-85e4-4f1e-8878-7bed5fd111dc,INDUSTRI PENGOLAHAN KOPRA(ASIEL MACPAL),71030700030002,https://fasih-sm.bps.go.id/app/assignment-detail/c0579f2d-85e4-4f1e-8878-7bed5fd111dc,10421
0ba92f38-6bff-484f-bd7a-5e6a49c8ac2c,PERKEBUNAN PALA (RONIKLAS BUAMBITUNG),71030800050002,https://fasih-sm.bps.go.id/app/assignment-detail/0ba92f38-6bff-484f-bd7a-5e6a49c8ac2c,01283
0ba92f38-6bff-484f-bd7a-5e6a49c8ac2c,INDUSTRI PENGOLAHAN KUE BASAH (RUTJE TARIMBOBA),71030800050002,https://fasih-sm.bps.go.id/app/assignment-detail/0ba92f38-6bff-484f-bd7a-5e6a49c8ac2c,10792
0011adb0-b249-4b6d-85c5-24e44358f542,PERKEBUNAN PALA (ANDREAS PIARA) ,71030500120004,https://fasih-sm.bps.go.id/app/assignment-detail/0011adb0-b249-4b6d-85c5-24e44358f542,101283
01daf406-ab4b-4e3c-8159-2a408b0b42b5,INDUSTRI KOPRA (YANIS PANGASE) ,71030410070002,https://fasih-sm.bps.go.id/app/assignment-detail/01daf406-ab4b-4e3c-8159-2a408b0b42b5,10421
01daf406-ab4b-4e3c-8159-2a408b0b42b5,UTP PERKEBUNAN (YANIS PANGASE) ,71030410070002,https://fasih-sm.bps.go.id/app/assignment-detail/01daf406-ab4b-4e3c-8159-2a408b0b42b5,01261
02656d15-3d16-4652-b80e-f7d165db4785,DAGANG BENSIN ECERAN (JULINE BUDIMAN),71030600150001,https://fasih-sm.bps.go.id/app/assignment-detail/02656d15-3d16-4652-b80e-f7d165db4785,47301
02de147e-599d-4f96-b535-9bdf198fdbe9,Memperbaiki motor rusak,71030610090002,https://fasih-sm.bps.go.id/app/assignment-detail/02de147e-599d-4f96-b535-9bdf198fdbe9,95320
036a3b99-225f-4190-804e-d335a3b358da,PENANGKAPAN IKAN LAUT BENYAMIN,71030410020003,https://fasih-sm.bps.go.id/app/assignment-detail/036a3b99-225f-4190-804e-d335a3b358da,03110
036a3b99-225f-4190-804e-d335a3b358da,INDUSTRI KOPRA ROSPA,71030410020003,https://fasih-sm.bps.go.id/app/assignment-detail/036a3b99-225f-4190-804e-d335a3b358da,10421
04a6016c-92b0-4fc8-be2f-e9525f12745b,NELAYAN,71030900130012,https://fasih-sm.bps.go.id/app/assignment-detail/04a6016c-92b0-4fc8-be2f-e9525f12745b,503211
0515eb4e-2845-43ab-8533-5c8d52570617,USAHA PEMBUAT ALAT MUSIK BAMBU (JEDIPSON) ,71030910050012,https://fasih-sm.bps.go.id/app/assignment-detail/0515eb4e-2845-43ab-8533-5c8d52570617,32201
0515eb4e-2845-43ab-8533-5c8d52570617,USAHA MEMBUAT MASAKAN SIAP SAJI (AHNES),71030910050012,https://fasih-sm.bps.go.id/app/assignment-detail/0515eb4e-2845-43ab-8533-5c8d52570617,10750
05d7df40-6cad-4e96-b9db-a5e3725577b2,USAHA SOPIR (JOIS),71030910040004,https://fasih-sm.bps.go.id/app/assignment-detail/05d7df40-6cad-4e96-b9db-a5e3725577b2,49293
078bcceb-b898-42a3-a58c-eb1143530a08,USAHA PERKEBUNAN (JEFRI BUKANAUNG),71030500070005,https://fasih-sm.bps.go.id/app/assignment-detail/078bcceb-b898-42a3-a58c-eb1143530a08,101283
079e5ad4-fcca-464b-b5fc-477314d63e5d,ROTI (DORKAS SENGKANDAI),71030910080005,https://fasih-sm.bps.go.id/app/assignment-detail/079e5ad4-fcca-464b-b5fc-477314d63e5d,310792
08988a70-a1da-41dc-b255-4e9f0ffcd892,UTP PETERNAKAN BABI (ALFRET),71030900110012,https://fasih-sm.bps.go.id/app/assignment-detail/08988a70-a1da-41dc-b255-4e9f0ffcd892,01450
08e1324f-9e71-43be-aa1f-7380f6cd3511,INDUSTRI PENGOLAHAN KOPRA (RIEL DALING),71031100080003,https://fasih-sm.bps.go.id/app/assignment-detail/08e1324f-9e71-43be-aa1f-7380f6cd3511,10421
08e1324f-9e71-43be-aa1f-7380f6cd3511,WARUNG SEMBAKO (NELTJI RAWUNG),71031100080003,https://fasih-sm.bps.go.id/app/assignment-detail/08e1324f-9e71-43be-aa1f-7380f6cd3511,47243
08fa0ce6-809a-4412-8390-b3bca1122e74,HORTIKULTURA (JUOSFIEL SADPRI PANSARIANG),71030600150003,https://fasih-sm.bps.go.id/app/assignment-detail/08fa0ce6-809a-4412-8390-b3bca1122e74,47213
08fa0ce6-809a-4412-8390-b3bca1122e74,INDUSTRI KOPRA (JUOSFIEL SADPRI PANSARIANG),71030600150003,https://fasih-sm.bps.go.id/app/assignment-detail/08fa0ce6-809a-4412-8390-b3bca1122e74,10421
09a9d935-b0ab-4bc1-b9e0-571b6b410b5c,TUKANG KAYU (AGUS),71030800040002,https://fasih-sm.bps.go.id/app/assignment-detail/09a9d935-b0ab-4bc1-b9e0-571b6b410b5c,131011
09a9d935-b0ab-4bc1-b9e0-571b6b410b5c,INDUSTRI KUE PIA (IRAWATI),71030800040002,https://fasih-sm.bps.go.id/app/assignment-detail/09a9d935-b0ab-4bc1-b9e0-571b6b410b5c,10710
09a9d935-b0ab-4bc1-b9e0-571b6b410b5c,PERIKANAN TANGKAP (AGUS),71030800040002,https://fasih-sm.bps.go.id/app/assignment-detail/09a9d935-b0ab-4bc1-b9e0-571b6b410b5c,103110
0a145c7f-7462-4081-bc9c-9a08d3d29ef2,SOPIR ANGKUTAN KOTA HERIYADI,71030900140005,https://fasih-sm.bps.go.id/app/assignment-detail/0a145c7f-7462-4081-bc9c-9a08d3d29ef2,49213
0b1f83ad-4938-4a31-90e3-4d498ce97d8b,JUAL NASI LEMANG (AGUSTINA RAKINAUNG) ,71030600090002,https://fasih-sm.bps.go.id/app/assignment-detail/0b1f83ad-4938-4a31-90e3-4d498ce97d8b,10792
0b7a8e5f-bb8b-4b50-8148-6dd734f3e2d3,PANGKALAN MINYAK TANAH (BUMDES ALDUS MANUMPITAENG ),71030800090002,https://fasih-sm.bps.go.id/app/assignment-detail/0b7a8e5f-bb8b-4b50-8148-6dd734f3e2d3,47771
0ba10ed1-dc9f-4075-83a7-af0c2446b7b1,PENGOLAHAN KOPRA (YONIS TAHUMILE),71030900090001,https://fasih-sm.bps.go.id/app/assignment-detail/0ba10ed1-dc9f-4075-83a7-af0c2446b7b1,101261
0beaee99-303c-4fcc-ac76-f52e5dccb190,UTP TANAMAN PANGAN (ADRIANUS TATAEL),71030600160003,https://fasih-sm.bps.go.id/app/assignment-detail/0beaee99-303c-4fcc-ac76-f52e5dccb190,101135
0beaee99-303c-4fcc-ac76-f52e5dccb190,INDUSTRI KOPRA (ADRIANUS TATAEL),71030600160003,https://fasih-sm.bps.go.id/app/assignment-detail/0beaee99-303c-4fcc-ac76-f52e5dccb190,10421
0c9f485b-f202-4199-b0d2-53a9d0b73a66,JASA KEROHANIAN ( SASKAR HONTONG),71030500110002,https://fasih-sm.bps.go.id/app/assignment-detail/0c9f485b-f202-4199-b0d2-53a9d0b73a66,94910
0ccf3686-358c-4494-92f7-3819e3071575,PANDAI BESI (WAHID YAKOP),71031000030002,https://fasih-sm.bps.go.id/app/assignment-detail/0ccf3686-358c-4494-92f7-3819e3071575,124101
0ccf3686-358c-4494-92f7-3819e3071575,PERKEBUNAN (RAJIA TAMPILANG),71031000030002,https://fasih-sm.bps.go.id/app/assignment-detail/0ccf3686-358c-4494-92f7-3819e3071575,101283
0dce94a3-aba6-4424-9cc3-79a6cbdf2b12,Warung sembako(Herson Binowo) ,71030620050003,https://fasih-sm.bps.go.id/app/assignment-detail/0dce94a3-aba6-4424-9cc3-79a6cbdf2b12,47243
0e918558-c1c6-49e8-8fcc-d6b633bfa11b,PENGOLAHAN IKAN FUFU (FATIMA ADILANG),71031000230001,https://fasih-sm.bps.go.id/app/assignment-detail/0e918558-c1c6-49e8-8fcc-d6b633bfa11b,10212
0f465586-0f1c-4c0e-a8e7-1f147a81d24b,PENANGKAPAN IKAN,71030600130002,https://fasih-sm.bps.go.id/app/assignment-detail/0f465586-0f1c-4c0e-a8e7-1f147a81d24b,03110
0fd879ee-7348-4fb1-affe-93d2b6d2d380,TUKANG KAYU ( JULKIN SALAUHIANG ),71030620010002,https://fasih-sm.bps.go.id/app/assignment-detail/0fd879ee-7348-4fb1-affe-93d2b6d2d380,85597
1041a912-ed36-4551-91c9-0d5941f358bb,PERDAGANGAN JUAL BELI PALA (SULASRI),71030800010003,https://fasih-sm.bps.go.id/app/assignment-detail/1041a912-ed36-4551-91c9-0d5941f358bb,47219
11d0698d-27ee-444c-8313-98b16eeec3fd,RUMAH MAKAN ETAM (SOFYAN ALAMRY),71030910030008,https://fasih-sm.bps.go.id/app/assignment-detail/11d0698d-27ee-444c-8313-98b16eeec3fd,256101
13cb144a-616c-48fb-a048-0798070fa346,JASA PEMOTONGAN KAYU (NILOGHORANG TAKASABARE),71030800050003,https://fasih-sm.bps.go.id/app/assignment-detail/13cb144a-616c-48fb-a048-0798070fa346,516101
15cd07ce-6159-4de5-bece-235374b5c6d5,USAHA PERKEBUNAN ALBER KAHEMBAU,71031000260002,https://fasih-sm.bps.go.id/app/assignment-detail/15cd07ce-6159-4de5-bece-235374b5c6d5,10421
171dd8bd-23c3-450a-a3ec-9f95f48f4383,INDUSTRI KOPRA (NOFRIANTO MAKAWOEL),71030600170001,https://fasih-sm.bps.go.id/app/assignment-detail/171dd8bd-23c3-450a-a3ec-9f95f48f4383,10421
17400058-0bc8-40d4-8e6a-9fe2bd5ab02f,INDUSTRI KOPRA,71031020010001,https://fasih-sm.bps.go.id/app/assignment-detail/17400058-0bc8-40d4-8e6a-9fe2bd5ab02f,10421
184aebca-4715-4013-903a-d240bf3c6e2c,USAHA KOPRA(CHRISTIANO MAMUNO) ,71031000280003,https://fasih-sm.bps.go.id/app/assignment-detail/184aebca-4715-4013-903a-d240bf3c6e2c,10421
184aebca-4715-4013-903a-d240bf3c6e2c,TANAMAN PANGAN(NINSIA RABIKA) ,71031000280003,https://fasih-sm.bps.go.id/app/assignment-detail/184aebca-4715-4013-903a-d240bf3c6e2c,01139
18bcad5b-561c-4a98-abfd-b7b6e393c56b,KIOS KELONTONG (USPINCE LAHIWU),71031000230003,https://fasih-sm.bps.go.id/app/assignment-detail/18bcad5b-561c-4a98-abfd-b7b6e393c56b,147112
1943eb4b-f324-48ca-a9bd-353393d498ba,PEDAGANG ECERAN KELAPA ( FEBRIYANTI),71031100050001,https://fasih-sm.bps.go.id/app/assignment-detail/1943eb4b-f324-48ca-a9bd-353393d498ba,10421
1a3af73b-b14c-489a-a8bb-0d6b7ef4a23e,MENJUAL BENSIN ECERAN (RADA ANJELIKA MAKASAMBI),71030600080001,https://fasih-sm.bps.go.id/app/assignment-detail/1a3af73b-b14c-489a-a8bb-0d6b7ef4a23e,47302
1b0633be-3dec-4ec9-a863-3f8f437e0300,PERDAGANGAN IKAN (NAPISA) ,71031000210004,https://fasih-sm.bps.go.id/app/assignment-detail/1b0633be-3dec-4ec9-a863-3f8f437e0300,47215
1b5074f6-5b76-4a1b-b01b-dbf98b40ddd5,WARUNG SEMBAKO (NONCE),71031100080002,https://fasih-sm.bps.go.id/app/assignment-detail/1b5074f6-5b76-4a1b-b01b-dbf98b40ddd5,47243
1c864ca5-88cd-479d-aaee-232ea6c33dae,UTP HOLTIKULTURA (YOKIBET KADIMA),71030800140003,https://fasih-sm.bps.go.id/app/assignment-detail/1c864ca5-88cd-479d-aaee-232ea6c33dae,01134
1cb989ff-d584-416b-a993-80b1e7b5d39f,UTP PERKEBUNAN (DANCE SANGGELORANG) ,71030700090002,https://fasih-sm.bps.go.id/app/assignment-detail/1cb989ff-d584-416b-a993-80b1e7b5d39f,101261
1cb989ff-d584-416b-a993-80b1e7b5d39f,INDUSTRI KOPRA (DANCE SANGGELORANG) ,71030700090002,https://fasih-sm.bps.go.id/app/assignment-detail/1cb989ff-d584-416b-a993-80b1e7b5d39f,10421
1cb989ff-d584-416b-a993-80b1e7b5d39f,UTP PERIKANAN (DANCE SANGGELORANG) ,71030700090002,https://fasih-sm.bps.go.id/app/assignment-detail/1cb989ff-d584-416b-a993-80b1e7b5d39f,103110
1ccfc9ed-d581-4ebc-91d7-615969f44bbe,PENANGKAPAN IKAN (TUMBEL SAKENDATU) ,71030410010001,https://fasih-sm.bps.go.id/app/assignment-detail/1ccfc9ed-d581-4ebc-91d7-615969f44bbe,03110
1d5f551b-8f98-4a35-a370-57793a3ab788,PENJUAL BENSIN ENCERAN,71030400110002,https://fasih-sm.bps.go.id/app/assignment-detail/1d5f551b-8f98-4a35-a370-57793a3ab788,47302
1e23138e-e456-4b7e-a7fc-097d4cf850ea,USAHA HOLTIKULTURA KETIMUN (YASMIN YULIAN KABAIKANG),71030800080002,https://fasih-sm.bps.go.id/app/assignment-detail/1e23138e-e456-4b7e-a7fc-097d4cf850ea,01133
1e3eee07-9d0a-4e33-97af-c5ec93f1cbc1,INDUSTRI KOPRA,71030620050002,https://fasih-sm.bps.go.id/app/assignment-detail/1e3eee07-9d0a-4e33-97af-c5ec93f1cbc1,10421
1e5847fd-f63c-452b-90ed-7d18e0850939,USAHA SEMBAKO DORLENA,71030900110005,https://fasih-sm.bps.go.id/app/assignment-detail/1e5847fd-f63c-452b-90ed-7d18e0850939,47112
1effa42a-1e82-4863-b991-3181d3df09d0,TANAMAN PANGAN (MARCE) ,71031000130001,https://fasih-sm.bps.go.id/app/assignment-detail/1effa42a-1e82-4863-b991-3181d3df09d0,01135
20827b38-b936-472b-a194-49622a5d78c9,KOPRA NAAMAN SAHENTUMUWO,71030700070002,https://fasih-sm.bps.go.id/app/assignment-detail/20827b38-b936-472b-a194-49622a5d78c9,10421
211a5c30-e501-40a6-a431-543dce4b6518,INDUSTRI KOPRA,71031000270001,https://fasih-sm.bps.go.id/app/assignment-detail/211a5c30-e501-40a6-a431-543dce4b6518,110421
2314851e-047d-4e3a-9642-18e9e2748667,TANAMAN PANGAN (RAMBLI),71031000020003,https://fasih-sm.bps.go.id/app/assignment-detail/2314851e-047d-4e3a-9642-18e9e2748667,101139
2314851e-047d-4e3a-9642-18e9e2748667,HOLTIKULTURA (RAMBLI),71031000020003,https://fasih-sm.bps.go.id/app/assignment-detail/2314851e-047d-4e3a-9642-18e9e2748667,101138
2388fd69-e610-4df4-b983-73dfcc2b9e99,INDUSTRI PENGOLAHAN KOPRA (PERISAI LUMASUGE) ,71031100020003,https://fasih-sm.bps.go.id/app/assignment-detail/2388fd69-e610-4df4-b983-73dfcc2b9e99,10421
240f0fde-d4da-4b43-a164-a8711375a942,WIFI MACHOTSPOT (ARDIANSUL ABRAM),71030600140004,https://fasih-sm.bps.go.id/app/assignment-detail/240f0fde-d4da-4b43-a164-a8711375a942,461104
246ba6d3-4b6a-48ee-95cb-321f70856919,INDUSTRI PENGOLAHAN SAGU (LORINA MANUNDU),71030500070001,https://fasih-sm.bps.go.id/app/assignment-detail/246ba6d3-4b6a-48ee-95cb-321f70856919,10622
24e14df2-ab84-44f6-b23d-a321af435843,KIOS SEMBAKO (APRILIA) ,71030500120003,https://fasih-sm.bps.go.id/app/assignment-detail/24e14df2-ab84-44f6-b23d-a321af435843,147112
24faa6d8-803b-43a8-ae34-6dc1d44ca491,PERKEBUNAN KELAPA (AYUB),71030800040004,https://fasih-sm.bps.go.id/app/assignment-detail/24faa6d8-803b-43a8-ae34-6dc1d44ca491,101261
24faa6d8-803b-43a8-ae34-6dc1d44ca491,PENGOLAHAN KOPRA (AYUB),71030800040004,https://fasih-sm.bps.go.id/app/assignment-detail/24faa6d8-803b-43a8-ae34-6dc1d44ca491,110421
24faa6d8-803b-43a8-ae34-6dc1d44ca491,JASA PANEN HASIL KEBUN (AYUB),71030800040004,https://fasih-sm.bps.go.id/app/assignment-detail/24faa6d8-803b-43a8-ae34-6dc1d44ca491,201613
25379cc0-3976-42d4-b4e2-ed44db78236e,PENGOLAHAN KOPRA,71030600100001,https://fasih-sm.bps.go.id/app/assignment-detail/25379cc0-3976-42d4-b4e2-ed44db78236e,10421
2565d881-f09f-47ba-88ce-34f603903c88,JUALAN DAUN KEMANGI (DINA DILLY),71031100050004,https://fasih-sm.bps.go.id/app/assignment-detail/2565d881-f09f-47ba-88ce-34f603903c88,301289
2565d881-f09f-47ba-88ce-34f603903c88,PERKEBUNAN PALA (ATRIS SALASA),71031100050004,https://fasih-sm.bps.go.id/app/assignment-detail/2565d881-f09f-47ba-88ce-34f603903c88,101283
25e7a2ff-c895-4392-a604-2cc1e078d86d,FOTO COPY,71030400100001,https://fasih-sm.bps.go.id/app/assignment-detail/25e7a2ff-c895-4392-a604-2cc1e078d86d,82100
265de0a3-afb3-4ccd-a86d-239d7a5a1bf9,PERKEBUNAN (JOKIBER) ,71031000130001,https://fasih-sm.bps.go.id/app/assignment-detail/265de0a3-afb3-4ccd-a86d-239d7a5a1bf9,01261
26a01070-7d4d-4f6a-baae-9ec69d8727e2,USAHA IKAN AIR TAWAR (MARTHINUS),71030910040004,https://fasih-sm.bps.go.id/app/assignment-detail/26a01070-7d4d-4f6a-baae-9ec69d8727e2,03221
27ec7487-2c48-409d-807b-0233e2fc0353,RUMAH MAKAN,71030700020004,https://fasih-sm.bps.go.id/app/assignment-detail/27ec7487-2c48-409d-807b-0233e2fc0353,156101
28f30053-7d1f-4030-9b6a-f1beeb186d43,PERKEBUNAN (RELI SINADIA),71030400060001,https://fasih-sm.bps.go.id/app/assignment-detail/28f30053-7d1f-4030-9b6a-f1beeb186d43,10421
2ab7e0e9-f3f6-4a21-9f7c-88fb151dd9c5,PENJUAL IKAN(INDIYANI PALENDENG),71030910030007,https://fasih-sm.bps.go.id/app/assignment-detail/2ab7e0e9-f3f6-4a21-9f7c-88fb151dd9c5,47215
2cd6d49e-61f3-4348-9492-f7e99e536b29,PENGOLAHAN ROTI (HETRI PANGKE) ,71030500090002,https://fasih-sm.bps.go.id/app/assignment-detail/2cd6d49e-61f3-4348-9492-f7e99e536b29,10710
2d8774f5-5985-488d-a079-5fec07e87201,USAHA PERKEBUNAN PALA (HIWA TONGGENG PONDANG),71030500150001,https://fasih-sm.bps.go.id/app/assignment-detail/2d8774f5-5985-488d-a079-5fec07e87201,101283
2e61d757-c40b-4b37-b6e1-6b278738aea4,TUKANG OJEK KELILING (NOVRAIL) ,71030500120003,https://fasih-sm.bps.go.id/app/assignment-detail/2e61d757-c40b-4b37-b6e1-6b278738aea4,49296
315b5e5b-ba4a-4149-ad34-23fee35b2ab7,ES BATU (ANELINDA SURIANTI MEWAR),71030910040003,https://fasih-sm.bps.go.id/app/assignment-detail/315b5e5b-ba4a-4149-ad34-23fee35b2ab7,35302
31cb3814-c1f6-4d47-bd36-256d1258313f,MENJUAL REMPAH-REMPAH ,71031010020004,https://fasih-sm.bps.go.id/app/assignment-detail/31cb3814-c1f6-4d47-bd36-256d1258313f,47219
32259a05-e2ef-48fc-be5a-6bec8d0a007e,PENJUAL IKAN SEGAR FRANSIN ,71030700020004,https://fasih-sm.bps.go.id/app/assignment-detail/32259a05-e2ef-48fc-be5a-6bec8d0a007e,47215
33438f25-cc35-40eb-a54a-21bd4d902e26,ES BATU (SURIANI),71031000050004,https://fasih-sm.bps.go.id/app/assignment-detail/33438f25-cc35-40eb-a54a-21bd4d902e26,47112
33507589-4bbb-4832-9c29-859a288d08b3,USAHA PERDAGANGAN CILOK MILIK (DITA SETIAWATO) ,71031000110002,https://fasih-sm.bps.go.id/app/assignment-detail/33507589-4bbb-4832-9c29-859a288d08b3,56101
3408aa96-8bd9-4c7b-9463-4d7dd249e93d,UTP TANAMAN PANGAN (NIKLAS UBIS),71031000270001,https://fasih-sm.bps.go.id/app/assignment-detail/3408aa96-8bd9-4c7b-9463-4d7dd249e93d,201139
355befda-faae-4423-8503-6b458f2473c6,KOPRA (SUPRIANTO MADUNDANG),71031010020003,https://fasih-sm.bps.go.id/app/assignment-detail/355befda-faae-4423-8503-6b458f2473c6,10421
361599c3-bde9-49a8-b3d3-6d2fb022e085,SERVICE PERABOTAN (ALI),71030900110001,https://fasih-sm.bps.go.id/app/assignment-detail/361599c3-bde9-49a8-b3d3-6d2fb022e085,495299
37370e9f-3b9a-4446-a00b-8393c74e773c,USAHA PEMBUATAN ES LILIN (HILDEGARDIS JENIRE),71030910050007,https://fasih-sm.bps.go.id/app/assignment-detail/37370e9f-3b9a-4446-a00b-8393c74e773c,10504
37370e9f-3b9a-4446-a00b-8393c74e773c,USAHA PERDAGANGAN ES LILIN (HILDEGARDIS JENIRE),71030910050007,https://fasih-sm.bps.go.id/app/assignment-detail/37370e9f-3b9a-4446-a00b-8393c74e773c,47249
384dc265-d8a5-4325-850e-64326ad835fd,UTP PENGOLAHAN KOPRA (NIKO DEMUS MAMADOA),71030700100001,https://fasih-sm.bps.go.id/app/assignment-detail/384dc265-d8a5-4325-850e-64326ad835fd,10421
38a6c465-8634-4e93-ac4e-0776f2be4d35,DEPOT IMANUEL (JOHANIS GERIED BAWELLE),71030910040006,https://fasih-sm.bps.go.id/app/assignment-detail/38a6c465-8634-4e93-ac4e-0776f2be4d35,11052
3a83d80a-b5b0-4592-a96b-4ba662b37247,INDUSTRI KOPRA (MURSALING) ,71031000030001,https://fasih-sm.bps.go.id/app/assignment-detail/3a83d80a-b5b0-4592-a96b-4ba662b37247,10421
3a83d80a-b5b0-4592-a96b-4ba662b37247,PERKEBUNAN PALA (MURSALING) ,71031000030001,https://fasih-sm.bps.go.id/app/assignment-detail/3a83d80a-b5b0-4592-a96b-4ba662b37247,01283
3af26e10-5054-4bcc-89bd-502f290bbfa0,INDUSTRI KOPRA (JABUR),71031000100002,https://fasih-sm.bps.go.id/app/assignment-detail/3af26e10-5054-4bcc-89bd-502f290bbfa0,110421
3b450d29-e884-4390-bdaf-74227ea0475f,JASA ANGKUT PENUMPANG (AKSON),71030800030002,https://fasih-sm.bps.go.id/app/assignment-detail/3b450d29-e884-4390-bdaf-74227ea0475f,49214
3c77b24e-3ac0-4fe1-a808-4ed3bcfca4f4,TAHU SAWANG,71030900110009,https://fasih-sm.bps.go.id/app/assignment-detail/3c77b24e-3ac0-4fe1-a808-4ed3bcfca4f4,110308
3cb90e45-acd3-49c5-af02-fed948c82aaf,INDUSTRI KOPRA(RUSMAN),71031000250002,https://fasih-sm.bps.go.id/app/assignment-detail/3cb90e45-acd3-49c5-af02-fed948c82aaf,10421
3cb90e45-acd3-49c5-af02-fed948c82aaf,WARUNG SEMBAKO(YULIANTI),71031000250002,https://fasih-sm.bps.go.id/app/assignment-detail/3cb90e45-acd3-49c5-af02-fed948c82aaf,47112
3cddd867-4093-4093-87e7-3566a15de64b,KOPRA ( PENGASIHAN MANGALENGKANG),71030800120002,https://fasih-sm.bps.go.id/app/assignment-detail/3cddd867-4093-4093-87e7-3566a15de64b,10421
3d0e3ded-139b-405d-a092-bf4f59c06a99,PENAMBANG PASIR (NOPLIN),71031000120001,https://fasih-sm.bps.go.id/app/assignment-detail/3d0e3ded-139b-405d-a092-bf4f59c06a99,08104
3d65f38d-7389-4377-be1c-f071a73fc01d,PERKEBUNAN PALA (BOSMAN),71030800020002,https://fasih-sm.bps.go.id/app/assignment-detail/3d65f38d-7389-4377-be1c-f071a73fc01d,01283
3e832049-1a3a-4392-8618-f8104303f26c,USAHA KOPRA,71031000090007,https://fasih-sm.bps.go.id/app/assignment-detail/3e832049-1a3a-4392-8618-f8104303f26c,10421
3e832049-1a3a-4392-8618-f8104303f26c,USAHA PETERNAKAN,71031000090007,https://fasih-sm.bps.go.id/app/assignment-detail/3e832049-1a3a-4392-8618-f8104303f26c,01450
4001a897-8620-4921-acc4-e608ba4ed641,MENJUAL KOPI BUBUK KAMPUNG (RUSMIATI PONTOWUISANG),71031000230003,https://fasih-sm.bps.go.id/app/assignment-detail/4001a897-8620-4921-acc4-e608ba4ed641,47243
400d672f-29e3-4f1f-aa74-0c95f1652918,PENGGERGAJIAN KAYU (ADRIANUS) ,71031000130003,https://fasih-sm.bps.go.id/app/assignment-detail/400d672f-29e3-4f1f-aa74-0c95f1652918,16101
40df986a-3f49-4466-b0ac-eeb28916ea78,PEMBUAT KUE BASAH,71030400110002,https://fasih-sm.bps.go.id/app/assignment-detail/40df986a-3f49-4466-b0ac-eeb28916ea78,110792
41538101-7c37-47ff-ac3a-3f50c42e3706,KIOS SEMBAKO ( SELVI ),71030700060002,https://fasih-sm.bps.go.id/app/assignment-detail/41538101-7c37-47ff-ac3a-3f50c42e3706,47112
4161ff94-4540-4c83-b270-0fbe82844b74,PENYEWAAN AULA ( YESAYA OKTAVIANUS TENGKUE),71030800120001,https://fasih-sm.bps.go.id/app/assignment-detail/4161ff94-4540-4c83-b270-0fbe82844b74,168124
41e39cfd-5ec8-4e52-adfd-f59d2de387c4,INDUSTRI KOPRA (ARGAN TAMAPEKU),71030400070001,https://fasih-sm.bps.go.id/app/assignment-detail/41e39cfd-5ec8-4e52-adfd-f59d2de387c4,101283
41e39cfd-5ec8-4e52-adfd-f59d2de387c4,TANAMAN PANGAN (ARGAN TAMAPEKU),71030400070001,https://fasih-sm.bps.go.id/app/assignment-detail/41e39cfd-5ec8-4e52-adfd-f59d2de387c4,101135
43c75c93-9a8b-4e0d-9f1e-55c0ceb85136,PERKEBUNAN (YETMANDA),71031000140005,https://fasih-sm.bps.go.id/app/assignment-detail/43c75c93-9a8b-4e0d-9f1e-55c0ceb85136,01261
44b18183-73fe-4b50-ba23-52dadd0409d7,INDUSTRI KOPRA <ABDAL MAHARUNG>,71031000200002,https://fasih-sm.bps.go.id/app/assignment-detail/44b18183-73fe-4b50-ba23-52dadd0409d7,10421
45cf44fc-28c9-48ee-bcc6-a6bc9d12ecbb,PERKEBUNAN PALA (LAZARUS HONTONG),71030500110001,https://fasih-sm.bps.go.id/app/assignment-detail/45cf44fc-28c9-48ee-bcc6-a6bc9d12ecbb,01283
46374c40-19fc-4b0e-abfc-5c4a5090a013,KIOS BERKAT,71030900120002,https://fasih-sm.bps.go.id/app/assignment-detail/46374c40-19fc-4b0e-abfc-5c4a5090a013,447219
465f6d76-4a8c-463b-9291-607cbd20a2b4,KOS KOSAN (JUNIATY TAKALAMINGAN),71030910080002,https://fasih-sm.bps.go.id/app/assignment-detail/465f6d76-4a8c-463b-9291-607cbd20a2b4,155201
469c68ca-4a0e-4375-b656-c306c50edf32,INDUSTRI KOPRA (SEBEDEUS DAMALANG) ,71030920050003,https://fasih-sm.bps.go.id/app/assignment-detail/469c68ca-4a0e-4375-b656-c306c50edf32,10421
469dbadc-e9c5-46aa-a690-a7c74d155596,PERIKANAN TANGKAP (LEVINUS),71030800020005,https://fasih-sm.bps.go.id/app/assignment-detail/469dbadc-e9c5-46aa-a690-a7c74d155596,03110
469dbadc-e9c5-46aa-a690-a7c74d155596,TUKANG PEMBUAT PERAHU (LEVINUS),71030800020005,https://fasih-sm.bps.go.id/app/assignment-detail/469dbadc-e9c5-46aa-a690-a7c74d155596,30111
470b8bb9-31e1-4c1e-a531-c77497e8c1cf,UTP PERIKANAN (GANAP PETONENGAN) ,71030410010001,https://fasih-sm.bps.go.id/app/assignment-detail/470b8bb9-31e1-4c1e-a531-c77497e8c1cf,03110
476e29fb-0998-4cd1-95fd-1cbccb078672,INDUSTRI KOPRA (JOSEP),71030620010006,https://fasih-sm.bps.go.id/app/assignment-detail/476e29fb-0998-4cd1-95fd-1cbccb078672,10421
47797713-1667-4e5f-83a3-a9116da85451,JUAL REMPAH-REMPAH (ALMA),71030500050004,https://fasih-sm.bps.go.id/app/assignment-detail/47797713-1667-4e5f-83a3-a9116da85451,47219
486a2a28-8fc8-48fa-b55a-96bcbe371376,JASA ANGKUT BAGASI (EDI BAWONDES),71030900070001,https://fasih-sm.bps.go.id/app/assignment-detail/486a2a28-8fc8-48fa-b55a-96bcbe371376,252240
489dc7d6-4a73-4ee1-a121-440cbb60c3d8,INDUSTRI KOPRA (BIKMAR RADING) ,71030410010001,https://fasih-sm.bps.go.id/app/assignment-detail/489dc7d6-4a73-4ee1-a121-440cbb60c3d8,10421
489dc7d6-4a73-4ee1-a121-440cbb60c3d8,PERKEBUNAN (BIKMAR RADING) ,71030410010001,https://fasih-sm.bps.go.id/app/assignment-detail/489dc7d6-4a73-4ee1-a121-440cbb60c3d8,01261
48df623a-c4a8-4d2c-93ff-295879ca46dc,PERDAGANGAN PAKAIAN (JUFRI BASIRU),71030500110001,https://fasih-sm.bps.go.id/app/assignment-detail/48df623a-c4a8-4d2c-93ff-295879ca46dc,47711
49ca5d29-6540-4142-a64b-253c1f770a67,PENANGKAPAN IKAN (SUPRATMAN),71031010010002,https://fasih-sm.bps.go.id/app/assignment-detail/49ca5d29-6540-4142-a64b-253c1f770a67,03110
4a4bd68b-69c6-4b22-91d7-3a268a18dc6b,PERTANIAN HOLTIKULTURA (LINECHER) ,71031000040003,https://fasih-sm.bps.go.id/app/assignment-detail/4a4bd68b-69c6-4b22-91d7-3a268a18dc6b,01138
4a4dafe1-7b00-4df7-bdc0-62a59df52f68,PERDAGANGAN KUE BASAH (ERNAWATI LAKADA),71030800030001,https://fasih-sm.bps.go.id/app/assignment-detail/4a4dafe1-7b00-4df7-bdc0-62a59df52f68,47242
4bc75eb3-43e1-4b6a-af59-56485bd57c3d,USAHA TANAMAN PANGAN( SUMARNI MENGGASA),71030920020002,https://fasih-sm.bps.go.id/app/assignment-detail/4bc75eb3-43e1-4b6a-af59-56485bd57c3d,01135
4bc75eb3-43e1-4b6a-af59-56485bd57c3d,USAHA BELI PALA (SUMARNI MENGGASA),71030920020002,https://fasih-sm.bps.go.id/app/assignment-detail/4bc75eb3-43e1-4b6a-af59-56485bd57c3d,01283
4bc75eb3-43e1-4b6a-af59-56485bd57c3d,PETERNAKAN ( SUMARNI MENGGASA),71030920020002,https://fasih-sm.bps.go.id/app/assignment-detail/4bc75eb3-43e1-4b6a-af59-56485bd57c3d,01463
4c3836c3-9797-4906-97d7-7686db1152bd,ANGKUTAN BARANG (MARZUKI) ,71031000130001,https://fasih-sm.bps.go.id/app/assignment-detail/4c3836c3-9797-4906-97d7-7686db1152bd,49231
4dcf6ad3-1de1-4314-88ee-e82168a70642,PENDULANGAN EMAS <JOHAN>,71030620010004,https://fasih-sm.bps.go.id/app/assignment-detail/4dcf6ad3-1de1-4314-88ee-e82168a70642,07221
4f3fe568-9660-4960-a29a-a061cc92e35c,PERTANIAN UBI KAYU (MARNES),71030500040004,https://fasih-sm.bps.go.id/app/assignment-detail/4f3fe568-9660-4960-a29a-a061cc92e35c,01135
50c196d8-2395-4050-a707-c6a31dabb04a,TANAMAN PANGAN MARKUS,71030920010004,https://fasih-sm.bps.go.id/app/assignment-detail/50c196d8-2395-4050-a707-c6a31dabb04a,101135
50c196d8-2395-4050-a707-c6a31dabb04a,PEDAGANG UBI KAYU DAN SAYURAN SIENTJE,71030920010004,https://fasih-sm.bps.go.id/app/assignment-detail/50c196d8-2395-4050-a707-c6a31dabb04a,447219
50c196d8-2395-4050-a707-c6a31dabb04a,PERKEBUNAN PALA MARKUS,71030920010004,https://fasih-sm.bps.go.id/app/assignment-detail/50c196d8-2395-4050-a707-c6a31dabb04a,101283
50c479a3-86a9-4947-8f89-c5d6cf5b3c53,TANAMAN PANGAN ,71031000110004,https://fasih-sm.bps.go.id/app/assignment-detail/50c479a3-86a9-4947-8f89-c5d6cf5b3c53,01139
51318920-683f-416b-b70b-5dbc839d2ec5,PERKEBUNAN PALA (YENNI MARTHIVINE MANDIK),71030800070001,https://fasih-sm.bps.go.id/app/assignment-detail/51318920-683f-416b-b70b-5dbc839d2ec5,01283
514ea901-0b5f-49ab-84b5-34bd5d62d3be,MENJUAL IKAN (MASITA MANDAK),71031000230003,https://fasih-sm.bps.go.id/app/assignment-detail/514ea901-0b5f-49ab-84b5-34bd5d62d3be,147215
53ba5012-bb20-4505-863e-f5ee0b161928,KUE BASAH (HANNA PORAYOU),71031000210002,https://fasih-sm.bps.go.id/app/assignment-detail/53ba5012-bb20-4505-863e-f5ee0b161928,47242
53e34edc-23e7-488b-bac7-f57560c0b05e,WARUNG SEMBAKO (BERWIN SAMALAM) ,71031100020003,https://fasih-sm.bps.go.id/app/assignment-detail/53e34edc-23e7-488b-bac7-f57560c0b05e,47243
53e90f84-ec7a-46e6-8ffd-53f415d7f5ba,PERKEBUNAN KELAPA (ANWAR),71031000020003,https://fasih-sm.bps.go.id/app/assignment-detail/53e90f84-ec7a-46e6-8ffd-53f415d7f5ba,101261
554cd139-c6b6-49e9-a4ce-c26cae3bc2b2,MENANGKAP IKAN (PAULUS TONENGAN) ,71030410070001,https://fasih-sm.bps.go.id/app/assignment-detail/554cd139-c6b6-49e9-a4ce-c26cae3bc2b2,03110
554cd139-c6b6-49e9-a4ce-c26cae3bc2b2,MENJUAL IKAN (TANS POGES) ,71030410070001,https://fasih-sm.bps.go.id/app/assignment-detail/554cd139-c6b6-49e9-a4ce-c26cae3bc2b2,47215
55e90d97-3163-49b9-b219-11a3e098cbd5,MENJUAL SAYUR PAKIS (NAJMIN),71031000250001,https://fasih-sm.bps.go.id/app/assignment-detail/55e90d97-3163-49b9-b219-11a3e098cbd5,47219
56718303-df65-4511-8297-3818556cfa41,WARUNG (ANITJE MANUMPIL),71030900070001,https://fasih-sm.bps.go.id/app/assignment-detail/56718303-df65-4511-8297-3818556cfa41,247112
571d57ec-aabe-4a9e-b23c-842c016cdbf2,WARUNG KELONTONG,71031000040001,https://fasih-sm.bps.go.id/app/assignment-detail/571d57ec-aabe-4a9e-b23c-842c016cdbf2,47112
571d57ec-aabe-4a9e-b23c-842c016cdbf2,Perkebunan <fitrawani tonote>,71031000040001,https://fasih-sm.bps.go.id/app/assignment-detail/571d57ec-aabe-4a9e-b23c-842c016cdbf2,01261
5774d4ca-1a04-4f65-9485-ebe96c41caa8,THE BOBS (SEWA PS),71030900070003,https://fasih-sm.bps.go.id/app/assignment-detail/5774d4ca-1a04-4f65-9485-ebe96c41caa8,477210
57b8c5b7-4a03-4b0b-9408-757595924add,UTP PERIKANAN (NESTOR MALUNTO) ,71030920050001,https://fasih-sm.bps.go.id/app/assignment-detail/57b8c5b7-4a03-4b0b-9408-757595924add,03110
57e45618-cfc9-4f19-b77a-403989e4c136,PERTANIAN PETERNAKAN ( ANDRIS MANGENDAI ),71030700180001,https://fasih-sm.bps.go.id/app/assignment-detail/57e45618-cfc9-4f19-b77a-403989e4c136,01464
58cff5d9-22a9-4658-811a-df4fa422edbf,MEMANCING IKAN,71030910020002,https://fasih-sm.bps.go.id/app/assignment-detail/58cff5d9-22a9-4658-811a-df4fa422edbf,47215
5909de64-376a-4f44-bca9-918dd7752186,WARUNG SEMBAKO ( IMELDA),71031100050001,https://fasih-sm.bps.go.id/app/assignment-detail/5909de64-376a-4f44-bca9-918dd7752186,147112
59540eee-95cb-472c-adb8-212218faf94e,AGENT BRILINK (LIDIA ANGELA MANGIDOR),71030500110001,https://fasih-sm.bps.go.id/app/assignment-detail/59540eee-95cb-472c-adb8-212218faf94e,66141
59f0c067-a4e0-4eec-a1d3-fc3f2c266496,WARUNG SEMBAKO ( YOHANA),71031100020002,https://fasih-sm.bps.go.id/app/assignment-detail/59f0c067-a4e0-4eec-a1d3-fc3f2c266496,147112
5c9c53e8-a5d8-454c-af57-dc01bb32dc19,INDUSTRI KOPRA (FEBRIANIS MASMUR),71031000270002,https://fasih-sm.bps.go.id/app/assignment-detail/5c9c53e8-a5d8-454c-af57-dc01bb32dc19,10421
5d2e3f48-b35e-4e91-ab16-cfc4ec6f016f,JASA LAYANAN KEAGAMAAN,71030920010002,https://fasih-sm.bps.go.id/app/assignment-detail/5d2e3f48-b35e-4e91-ab16-cfc4ec6f016f,194910
5e588105-97ff-446d-b0bf-33f75b08bc47,PETERNAKAN AYAM KAMPUNG (FETRIDYA KANSIL),71030500200001,https://fasih-sm.bps.go.id/app/assignment-detail/5e588105-97ff-446d-b0bf-33f75b08bc47,101464
60dae593-cfd9-4fa1-ae97-c4da482692d6,USAHA FASHION(RR SHOOP),71031000250001,https://fasih-sm.bps.go.id/app/assignment-detail/60dae593-cfd9-4fa1-ae97-c4da482692d6,47711
611b3767-bd53-4aae-b798-42e37d4fd6df,MENJUAL IKAN KELILING ( KANFAS) ( RIDWAN) ,71030910030005,https://fasih-sm.bps.go.id/app/assignment-detail/611b3767-bd53-4aae-b798-42e37d4fd6df,47215
61af2881-d55f-43aa-941a-e77894764913,Ternak ayam ( Junus) ,71030500060002,https://fasih-sm.bps.go.id/app/assignment-detail/61af2881-d55f-43aa-941a-e77894764913,101464
62141d42-7257-4f35-9aca-f212c6087f78,PENGOLAHAN ROTI (ELISE BULAHARI),71030500120001,https://fasih-sm.bps.go.id/app/assignment-detail/62141d42-7257-4f35-9aca-f212c6087f78,110710
62141d42-7257-4f35-9aca-f212c6087f78,PERKEBUNAN PALA (PUDENS BULAHARI),71030500120001,https://fasih-sm.bps.go.id/app/assignment-detail/62141d42-7257-4f35-9aca-f212c6087f78,101283
62ffa4fb-b797-477c-b67e-271c832d8203,Perikanan Tangkap (Ayub),71030500040004,https://fasih-sm.bps.go.id/app/assignment-detail/62ffa4fb-b797-477c-b67e-271c832d8203,03110
6351cd88-2faa-47c4-b994-f4ad9e37997d,USAHA RUMAH MAKAN (STEVY LINOGI),71030800080002,https://fasih-sm.bps.go.id/app/assignment-detail/6351cd88-2faa-47c4-b994-f4ad9e37997d,56101
63f39c71-6256-4c9c-a433-dd5442745cdb,USAHA JUAL LAMPU LAMPU SEPTINA POTO,71030700060003,https://fasih-sm.bps.go.id/app/assignment-detail/63f39c71-6256-4c9c-a433-dd5442745cdb,10792
64644268-e72b-47f0-973e-6fd67505aebc,MENJUAL SKINCARE ( IVANA LUMESANG ),71030620010002,https://fasih-sm.bps.go.id/app/assignment-detail/64644268-e72b-47f0-973e-6fd67505aebc,47724
65088134-642c-4fff-bc49-20835ffbd6fd,DEPOT AIR(FIRLI MADONSA),71030910030007,https://fasih-sm.bps.go.id/app/assignment-detail/65088134-642c-4fff-bc49-20835ffbd6fd,11052
66ea2357-0a80-49ec-a7b2-3b3d699dec64,PERKEBUNAN (KARDO JANIS),71031000020001,https://fasih-sm.bps.go.id/app/assignment-detail/66ea2357-0a80-49ec-a7b2-3b3d699dec64,01261
670a778a-f391-4209-b7b1-52952ba937a8,UTP PERKEBUNAN KELAPA (PRENSNER HARINDAH) ,71030700130001,https://fasih-sm.bps.go.id/app/assignment-detail/670a778a-f391-4209-b7b1-52952ba937a8,101261
670a778a-f391-4209-b7b1-52952ba937a8,INDUSTRI KOPRA (PRENSNER HARINDAH) ,71030700130001,https://fasih-sm.bps.go.id/app/assignment-detail/670a778a-f391-4209-b7b1-52952ba937a8,110421
67b65829-4de8-4bbd-9c74-88c46515fe24,PERKEBUNAN SAYUR DAN BUAH PISANG ,71030410060001,https://fasih-sm.bps.go.id/app/assignment-detail/67b65829-4de8-4bbd-9c74-88c46515fe24,01134
67baa027-feb6-47c7-a20e-61bebcaa94ca,USAHA PERKEBUNAN KELAPA (MAURITS KARAENG) ,71030800050001,https://fasih-sm.bps.go.id/app/assignment-detail/67baa027-feb6-47c7-a20e-61bebcaa94ca,101261
6886c183-3395-41dd-aae2-559ed651e273,USAHA ES MIRANDA,71030610020001,https://fasih-sm.bps.go.id/app/assignment-detail/6886c183-3395-41dd-aae2-559ed651e273,10503
699f28d4-8e06-4d18-b960-79dad22a8f70,JASA PANJAT KELAPA,71030920060001,https://fasih-sm.bps.go.id/app/assignment-detail/699f28d4-8e06-4d18-b960-79dad22a8f70,01613
6b644c10-7d56-43b0-b5eb-a0f24748a447,PERDAGANGAN IKAN,71031020030001,https://fasih-sm.bps.go.id/app/assignment-detail/6b644c10-7d56-43b0-b5eb-a0f24748a447,47215
6c9f7672-aa20-457e-8b95-38fdc3133e57,PERKEBUNAN (ADHA TAMPILANG),71031000030003,https://fasih-sm.bps.go.id/app/assignment-detail/6c9f7672-aa20-457e-8b95-38fdc3133e57,101261
6d5e8b04-bb83-4d85-8416-1223dccaf80c,INDUSTRI KOPRA ( MUHAMMAD HIBEY ),71031000040001,https://fasih-sm.bps.go.id/app/assignment-detail/6d5e8b04-bb83-4d85-8416-1223dccaf80c,10421
6f6b6b2c-462c-43f6-8cac-676eddb5f964,KUE BASAH (ADRIANTI MEYTHA),71030900140008,https://fasih-sm.bps.go.id/app/assignment-detail/6f6b6b2c-462c-43f6-8cac-676eddb5f964,10792
6f8a764a-f93d-43fe-b473-f70df691dc05,USAHA PERLENGKAPAN DUKA DAN KARANGAN BUNGA (MARTHINUS MAKAWATA),71030900130008,https://fasih-sm.bps.go.id/app/assignment-detail/6f8a764a-f93d-43fe-b473-f70df691dc05,132903
6f9295a8-b441-40af-b196-4025252dbe9a,PENGOLAHAN KOPRA (NELMAN),71030600090003,https://fasih-sm.bps.go.id/app/assignment-detail/6f9295a8-b441-40af-b196-4025252dbe9a,10421
705a8610-2280-4e01-8470-d543fff252ca,KUE BASAH (YULIANA MAMAMOBA),71030700020001,https://fasih-sm.bps.go.id/app/assignment-detail/705a8610-2280-4e01-8470-d543fff252ca,10792
71536014-0de7-49bf-b027-eba42b7ea1f3,USAHA PALA FERRI EMPING,71030400170002,https://fasih-sm.bps.go.id/app/assignment-detail/71536014-0de7-49bf-b027-eba42b7ea1f3,01283
7183c472-f2a4-45cc-9077-6ba0a16a335b,USAHA ES KRIM KELILING (AGUS HUSAIN) ,71031100030004,https://fasih-sm.bps.go.id/app/assignment-detail/7183c472-f2a4-45cc-9077-6ba0a16a335b,56102
71c1d657-d0f3-4f8e-b13c-1bd9919bd8c6,KIOS SEMBAKO KORIN,71030600130002,https://fasih-sm.bps.go.id/app/assignment-detail/71c1d657-d0f3-4f8e-b13c-1bd9919bd8c6,47112
72bb7fe9-5a35-4f12-9232-0c242ad1654a,PENJUALAN SAPU LIDI (MARLINCE LANONGBUKA),71030700170002,https://fasih-sm.bps.go.id/app/assignment-detail/72bb7fe9-5a35-4f12-9232-0c242ad1654a,47599
73a0499b-0b40-40b0-9c62-b7f92360e16e,PERKEBUNAN PALA (SETIANA),71030800030001,https://fasih-sm.bps.go.id/app/assignment-detail/73a0499b-0b40-40b0-9c62-b7f92360e16e,01283
73a0499b-0b40-40b0-9c62-b7f92360e16e,WARUNG SEMBAKO (SETIANA),71030800030001,https://fasih-sm.bps.go.id/app/assignment-detail/73a0499b-0b40-40b0-9c62-b7f92360e16e,47112
743998ad-49ed-4bc7-9ef0-f82051fb4e02,Pedagang ikan keliling,71030920020004,https://fasih-sm.bps.go.id/app/assignment-detail/743998ad-49ed-4bc7-9ef0-f82051fb4e02,47215
757093db-9f02-4eba-8262-cb9be10e9d62,TANAMAN PANGAN (RAHEL) ,71031100060001,https://fasih-sm.bps.go.id/app/assignment-detail/757093db-9f02-4eba-8262-cb9be10e9d62,01139
7640e15c-f82c-403f-8560-9c90044ec103,WARUNG SEMBAKO (OLIVIA),71030900130010,https://fasih-sm.bps.go.id/app/assignment-detail/7640e15c-f82c-403f-8560-9c90044ec103,47112
764ee9a3-aa49-42ee-b50b-74c033d2ed13,USAHA BELI PALA ENJELINA,71030920050009,https://fasih-sm.bps.go.id/app/assignment-detail/764ee9a3-aa49-42ee-b50b-74c033d2ed13,47219
764ee9a3-aa49-42ee-b50b-74c033d2ed13,USAHA JUAL VOUCHER ENJELINA,71030920050009,https://fasih-sm.bps.go.id/app/assignment-detail/764ee9a3-aa49-42ee-b50b-74c033d2ed13,61201
76b81dd8-d705-402a-a200-8b81ca2f8cea,SPPG MALA MANGANITU,71030800080002,https://fasih-sm.bps.go.id/app/assignment-detail/76b81dd8-d705-402a-a200-8b81ca2f8cea,56290
76e7ba6b-815a-404f-a104-314ea1e078e4,MENJUAL IKANG MENTAH,71030900070011,https://fasih-sm.bps.go.id/app/assignment-detail/76e7ba6b-815a-404f-a104-314ea1e078e4,147215
7705d543-1989-4fcf-bd06-de666ff5ef5c,REPARASI MOBIL(ABDUL MARDJAN),71030910030007,https://fasih-sm.bps.go.id/app/assignment-detail/7705d543-1989-4fcf-bd06-de666ff5ef5c,95311
7705d543-1989-4fcf-bd06-de666ff5ef5c,PENJUAL KUE BASAH(HASNA PONI),71030910030007,https://fasih-sm.bps.go.id/app/assignment-detail/7705d543-1989-4fcf-bd06-de666ff5ef5c,47242
772c72a9-a682-49ac-9dc7-8058b2c6534a,MENGELOLAH KELAPA MENJADI KOPRA ,71030610090002,https://fasih-sm.bps.go.id/app/assignment-detail/772c72a9-a682-49ac-9dc7-8058b2c6534a,01261
772c72a9-a682-49ac-9dc7-8058b2c6534a,MENANAM CABAI RAWIT ,71030610090002,https://fasih-sm.bps.go.id/app/assignment-detail/772c72a9-a682-49ac-9dc7-8058b2c6534a,01138
777fae9e-38ff-4418-b9a5-1d87387f394d,INDUSTRI KUE BASAH (NOVY CECILIA MATAHARI),71030600140004,https://fasih-sm.bps.go.id/app/assignment-detail/777fae9e-38ff-4418-b9a5-1d87387f394d,110792
790d2c3c-bddc-48b4-93f8-a1ccc9804dbb,UTP PENANGKAPAN IKAN (WALTER TAKALIUANG PETONENGAN) ,71030410010001,https://fasih-sm.bps.go.id/app/assignment-detail/790d2c3c-bddc-48b4-93f8-a1ccc9804dbb,03110
790d2c3c-bddc-48b4-93f8-a1ccc9804dbb,MENJUAL IKAN (DORKAS FRANS) ,71030410010001,https://fasih-sm.bps.go.id/app/assignment-detail/790d2c3c-bddc-48b4-93f8-a1ccc9804dbb,47215
79bfe853-8ca4-4150-b5f8-393c100e0ec1,DEPOT AIR MINUM ( JOHANIS),71031100050002,https://fasih-sm.bps.go.id/app/assignment-detail/79bfe853-8ca4-4150-b5f8-393c100e0ec1,11052
7a0cd390-c723-40fb-bec2-54cfd8735289,Industri kopra(abram pelongan),71030800130001,https://fasih-sm.bps.go.id/app/assignment-detail/7a0cd390-c723-40fb-bec2-54cfd8735289,10421
7a353eec-8166-431e-888e-67286cc0a752,POP ICE OKTAVIA,71030900140004,https://fasih-sm.bps.go.id/app/assignment-detail/7a353eec-8166-431e-888e-67286cc0a752,156304
7a4b7093-c690-49c1-9263-290aa8ef45eb,PERKEBUNAN KELAPA (GLAUCUS),71031000020001,https://fasih-sm.bps.go.id/app/assignment-detail/7a4b7093-c690-49c1-9263-290aa8ef45eb,01261
7a4b7093-c690-49c1-9263-290aa8ef45eb,MESIN JAHIT (RATNAWATI),71031000020001,https://fasih-sm.bps.go.id/app/assignment-detail/7a4b7093-c690-49c1-9263-290aa8ef45eb,96400
7ab0ec2f-9798-4ea5-ae53-0880b09d7132,JASA ANGKUT BARANG (JACK),71030900140007,https://fasih-sm.bps.go.id/app/assignment-detail/7ab0ec2f-9798-4ea5-ae53-0880b09d7132,52291
7ccbb186-3e61-4231-8545-793ae48e3249,PANGKAS RAMBUT (HERDIANTO DESWARD LABIA),71030600140003,https://fasih-sm.bps.go.id/app/assignment-detail/7ccbb186-3e61-4231-8545-793ae48e3249,196210
7d42a3d4-3e93-4ad4-87c1-a00beeadd898,INDUSTRI PENGOLAHAN KOPRA (SEM DARISA) ,71031100020004,https://fasih-sm.bps.go.id/app/assignment-detail/7d42a3d4-3e93-4ad4-87c1-a00beeadd898,10421
7d42a3d4-3e93-4ad4-87c1-a00beeadd898,JUAL KUE BASAH (YUNITA DAMAL) ,71031100020004,https://fasih-sm.bps.go.id/app/assignment-detail/7d42a3d4-3e93-4ad4-87c1-a00beeadd898,110792
7e9f4e05-44e3-4c9d-bd20-6fff9e5600e2,JUAL SAYUR (STRULY MANANGKODA),71030600140003,https://fasih-sm.bps.go.id/app/assignment-detail/7e9f4e05-44e3-4c9d-bd20-6fff9e5600e2,147213
7ea3e3ed-6d22-486c-80c1-b8914c8fd984,Pengolahan kelapa menjadi kopra,71030700160002,https://fasih-sm.bps.go.id/app/assignment-detail/7ea3e3ed-6d22-486c-80c1-b8914c8fd984,10421
7fdf2612-d8db-4a15-ad81-aafc87885eba,WARUNG SEMBAKO (DINCE LAHEA),71030800060003,https://fasih-sm.bps.go.id/app/assignment-detail/7fdf2612-d8db-4a15-ad81-aafc87885eba,47112
802e3027-6c38-491b-b215-e3f0b3d8cd71,PERKEBUNAN PALA (YOHANIS) ,71031000060004,https://fasih-sm.bps.go.id/app/assignment-detail/802e3027-6c38-491b-b215-e3f0b3d8cd71,01283
802e3027-6c38-491b-b215-e3f0b3d8cd71,INDUSTRI KOPRA (YOHANIS,71031000060004,https://fasih-sm.bps.go.id/app/assignment-detail/802e3027-6c38-491b-b215-e3f0b3d8cd71,10421
81c15138-07de-41ed-9b35-792065a6db25,MENJUAL IKAN(DESTRINCE),71031010050001,https://fasih-sm.bps.go.id/app/assignment-detail/81c15138-07de-41ed-9b35-792065a6db25,47215
841c53a5-8572-4e19-b931-03383390d17d,PERIKANAN TANGKAP (JUMAIKEL HONTONGLALIU),71031010020003,https://fasih-sm.bps.go.id/app/assignment-detail/841c53a5-8572-4e19-b931-03383390d17d,03110
85d5e8a0-b9e4-44fd-af70-f74056a9e94c,JUAL BELI ARANG TEMPURUNG MILIK ONLY PENU,71031000110004,https://fasih-sm.bps.go.id/app/assignment-detail/85d5e8a0-b9e4-44fd-af70-f74056a9e94c,20115
8621e3ed-380b-4fc5-b82b-a30dba4fd2af,WARUNG SAYUR (MARCE) ,71031000240001,https://fasih-sm.bps.go.id/app/assignment-detail/8621e3ed-380b-4fc5-b82b-a30dba4fd2af,47213
864c0b63-6143-47a1-8681-952aa353ac9d,USAHA SERVICE SOUND SYSTEM (RENDY GUSTAFIANUS MANGANGGUNG) ,71030800050001,https://fasih-sm.bps.go.id/app/assignment-detail/864c0b63-6143-47a1-8681-952aa353ac9d,195210
8751ef5c-5a5f-4552-93b6-fe1000432505,USAHA KOPRA (YUSRAN TAKAWEIAN) ,71031000110002,https://fasih-sm.bps.go.id/app/assignment-detail/8751ef5c-5a5f-4552-93b6-fe1000432505,10421
87cf5f2c-9f8a-431e-9a8b-1a7a5d515bb7,USAHA JUAL BENSIN (JULIANDRI ELIAS HADJU),71030800050003,https://fasih-sm.bps.go.id/app/assignment-detail/87cf5f2c-9f8a-431e-9a8b-1a7a5d515bb7,247302
87da78ff-f2c9-4c78-95f6-c5b3dbb17c1e,PETERNAKAN AYAM PHILIPPINES (RIFKY) ,71031100010001,https://fasih-sm.bps.go.id/app/assignment-detail/87da78ff-f2c9-4c78-95f6-c5b3dbb17c1e,01461
87da78ff-f2c9-4c78-95f6-c5b3dbb17c1e,USAHA STARLINK (RIFKY) ,71031100010001,https://fasih-sm.bps.go.id/app/assignment-detail/87da78ff-f2c9-4c78-95f6-c5b3dbb17c1e,61201
8817e7bf-9acd-4612-bf72-860e38958ace,UPT PALA EFNI LIMPONG,71030400170002,https://fasih-sm.bps.go.id/app/assignment-detail/8817e7bf-9acd-4612-bf72-860e38958ace,01283
8817e7bf-9acd-4612-bf72-860e38958ace,Usaha Kopra Efni Limpong,71030400170002,https://fasih-sm.bps.go.id/app/assignment-detail/8817e7bf-9acd-4612-bf72-860e38958ace,10421
89bec6b4-c58f-43bd-b06d-9329ea2ad1a9,PERIKANAN JUMAEDI TAMAPEKU,71030400160002,https://fasih-sm.bps.go.id/app/assignment-detail/89bec6b4-c58f-43bd-b06d-9329ea2ad1a9,03110
8acf8213-6f02-4356-bde9-4ffbac2ab801,KOS - KOSAN (MEIZON S MASALAMATE) ,71030800110004,https://fasih-sm.bps.go.id/app/assignment-detail/8acf8213-6f02-4356-bde9-4ffbac2ab801,255909
8b041eb7-062b-4418-8372-ed9c45d3e73f,UTP PERKEBUNAN KOPRA (EKVAR HARMS TUMBAGE) ,71031100020004,https://fasih-sm.bps.go.id/app/assignment-detail/8b041eb7-062b-4418-8372-ed9c45d3e73f,10421
8ba416f4-74aa-4cbf-b2ca-f1ec4fdb5be9,PONDOK DIMSUM,71030900070007,https://fasih-sm.bps.go.id/app/assignment-detail/8ba416f4-74aa-4cbf-b2ca-f1ec4fdb5be9,456101
8baa1908-e4c0-4948-be19-4ec0f5cf9a10,"TOKO SENDAL, SEPATU (AMRAN HUSAIN)",71030910030009,https://fasih-sm.bps.go.id/app/assignment-detail/8baa1908-e4c0-4948-be19-4ec0f5cf9a10,147712
8bfd7046-5f29-4922-babc-e245f36705f6,PEDAGANG SAYUR KELILING (SURATNI) ,71031000220003,https://fasih-sm.bps.go.id/app/assignment-detail/8bfd7046-5f29-4922-babc-e245f36705f6,47213
8bfd7046-5f29-4922-babc-e245f36705f6,INDUSTRI KOPRA (MULIYADI) ,71031000220003,https://fasih-sm.bps.go.id/app/assignment-detail/8bfd7046-5f29-4922-babc-e245f36705f6,10421
8c5f778f-88be-4101-891a-ca9349861a93,TANAMAN PANGAN (JESAJA),71030920010005,https://fasih-sm.bps.go.id/app/assignment-detail/8c5f778f-88be-4101-891a-ca9349861a93,101135
8dfe539a-bcac-4b4f-9077-0cd948090c4c,SD NEGERI ONDOLE,71030600190002,https://fasih-sm.bps.go.id/app/assignment-detail/8dfe539a-bcac-4b4f-9077-0cd948090c4c,85201
8e316c43-a646-4092-b8e1-d6d6dad60768,TANAMAN PANGAN (MEGI),71031000130002,https://fasih-sm.bps.go.id/app/assignment-detail/8e316c43-a646-4092-b8e1-d6d6dad60768,01135
8f85a014-0876-4f2a-9e49-9cc9f010fe4f,PERKEBUNAN (VONE MENDOMBA),71030400140003,https://fasih-sm.bps.go.id/app/assignment-detail/8f85a014-0876-4f2a-9e49-9cc9f010fe4f,01220
9047f900-8034-4f96-b89f-54f6835523c4,INDUSTRI KOPRA(MARNUN) ,71030620050002,https://fasih-sm.bps.go.id/app/assignment-detail/9047f900-8034-4f96-b89f-54f6835523c4,10421
9075bfbc-5f3f-45e6-8c9e-8515e327747a,JUAL PERABOTAN RUMAH TANGGA (ZULQAINA SUBUH) ,71031100030004,https://fasih-sm.bps.go.id/app/assignment-detail/9075bfbc-5f3f-45e6-8c9e-8515e327747a,447599
909e33ca-9578-4747-80cd-fae2e9a88e50,PETERNAKAN BABI (SRIYANTO RINALDI TATANGINDATU) ,71031000110002,https://fasih-sm.bps.go.id/app/assignment-detail/909e33ca-9578-4747-80cd-fae2e9a88e50,01450
90d9b044-334c-427c-989c-ef13cea8261f,USAHA MARTABAK (GAMARIA TUMUWE) ,71031000090007,https://fasih-sm.bps.go.id/app/assignment-detail/90d9b044-334c-427c-989c-ef13cea8261f,56102
911f3ae2-d038-4694-b57b-4b0766c0e6df,PERKEBUNAN KELAPA (SASKAR),71031000140001,https://fasih-sm.bps.go.id/app/assignment-detail/911f3ae2-d038-4694-b57b-4b0766c0e6df,101261
914c01ec-1b6d-49e9-8d1a-a8e6a9f21760,USAHA PERKEBUNAN KELAPA JEFRI ALEXANTO TAULI,71031000020002,https://fasih-sm.bps.go.id/app/assignment-detail/914c01ec-1b6d-49e9-8d1a-a8e6a9f21760,101261
93bb145c-866f-4d94-b0c4-f7f02973248e,TANAMAN PANGAN,71030400110005,https://fasih-sm.bps.go.id/app/assignment-detail/93bb145c-866f-4d94-b0c4-f7f02973248e,101135
93bdef9f-b8e7-4ebd-ac5d-619a0c23726a,PERKEBUNAN PALA (NURJANA) ,71031000030001,https://fasih-sm.bps.go.id/app/assignment-detail/93bdef9f-b8e7-4ebd-ac5d-619a0c23726a,01283
93bdef9f-b8e7-4ebd-ac5d-619a0c23726a,PERTANIAN HOLTIKULTURA (NURJANA) ,71031000030001,https://fasih-sm.bps.go.id/app/assignment-detail/93bdef9f-b8e7-4ebd-ac5d-619a0c23726a,01131
93e991d2-6e03-487a-9e05-2cc51b824227,WARUNG SEMBAKO (NAOMI) ,71030500070004,https://fasih-sm.bps.go.id/app/assignment-detail/93e991d2-6e03-487a-9e05-2cc51b824227,47112
9478fe67-7f8c-44ee-b323-6d383394be05,NELAYAN <DION DOLONGSEDA>,71030400170002,https://fasih-sm.bps.go.id/app/assignment-detail/9478fe67-7f8c-44ee-b323-6d383394be05,03110
94eca741-d547-4636-96b7-e312a514d333,INDUSTRI KOPRA ( WOLTER BUDIMAN ),71030400090003,https://fasih-sm.bps.go.id/app/assignment-detail/94eca741-d547-4636-96b7-e312a514d333,10421
94f1faff-93f5-49d8-840f-78c5d3b6af85,PERDAGANGAN IKAN,71031020030002,https://fasih-sm.bps.go.id/app/assignment-detail/94f1faff-93f5-49d8-840f-78c5d3b6af85,47215
956e2d9a-2032-4096-b391-59e44a3ddcb5,BANGUNAN KOPRA SARLIS MASO,71031000120004,https://fasih-sm.bps.go.id/app/assignment-detail/956e2d9a-2032-4096-b391-59e44a3ddcb5,110421
95c27b85-ff6b-4590-bb90-4e48acba2813,USAHA PEMECAHAN BATU (PESKOP YONAS) ,71031000110002,https://fasih-sm.bps.go.id/app/assignment-detail/95c27b85-ff6b-4590-bb90-4e48acba2813,08109
961e8e5b-b847-4594-ab75-fe8743914ba4,MENGOLAH SAYUR SEGAR,71030700030001,https://fasih-sm.bps.go.id/app/assignment-detail/961e8e5b-b847-4594-ab75-fe8743914ba4,101131
962dcc6c-8b08-453f-a4a6-bf6fa58829e6,HORTIKULTURA (CHARNELI APELIA),71030500140003,https://fasih-sm.bps.go.id/app/assignment-detail/962dcc6c-8b08-453f-a4a6-bf6fa58829e6,101220
962dcc6c-8b08-453f-a4a6-bf6fa58829e6,INDUSTRI PENGOLAHAN KOPRA (CHARNELI APELIA),71030500140003,https://fasih-sm.bps.go.id/app/assignment-detail/962dcc6c-8b08-453f-a4a6-bf6fa58829e6,10421
96db8f2d-6f63-4914-a210-4d7b44cf650c,INDUSTRI KOPRA (ALFRET LAHENSEL),71030400070001,https://fasih-sm.bps.go.id/app/assignment-detail/96db8f2d-6f63-4914-a210-4d7b44cf650c,110421
96db8f2d-6f63-4914-a210-4d7b44cf650c,TANAMAN PANGAN (ALFRET LAHENSEL),71030400070001,https://fasih-sm.bps.go.id/app/assignment-detail/96db8f2d-6f63-4914-a210-4d7b44cf650c,101135
96fa713f-fda0-46fc-a938-6104e9ad3c4d,PETERNAKAN BRAM TEMPOMONA,71030700070001,https://fasih-sm.bps.go.id/app/assignment-detail/96fa713f-fda0-46fc-a938-6104e9ad3c4d,01464
9713d7fc-17ae-4680-b005-308d3ed2a38e,PERTANIAN UBI KAYU DAN UBI JALAR( ABIANA PAPODI),71030800030004,https://fasih-sm.bps.go.id/app/assignment-detail/9713d7fc-17ae-4680-b005-308d3ed2a38e,01135
989175c4-ef06-4f83-b737-17b77707a29d,PENJUAL KUE KELILILING (SITI MARYAM RAJAMELA),71031000230001,https://fasih-sm.bps.go.id/app/assignment-detail/989175c4-ef06-4f83-b737-17b77707a29d,47242
989b4c1b-be3a-4527-bd20-58a0ba63402f,PERKEBUNAN PALA ( MEIJER NJONH DAMALING),71030900110006,https://fasih-sm.bps.go.id/app/assignment-detail/989b4c1b-be3a-4527-bd20-58a0ba63402f,101283
99228ea9-b2ff-47b8-894a-b36eccc4f3bf,INDUSTRI KUE BASAH (MARTA AMIKE),71030600150001,https://fasih-sm.bps.go.id/app/assignment-detail/99228ea9-b2ff-47b8-894a-b36eccc4f3bf,10792
997d793f-daeb-4388-b735-02ba0bb496f5,JUAL SAYURAN (JASMIN KAKAUHE),71030600140003,https://fasih-sm.bps.go.id/app/assignment-detail/997d793f-daeb-4388-b735-02ba0bb496f5,147213
9a769565-d58a-40a1-847f-fc73226c62b5,Usaha Holtikultura Dikson Sahapudi,71031000020002,https://fasih-sm.bps.go.id/app/assignment-detail/9a769565-d58a-40a1-847f-fc73226c62b5,101138
9ac4e48a-35ee-4e0b-b147-e8975d722b5f,PERTANIAN HORTIKULTURA (SIFRIT LUMIU),71030900130007,https://fasih-sm.bps.go.id/app/assignment-detail/9ac4e48a-35ee-4e0b-b147-e8975d722b5f,01116
9ac4e48a-35ee-4e0b-b147-e8975d722b5f,JASA SENSOR KAYU (SIFRIT LUMIU),71030900130007,https://fasih-sm.bps.go.id/app/assignment-detail/9ac4e48a-35ee-4e0b-b147-e8975d722b5f,202409
9b52502d-50d0-4e75-925d-77a18b2f85c8,JUAL BELI KELAPA (MARTA MANDAK) ,71031100060003,https://fasih-sm.bps.go.id/app/assignment-detail/9b52502d-50d0-4e75-925d-77a18b2f85c8,101261
9d65a379-6a7a-4a6d-bce5-9108e32f7ee7,MENJUAL PAKAIAN (RAMLIN ALI),71031000230003,https://fasih-sm.bps.go.id/app/assignment-detail/9d65a379-6a7a-4a6d-bce5-9108e32f7ee7,147711
9e6c58c9-4761-4472-8fef-d5c566c72cfe,TOKO JERRY ZOLA (MARDISON),71030900070008,https://fasih-sm.bps.go.id/app/assignment-detail/9e6c58c9-4761-4472-8fef-d5c566c72cfe,147712
9ebec2e7-6723-4ffa-a4cc-222045dc8e28,UTP PERKEBUNAN CENGKIH RAFLES LAWENDATU,71030700060003,https://fasih-sm.bps.go.id/app/assignment-detail/9ebec2e7-6723-4ffa-a4cc-222045dc8e28,01282
9ebec2e7-6723-4ffa-a4cc-222045dc8e28,USAHA KOPRA RAFLES LAWENDATU,71030700060003,https://fasih-sm.bps.go.id/app/assignment-detail/9ebec2e7-6723-4ffa-a4cc-222045dc8e28,10421
9f8ed29c-8a63-4bcf-8559-eeeccff2e6d8,KOPRA MOKTAR MAMADOA,71030700120003,https://fasih-sm.bps.go.id/app/assignment-detail/9f8ed29c-8a63-4bcf-8559-eeeccff2e6d8,10421
9f96f7c8-1cab-4f66-9fa4-fcfe21ca7abb,PERKEBUNAN KELAPA (HENDRY FERDINAND MAKAMINAN) ,71031000060003,https://fasih-sm.bps.go.id/app/assignment-detail/9f96f7c8-1cab-4f66-9fa4-fcfe21ca7abb,01261
a005b24b-366f-4eab-8971-c0183afe8fda,INDUSTRI KOPRA (MILTJE),71031000120001,https://fasih-sm.bps.go.id/app/assignment-detail/a005b24b-366f-4eab-8971-c0183afe8fda,10421
a005b24b-366f-4eab-8971-c0183afe8fda,PERKEBUNAN PALA (MILTJE),71031000120001,https://fasih-sm.bps.go.id/app/assignment-detail/a005b24b-366f-4eab-8971-c0183afe8fda,01283
a005b24b-366f-4eab-8971-c0183afe8fda,USAHA HORTIKULTURA (MILTJE),71031000120001,https://fasih-sm.bps.go.id/app/assignment-detail/a005b24b-366f-4eab-8971-c0183afe8fda,01220
a1a881b5-0f30-4a1c-b6bc-32143781835c,UTP PERKEBUNAN( ETNA KALASE),71030920030002,https://fasih-sm.bps.go.id/app/assignment-detail/a1a881b5-0f30-4a1c-b6bc-32143781835c,01261
a232041f-2798-4f61-9084-3ba5a3e27a23,INDUSTRI KOPRA (AMUNIR),71031000130002,https://fasih-sm.bps.go.id/app/assignment-detail/a232041f-2798-4f61-9084-3ba5a3e27a23,10421
a2de7cee-e3bd-4733-852e-5d9c43ecd647,JUAL BENSIN ( TUTY MERLY KAKAMBONG),71030500110002,https://fasih-sm.bps.go.id/app/assignment-detail/a2de7cee-e3bd-4733-852e-5d9c43ecd647,47301
a3a46405-992b-48ba-96dd-b78eb39d5675,KONTER TANTE ASMITA (ASMITA GAYO),71030900070008,https://fasih-sm.bps.go.id/app/assignment-detail/a3a46405-992b-48ba-96dd-b78eb39d5675,147242
a3d70cd3-5b7c-4b4f-8275-a5c5db376369,MENJUAL IKAN (HARTATI OTOLUWA),71030910030004,https://fasih-sm.bps.go.id/app/assignment-detail/a3d70cd3-5b7c-4b4f-8275-a5c5db376369,47215
a43ab1f6-9eb4-4700-ac67-c6ecddb908cd,PERTANIAN TALAS (ARMIN),71030500040003,https://fasih-sm.bps.go.id/app/assignment-detail/a43ab1f6-9eb4-4700-ac67-c6ecddb908cd,01139
a4d9e08d-2fa5-44c4-9693-562810690176,WARUNG SEMBAKO,71030900140007,https://fasih-sm.bps.go.id/app/assignment-detail/a4d9e08d-2fa5-44c4-9693-562810690176,147112
a58702b6-cd1a-4389-9398-cdb38a5d9c25,KOPRA (SUMAILI),71031010040002,https://fasih-sm.bps.go.id/app/assignment-detail/a58702b6-cd1a-4389-9398-cdb38a5d9c25,10421
a680ff72-4db1-45b1-b397-439b87dcd6fd,PEMBUATAN KUE EPU (JOHANA),71030800030003,https://fasih-sm.bps.go.id/app/assignment-detail/a680ff72-4db1-45b1-b397-439b87dcd6fd,310792
a6e1475c-0f71-4a63-bd58-061b5b5607c7,PENJUAL SKINCARE (MARISYE SILPIA LIMPONG),71030800030002,https://fasih-sm.bps.go.id/app/assignment-detail/a6e1475c-0f71-4a63-bd58-061b5b5607c7,147724
a8329a73-36a6-4eb5-a259-be8d309a016e,PERKEBUNAN PALA (ROSANA),71030800020002,https://fasih-sm.bps.go.id/app/assignment-detail/a8329a73-36a6-4eb5-a259-be8d309a016e,01283
a85a31ae-0167-4d4d-9640-492dc42b4cfe,INDUSTRI KUE KERING (MONIRA),71031000020003,https://fasih-sm.bps.go.id/app/assignment-detail/a85a31ae-0167-4d4d-9640-492dc42b4cfe,510614
a98afaaf-d25d-4d86-8425-198df0f9c80e,WARUNG SEMBAKO (YULIN),71030500070003,https://fasih-sm.bps.go.id/app/assignment-detail/a98afaaf-d25d-4d86-8425-198df0f9c80e,147112
aa35553b-bd38-4be9-85f5-1dbfff8af397,MENJUAL IKAN ( RATNA MACHMUD) ,71030910030005,https://fasih-sm.bps.go.id/app/assignment-detail/aa35553b-bd38-4be9-85f5-1dbfff8af397,47215
ad129367-cac1-4d36-a331-63869021de9d,UTP PERKEBUNAN PALA (NOLFI MAKI GEFSTEN MAKAWIMBANG),71030910050003,https://fasih-sm.bps.go.id/app/assignment-detail/ad129367-cac1-4d36-a331-63869021de9d,01283
ad35e5b6-b933-4748-8be7-df28d086e3a9,ANGKUTAN UMUM (SASKAR MAILI),71031100060005,https://fasih-sm.bps.go.id/app/assignment-detail/ad35e5b6-b933-4748-8be7-df28d086e3a9,149214
ad751d40-be18-4963-86f6-20351a9851d3,PENJUALAN AYAM GEPREK ,71030900130012,https://fasih-sm.bps.go.id/app/assignment-detail/ad751d40-be18-4963-86f6-20351a9851d3,10750
aec691cf-4f65-4302-b97b-969fa171c373,PERKEBUNAN ,71030400070002,https://fasih-sm.bps.go.id/app/assignment-detail/aec691cf-4f65-4302-b97b-969fa171c373,01283
aecded2f-c441-4192-a828-3061c5eb7e0e,TANAMAN PANGAN (MELKI KATILAHE),71030500140003,https://fasih-sm.bps.go.id/app/assignment-detail/aecded2f-c441-4192-a828-3061c5eb7e0e,01139
af8a03e9-43c7-41e6-a2ad-876e66fbb78d,USAHA PERKEBUNAN PALA (SPORA),71031000100004,https://fasih-sm.bps.go.id/app/assignment-detail/af8a03e9-43c7-41e6-a2ad-876e66fbb78d,101283
b01bfc73-bf4a-4d30-9af0-2fc8d73b1bc2,USAHA ANGKUTAN PENUMPANG (KADRI MENDALURANG),71031000100003,https://fasih-sm.bps.go.id/app/assignment-detail/b01bfc73-bf4a-4d30-9af0-2fc8d73b1bc2,352329
b0cb6db0-81f2-4e55-8f24-94d0f3c325a4,BENGKEL MOTOR (ALPIUS MASIHOR),71031000250001,https://fasih-sm.bps.go.id/app/assignment-detail/b0cb6db0-81f2-4e55-8f24-94d0f3c325a4,95320
b1d04063-8a0f-461b-910b-cf0b9366ea6a,INDUSTRI KOPRA (SIUS SARAPIL),71030600160001,https://fasih-sm.bps.go.id/app/assignment-detail/b1d04063-8a0f-461b-910b-cf0b9366ea6a,10421
b2c5dc9f-31fb-4311-a546-f10db89e962f,INDUSTRI PEMBUATAN TAHU (MEYDINOS LUMUNDER),71030600150002,https://fasih-sm.bps.go.id/app/assignment-detail/b2c5dc9f-31fb-4311-a546-f10db89e962f,10308
b2c5dc9f-31fb-4311-a546-f10db89e962f,INDUSTRI PEMBUATAN MIE (MEYDINOS LUMUNDER),71030600150002,https://fasih-sm.bps.go.id/app/assignment-detail/b2c5dc9f-31fb-4311-a546-f10db89e962f,10740
b43844e2-d31e-432e-bb5d-df12ecde2841,INDUSTRI PENGOLAHAN KOPRA (RANSULANGI KARAENG),71030800060002,https://fasih-sm.bps.go.id/app/assignment-detail/b43844e2-d31e-432e-bb5d-df12ecde2841,10421
b654cd71-6c0e-4fc6-bd95-1b7035b9912d,JASA PANJAT KELAPA,71030920060001,https://fasih-sm.bps.go.id/app/assignment-detail/b654cd71-6c0e-4fc6-bd95-1b7035b9912d,01613
bab8d414-6e3e-4c59-8053-918b81f40dc9,USAHA TRUK EKPEDISI (STAEYFAN BOHAM) ,71031000110002,https://fasih-sm.bps.go.id/app/assignment-detail/bab8d414-6e3e-4c59-8053-918b81f40dc9,49231
bc6b3762-b02a-4594-830e-6b54f3dd4850,UTP TANAMAN PANGAN (VANDI TAKATELIDE),71030600160001,https://fasih-sm.bps.go.id/app/assignment-detail/bc6b3762-b02a-4594-830e-6b54f3dd4850,01139
bc6b3762-b02a-4594-830e-6b54f3dd4850,INDUSTRI KOPRA (VANDI TAKATELIDE),71030600160001,https://fasih-sm.bps.go.id/app/assignment-detail/bc6b3762-b02a-4594-830e-6b54f3dd4850,10421
bdd0508a-174e-41d5-814b-a97605612fe1,PENANGKAPAN IKAN DENGAN JARING (SARNIS) ,71030410020001,https://fasih-sm.bps.go.id/app/assignment-detail/bdd0508a-174e-41d5-814b-a97605612fe1,03110
bdec2cc5-8575-4152-b066-57150781484a,PERKEBUNAN PALA( MARYAM PONTOLAWOKANG),71030920020002,https://fasih-sm.bps.go.id/app/assignment-detail/bdec2cc5-8575-4152-b066-57150781484a,01261
bdec2cc5-8575-4152-b066-57150781484a,PERKEBUNAN KELAPA( MARYAM PONTOLAWOKANG),71030920020002,https://fasih-sm.bps.go.id/app/assignment-detail/bdec2cc5-8575-4152-b066-57150781484a,01261
bee37ef8-41c5-4c9f-a8b7-d09a938d7d0a,ANGKUTAN DARAT PENUMPANG (FERNANDO) ,71030500120005,https://fasih-sm.bps.go.id/app/assignment-detail/bee37ef8-41c5-4c9f-a8b7-d09a938d7d0a,49214
bee37ef8-41c5-4c9f-a8b7-d09a938d7d0a,ANGKUTAN TAKSI PENUMPANG (FERNANDO) ,71030500120005,https://fasih-sm.bps.go.id/app/assignment-detail/bee37ef8-41c5-4c9f-a8b7-d09a938d7d0a,49293
bf7088b4-0686-4505-a28f-5492f6a69781,WARUNG SEMBAKO (VERRA NOMILA BARAMULI),71030500110002,https://fasih-sm.bps.go.id/app/assignment-detail/bf7088b4-0686-4505-a28f-5492f6a69781,47112
bfd2ffae-62a0-48b5-ad1d-a5650a74d937,ES TELER CREAMY ,71030900080008,https://fasih-sm.bps.go.id/app/assignment-detail/bfd2ffae-62a0-48b5-ad1d-a5650a74d937,210504
bfdde2be-8033-485a-baf2-be16814ab531,USAHA KUE KERING MARIA MANGOLO,71031000260002,https://fasih-sm.bps.go.id/app/assignment-detail/bfdde2be-8033-485a-baf2-be16814ab531,47242
c092b2c6-c0fe-4de1-b499-6f47e5b53351,Industri Kopra ( Alex) ,71030500060005,https://fasih-sm.bps.go.id/app/assignment-detail/c092b2c6-c0fe-4de1-b499-6f47e5b53351,110421
c1904681-f322-448a-8b5c-fb1d784c1ff4,INDUSTRI KOPRA (KAHAR),71031000120002,https://fasih-sm.bps.go.id/app/assignment-detail/c1904681-f322-448a-8b5c-fb1d784c1ff4,10421
c1904681-f322-448a-8b5c-fb1d784c1ff4,PERKEBUNAN PALA (KAHAR),71031000120002,https://fasih-sm.bps.go.id/app/assignment-detail/c1904681-f322-448a-8b5c-fb1d784c1ff4,01283
c196ba24-f59d-4cce-acc3-4a1b34ce06f6,KEDAI MIE BAKSO (ABDUL HARIS NANI)I,71030800100002,https://fasih-sm.bps.go.id/app/assignment-detail/c196ba24-f59d-4cce-acc3-4a1b34ce06f6,56101
c196ba24-f59d-4cce-acc3-4a1b34ce06f6,WARUNG MAKAN AYAM LALAPAN(ABDUL HARI NANI,71030800100002,https://fasih-sm.bps.go.id/app/assignment-detail/c196ba24-f59d-4cce-acc3-4a1b34ce06f6,156102
c224b79a-720f-4dea-a025-602eb2e7e80a,INDUSTRI KOPRA (ROMEL BARUDAPA),71031100080001,https://fasih-sm.bps.go.id/app/assignment-detail/c224b79a-720f-4dea-a025-602eb2e7e80a,10421
c224b79a-720f-4dea-a025-602eb2e7e80a,UTP PERIKANAN (ROMEL BARUDAPA),71031100080001,https://fasih-sm.bps.go.id/app/assignment-detail/c224b79a-720f-4dea-a025-602eb2e7e80a,03110
c2fb32c0-dc58-48b2-acde-9179ba8139c2,PENGOLAHAN KUE BASAH ( NURSIA BADARUDDIN),71030500110001,https://fasih-sm.bps.go.id/app/assignment-detail/c2fb32c0-dc58-48b2-acde-9179ba8139c2,10792
c3c09586-20ee-4002-a809-bc90b414aaba,PERKEBUNAN PALA (SOSTENES),71030800020005,https://fasih-sm.bps.go.id/app/assignment-detail/c3c09586-20ee-4002-a809-bc90b414aaba,01283
c3c09586-20ee-4002-a809-bc90b414aaba,PENJAHIT PAKAIAN (MARTJE),71030800020005,https://fasih-sm.bps.go.id/app/assignment-detail/c3c09586-20ee-4002-a809-bc90b414aaba,14120
c3c6c593-321f-4f54-b7bd-75e4f13b715c,PENJUAL IKAN(SOLANI TULONG),71030910030007,https://fasih-sm.bps.go.id/app/assignment-detail/c3c6c593-321f-4f54-b7bd-75e4f13b715c,47215
c3eb10a5-f996-4e70-a0fd-f7d524807fa4,CAR WASH (HAYANA),71030900140008,https://fasih-sm.bps.go.id/app/assignment-detail/c3eb10a5-f996-4e70-a0fd-f7d524807fa4,195312
c404f06a-94b2-4a1a-9759-3828cbfcf035,WARUNG SEMBAKO (NAOMI),71031000050001,https://fasih-sm.bps.go.id/app/assignment-detail/c404f06a-94b2-4a1a-9759-3828cbfcf035,47112
c52360d7-f86d-4da5-9a91-7b45beab8f36,JASA ANGKUTAN MOBIL (JAKSON SASUNDU) ,71030700130001,https://fasih-sm.bps.go.id/app/assignment-detail/c52360d7-f86d-4da5-9a91-7b45beab8f36,549293
c52360d7-f86d-4da5-9a91-7b45beab8f36,USAHA KUE BASAH (JENIKE DALOPE) ,71030700130001,https://fasih-sm.bps.go.id/app/assignment-detail/c52360d7-f86d-4da5-9a91-7b45beab8f36,110792
c54eb488-bbad-4116-8e68-5eb3af018d2d,PETANI PALA <LUAS MAKAWAW>,71030400170004,https://fasih-sm.bps.go.id/app/assignment-detail/c54eb488-bbad-4116-8e68-5eb3af018d2d,01283
c58ec880-2944-4136-8387-473a9ff9ad6a,PERKEBUNAN PALA(RAHMAT ANTARANI),71030800150002,https://fasih-sm.bps.go.id/app/assignment-detail/c58ec880-2944-4136-8387-473a9ff9ad6a,01283
c5c1e56c-2558-4084-a096-3862e3315000,KUE BASAH (NARDJIN),71031000050004,https://fasih-sm.bps.go.id/app/assignment-detail/c5c1e56c-2558-4084-a096-3862e3315000,10792
c7d8bc14-d4fc-4223-a932-afe512c0fbfa,INDUSTRI KOPRA (YONATAN MANOPPO),71030600130001,https://fasih-sm.bps.go.id/app/assignment-detail/c7d8bc14-d4fc-4223-a932-afe512c0fbfa,10421
c7f14d0b-39cb-47d2-910b-82e26b8b421d,Perkebunan pala (lucky Stevanus nubiak),71030800150002,https://fasih-sm.bps.go.id/app/assignment-detail/c7f14d0b-39cb-47d2-910b-82e26b8b421d,01283
c7f14d0b-39cb-47d2-910b-82e26b8b421d,Memanen buah kelapa (lucky Stevanus nubiak),71030800150002,https://fasih-sm.bps.go.id/app/assignment-detail/c7f14d0b-39cb-47d2-910b-82e26b8b421d,01261
c8d9758c-2779-4172-a1ee-cf0a1d2804a6,WARUNG SEMBAKO (ALMUJUHRA),71031010020001,https://fasih-sm.bps.go.id/app/assignment-detail/c8d9758c-2779-4172-a1ee-cf0a1d2804a6,47112
c9aff7a8-3b59-41f5-981e-510681f6c600,INDUSTRI KOPRA (ALFRET SALATANG),71030600180002,https://fasih-sm.bps.go.id/app/assignment-detail/c9aff7a8-3b59-41f5-981e-510681f6c600,10421
c9aff7a8-3b59-41f5-981e-510681f6c600,JASA SEWA SOUND SYSTEM (ALFRET SALATANG),71030600180002,https://fasih-sm.bps.go.id/app/assignment-detail/c9aff7a8-3b59-41f5-981e-510681f6c600,77396
cb475c2a-44c9-4be7-b163-c42fe97cdcfe,WARUNG KELONTONG(TANCE RUT BUDIMAN) ,71031000280001,https://fasih-sm.bps.go.id/app/assignment-detail/cb475c2a-44c9-4be7-b163-c42fe97cdcfe,47112
ccc0ea7e-e1a6-49f8-b46b-dd1f6ec59dfa,USAHA PERKEBUNAN( PANDIKA DARENOH),71030920020002,https://fasih-sm.bps.go.id/app/assignment-detail/ccc0ea7e-e1a6-49f8-b46b-dd1f6ec59dfa,01261
ccc0ea7e-e1a6-49f8-b46b-dd1f6ec59dfa,USAHA INDUSTRI KOPRA( PANDIKA DARENOH),71030920020002,https://fasih-sm.bps.go.id/app/assignment-detail/ccc0ea7e-e1a6-49f8-b46b-dd1f6ec59dfa,10421
cd0cd393-9d71-4553-9ba4-92a740da747a,KUE BASAH (AGUSTINTJE),71031000140003,https://fasih-sm.bps.go.id/app/assignment-detail/cd0cd393-9d71-4553-9ba4-92a740da747a,10792
cd0cd393-9d71-4553-9ba4-92a740da747a,POP ICE (TESALONIKA),71031000140003,https://fasih-sm.bps.go.id/app/assignment-detail/cd0cd393-9d71-4553-9ba4-92a740da747a,56306
cdbce18f-bcf5-4fc8-93a2-e366f3dede99,PETERNAKAN BABI (ANNASTASYA SIRIAMBONG ,71030500080003,https://fasih-sm.bps.go.id/app/assignment-detail/cdbce18f-bcf5-4fc8-93a2-e366f3dede99,01450
ce263d10-9b84-46d2-8e75-28ed82677ec2,TANAMAN PANGAN (FERDINAND S.LUNGKANG),71030600150002,https://fasih-sm.bps.go.id/app/assignment-detail/ce263d10-9b84-46d2-8e75-28ed82677ec2,01139
cf78d4c0-5bd5-4ba5-bc59-6e57bd6da548,HOLTIKULTURA (RENATA),71031010030003,https://fasih-sm.bps.go.id/app/assignment-detail/cf78d4c0-5bd5-4ba5-bc59-6e57bd6da548,01138
d0887446-cd97-451c-bd8e-b822ca6f1cfc,USAHA JUAL BELI PARANG (AJIS) ,71031000240003,https://fasih-sm.bps.go.id/app/assignment-detail/d0887446-cd97-451c-bd8e-b822ca6f1cfc,47599
d0887446-cd97-451c-bd8e-b822ca6f1cfc,USAHA JUAL BELI PALA (AJIS) ,71031000240003,https://fasih-sm.bps.go.id/app/assignment-detail/d0887446-cd97-451c-bd8e-b822ca6f1cfc,47219
d0c62ba3-9df6-44e5-be24-46e59c33be5f,USAHA PERKEBUNAN KELAPA (AHUSTA),71031000100004,https://fasih-sm.bps.go.id/app/assignment-detail/d0c62ba3-9df6-44e5-be24-46e59c33be5f,101261
d1d7c082-4023-4b41-906d-7fc7433decb6,USAHA PETERNAKAN ANJING (HUNDRI MANDAKI),71030910050004,https://fasih-sm.bps.go.id/app/assignment-detail/d1d7c082-4023-4b41-906d-7fc7433decb6,47751
d1d7c082-4023-4b41-906d-7fc7433decb6,USAHA ES MAMBO (SINCE SAHENTUMUWO),71030910050004,https://fasih-sm.bps.go.id/app/assignment-detail/d1d7c082-4023-4b41-906d-7fc7433decb6,10504
d1d7c082-4023-4b41-906d-7fc7433decb6,USAHA KUE BASAH (SINCE SAHENTUMUWO),71030910050004,https://fasih-sm.bps.go.id/app/assignment-detail/d1d7c082-4023-4b41-906d-7fc7433decb6,10792
d1d7c082-4023-4b41-906d-7fc7433decb6,USAHA BENSIN (SINCE SAHENTUMUWO),71030910050004,https://fasih-sm.bps.go.id/app/assignment-detail/d1d7c082-4023-4b41-906d-7fc7433decb6,47302
d24e9250-c3f6-458c-bc56-b3c3994242d6,USAHA PERTERNAKAN,71030700080002,https://fasih-sm.bps.go.id/app/assignment-detail/d24e9250-c3f6-458c-bc56-b3c3994242d6,101450
d27d02d2-750d-4ffb-90f7-cda3c1e35c3c,INSUSTRI KOPRA (SUHARJO),71031000130002,https://fasih-sm.bps.go.id/app/assignment-detail/d27d02d2-750d-4ffb-90f7-cda3c1e35c3c,10421
d27d02d2-750d-4ffb-90f7-cda3c1e35c3c,TANAMAN PANGAN (SUHARJO),71031000130002,https://fasih-sm.bps.go.id/app/assignment-detail/d27d02d2-750d-4ffb-90f7-cda3c1e35c3c,01135
d3cb0517-2bd0-40df-be89-504990ef120f,PENGOLAHAN KOPRA <LUASE SARAPIL>,71030700010001,https://fasih-sm.bps.go.id/app/assignment-detail/d3cb0517-2bd0-40df-be89-504990ef120f,10421
d3cb0517-2bd0-40df-be89-504990ef120f,PENGOLAHAN SAGU <LUASE SARAPIL>,71030700010001,https://fasih-sm.bps.go.id/app/assignment-detail/d3cb0517-2bd0-40df-be89-504990ef120f,10622
d410e773-31b7-4831-96b9-5d9266984cee,JUMLIA DANDEL (MENJUAL KUE KERING),71031000230003,https://fasih-sm.bps.go.id/app/assignment-detail/d410e773-31b7-4831-96b9-5d9266984cee,47242
d441dc5e-55db-41b2-ad8f-558b323b8f56,INDUSTRI KOPRA (SAWAL DANDEL),71031000100004,https://fasih-sm.bps.go.id/app/assignment-detail/d441dc5e-55db-41b2-ad8f-558b323b8f56,110421
d7f60a90-5060-45a5-8737-3646e1e707eb,PERKEBUNAN PALA (ALFRED KAWAWENGI),71030800150002,https://fasih-sm.bps.go.id/app/assignment-detail/d7f60a90-5060-45a5-8737-3646e1e707eb,01283
d7f60a90-5060-45a5-8737-3646e1e707eb,Industri kopra(Alfred kawawengi),71030800150002,https://fasih-sm.bps.go.id/app/assignment-detail/d7f60a90-5060-45a5-8737-3646e1e707eb,10421
d834c97f-28d0-4d43-abaa-c4b67fbdfc9b,PERKEBUNAN PALA (MARTIN MARI),71030500120001,https://fasih-sm.bps.go.id/app/assignment-detail/d834c97f-28d0-4d43-abaa-c4b67fbdfc9b,101283
d834c97f-28d0-4d43-abaa-c4b67fbdfc9b,PERTANIAN TALAS (MARTIN MARI),71030500120001,https://fasih-sm.bps.go.id/app/assignment-detail/d834c97f-28d0-4d43-abaa-c4b67fbdfc9b,101139
d937ecb4-8b98-4480-875f-a2bb9ac1c79a,ANGKUTAN OJEK MOTOR (DENTY SAIBULAN),71030600080003,https://fasih-sm.bps.go.id/app/assignment-detail/d937ecb4-8b98-4480-875f-a2bb9ac1c79a,49296
da7e31d1-ed99-48ea-b805-adae02b29d8f,USAHA WARUNG KELONTONG ,71031000080003,https://fasih-sm.bps.go.id/app/assignment-detail/da7e31d1-ed99-48ea-b805-adae02b29d8f,47112
da7e31d1-ed99-48ea-b805-adae02b29d8f,Usaha Kopra Hilna Tahendung ,71031000080003,https://fasih-sm.bps.go.id/app/assignment-detail/da7e31d1-ed99-48ea-b805-adae02b29d8f,10421
db0abdbe-a885-400f-82b0-314791f35e6d,PERKEBUNAN PALA (BURHAN) ,71031000060002,https://fasih-sm.bps.go.id/app/assignment-detail/db0abdbe-a885-400f-82b0-314791f35e6d,01283
db0abdbe-a885-400f-82b0-314791f35e6d,PERKEBUNAN KELAPA (BURHAN DANDEL) ,71031000060002,https://fasih-sm.bps.go.id/app/assignment-detail/db0abdbe-a885-400f-82b0-314791f35e6d,01261
dba895ca-0b72-4a2c-82ed-5ac257df3bb9,INDUSTRI KOPRA(RAMADAN),71031000250002,https://fasih-sm.bps.go.id/app/assignment-detail/dba895ca-0b72-4a2c-82ed-5ac257df3bb9,10421
dc4364fd-20ef-401c-b792-79c3be223049,USAHA PERKEBUNAN HAMID LENTENGBOBA,71031000260002,https://fasih-sm.bps.go.id/app/assignment-detail/dc4364fd-20ef-401c-b792-79c3be223049,10421
dc6899c6-8eff-497b-bb53-d3d2c6240b09,JUAL MIE KUAH CAKALANG (NILVIA) ,71030410020001,https://fasih-sm.bps.go.id/app/assignment-detail/dc6899c6-8eff-497b-bb53-d3d2c6240b09,56101
dce52aa8-e55a-499a-91d2-eb54ca31e122,PEMBUATAN KOPRA,71030700160002,https://fasih-sm.bps.go.id/app/assignment-detail/dce52aa8-e55a-499a-91d2-eb54ca31e122,110421
dcea70b2-bc06-45fa-8348-fb9087f2f0cc,SOPIR (OLDY DOWES DOKER JANGKOBUS) ,71030900130002,https://fasih-sm.bps.go.id/app/assignment-detail/dcea70b2-bc06-45fa-8348-fb9087f2f0cc,549213
dd137e90-2fc9-4036-aae0-5ffb65836970,USAHA PERKEBUNAN KELAPA SUSTJE TATAES,71031000020002,https://fasih-sm.bps.go.id/app/assignment-detail/dd137e90-2fc9-4036-aae0-5ffb65836970,101261
dd137e90-2fc9-4036-aae0-5ffb65836970,Usaha perkebunan Pala Sustje tataes ,71031000020002,https://fasih-sm.bps.go.id/app/assignment-detail/dd137e90-2fc9-4036-aae0-5ffb65836970,101283
e00607f5-0272-4362-ae0d-968fb697ab88,PERIKANAN < NURDIN LAHUNDUITANG>,71030400160002,https://fasih-sm.bps.go.id/app/assignment-detail/e00607f5-0272-4362-ae0d-968fb697ab88,03110
e0a18bf0-b552-4c82-b6f5-cec0bbc9c547,TAXI (PURWANTO) ,71030900110005,https://fasih-sm.bps.go.id/app/assignment-detail/e0a18bf0-b552-4c82-b6f5-cec0bbc9c547,49293
e0c804cb-ab95-4388-858b-8ae640e66178,PERTANIAN UBI KAYU (WILSON),71030800040003,https://fasih-sm.bps.go.id/app/assignment-detail/e0c804cb-ab95-4388-858b-8ae640e66178,101135
e0c804cb-ab95-4388-858b-8ae640e66178,PERKEBUNAN PALA (WILSON),71030800040003,https://fasih-sm.bps.go.id/app/assignment-detail/e0c804cb-ab95-4388-858b-8ae640e66178,101283
e1138161-9455-4261-a39f-bdcb61377a84,JUALA BELI BUAH KELAPA SISTIM BARTER (MASRI SAMADI),71031100060005,https://fasih-sm.bps.go.id/app/assignment-detail/e1138161-9455-4261-a39f-bdcb61377a84,10421
e5358406-9843-424d-b882-7646f9f75517,KIOS SEMBAKO (SULCELIN TEMPOMISA) ,71030500120004,https://fasih-sm.bps.go.id/app/assignment-detail/e5358406-9843-424d-b882-7646f9f75517,47112
e5358406-9843-424d-b882-7646f9f75517,PEMBELI BUAH PALA (BERGSON) ,71030500120004,https://fasih-sm.bps.go.id/app/assignment-detail/e5358406-9843-424d-b882-7646f9f75517,201283
e53c63ef-c954-47cb-a408-aea126efb3bc,PERIKANAN TANGKAP (MARTIN) ,71031000240001,https://fasih-sm.bps.go.id/app/assignment-detail/e53c63ef-c954-47cb-a408-aea126efb3bc,03110
e5cf69ed-8888-4044-add2-fbcdbb7d8c28,SAYUR KELILING (EDI PURWANTO) ,71030900130006,https://fasih-sm.bps.go.id/app/assignment-detail/e5cf69ed-8888-4044-add2-fbcdbb7d8c28,247213
e715b373-df82-43e8-bd43-1d0dd16bd7a5,PERKEBUNAN (DONALD MAKIANGGUNG),71030920020002,https://fasih-sm.bps.go.id/app/assignment-detail/e715b373-df82-43e8-bd43-1d0dd16bd7a5,01261
e715b373-df82-43e8-bd43-1d0dd16bd7a5,PERKEBUNAN PALA( DONALD MAKIANGGUNG),71030920020002,https://fasih-sm.bps.go.id/app/assignment-detail/e715b373-df82-43e8-bd43-1d0dd16bd7a5,01283
e7f69438-bbc6-456f-93a2-38ad5c2c3fc5,UTP PERKEBUNAN (ILKE HARIKEDUA),71030410060001,https://fasih-sm.bps.go.id/app/assignment-detail/e7f69438-bbc6-456f-93a2-38ad5c2c3fc5,01261
e7f69438-bbc6-456f-93a2-38ad5c2c3fc5,INDUSTRI KOPRA (ILKE HARIKEDUA),71030410060001,https://fasih-sm.bps.go.id/app/assignment-detail/e7f69438-bbc6-456f-93a2-38ad5c2c3fc5,10421
e88dcb01-1645-475d-8928-661fb6202596,"MENGOLAH KELAPA, MENJADI KOPRA",71030610040001,https://fasih-sm.bps.go.id/app/assignment-detail/e88dcb01-1645-475d-8928-661fb6202596,10421
e8b5214d-8e69-48d4-a0f9-101a2de30391,PERIKANAN TANGKAP (HAPENDI),71031010020001,https://fasih-sm.bps.go.id/app/assignment-detail/e8b5214d-8e69-48d4-a0f9-101a2de30391,03110
e8de7a6b-4375-4687-aa04-0d86c3b7c5b0,JASA PENGOLAHAN LAHAN (KIRENIUS KEHAMU),71030800140001,https://fasih-sm.bps.go.id/app/assignment-detail/e8de7a6b-4375-4687-aa04-0d86c3b7c5b0,101611
e8e8a572-def3-495c-86e4-4ff09f78ad16,PERKEBUNAN PALA (YAKOBUS KAWASA),71030500120001,https://fasih-sm.bps.go.id/app/assignment-detail/e8e8a572-def3-495c-86e4-4ff09f78ad16,101283
e90deff9-8aab-4246-9fa4-5645ca6305d3,PRODUKSI KOPRA (SAM SADIA MEDEA),71030400110002,https://fasih-sm.bps.go.id/app/assignment-detail/e90deff9-8aab-4246-9fa4-5645ca6305d3,10421
e96213cc-8719-465c-9771-7ffcd904b815,PENJUAL PULSA ELEKTRIK ,71030700090003,https://fasih-sm.bps.go.id/app/assignment-detail/e96213cc-8719-465c-9771-7ffcd904b815,26199
eb4ed62c-1d94-404d-aef7-0ae003393d15,USAHA SAGU ( ARNI LINOGE),71030900090003,https://fasih-sm.bps.go.id/app/assignment-detail/eb4ed62c-1d94-404d-aef7-0ae003393d15,10622
edbee7fa-e2f3-40e2-b4a5-086c1e126bfc,UTP PETERNAKAN AYAM (EDUARD DATANGMANIS),71030800140003,https://fasih-sm.bps.go.id/app/assignment-detail/edbee7fa-e2f3-40e2-b4a5-086c1e126bfc,01468
edc02326-a813-478f-9008-e9803708c65d,JUAL KUE ANATJE MASIPUANG,71030600140003,https://fasih-sm.bps.go.id/app/assignment-detail/edc02326-a813-478f-9008-e9803708c65d,147242
edc60481-a6a9-408c-98f9-99c55e3e0ab7,TANAMAN HORTIKULTURA BUAH DURIAN (SARTJI),71030500120003,https://fasih-sm.bps.go.id/app/assignment-detail/edc60481-a6a9-408c-98f9-99c55e3e0ab7,47212
edc60481-a6a9-408c-98f9-99c55e3e0ab7,INDUSTRI PENGOLAHAN KOPRA (SANTAI) ,71030500120003,https://fasih-sm.bps.go.id/app/assignment-detail/edc60481-a6a9-408c-98f9-99c55e3e0ab7,10421
edc60481-a6a9-408c-98f9-99c55e3e0ab7,TANAMAN PANGAN UBI KAYU (SARTJI) ,71030500120003,https://fasih-sm.bps.go.id/app/assignment-detail/edc60481-a6a9-408c-98f9-99c55e3e0ab7,01135
eeb75d00-2aa6-4a64-8090-eeb1d858a3c2,TANAMAN PANGAN (BULAN WALADIRI),71030400070002,https://fasih-sm.bps.go.id/app/assignment-detail/eeb75d00-2aa6-4a64-8090-eeb1d858a3c2,101135
eeeb3ab7-c56d-4c9a-a40f-549ed35f014d,PERKEBUNAN PALA (JUNANDER MODUS MAKAHANAP),71030800070002,https://fasih-sm.bps.go.id/app/assignment-detail/eeeb3ab7-c56d-4c9a-a40f-549ed35f014d,01283
ef3583ce-d7c0-458e-b2f2-83e804128ef8,INDUSTRI KOPRA (FERDINAN RANGGAWUNI BERNADUS),71030600160001,https://fasih-sm.bps.go.id/app/assignment-detail/ef3583ce-d7c0-458e-b2f2-83e804128ef8,10421
efab338f-351a-4245-804f-7ffc2635bd5b,KEMBANG LOVELYA (MEYFANI MALORINGAN),71030900080009,https://fasih-sm.bps.go.id/app/assignment-detail/efab338f-351a-4245-804f-7ffc2635bd5b,247781
f0007869-0336-4219-946f-1346b6df8c03,INDUSTRI KOPRA (JAELANI) ,71031000030001,https://fasih-sm.bps.go.id/app/assignment-detail/f0007869-0336-4219-946f-1346b6df8c03,10421
f06c59d4-7973-46f0-9b6c-3800379b8b05,KOPRA <MAHMUD AWUMBAS>,71030400160002,https://fasih-sm.bps.go.id/app/assignment-detail/f06c59d4-7973-46f0-9b6c-3800379b8b05,10421
f1eed219-d52a-4b4d-98b6-b398dd45664d,KOPERASI CATRA ABADI,71030900140008,https://fasih-sm.bps.go.id/app/assignment-detail/f1eed219-d52a-4b4d-98b6-b398dd45664d,164191
f1f2edc3-6103-424b-8396-a65a56415b41,PENANGKAPAN IKAN(SURIADI),71031010050001,https://fasih-sm.bps.go.id/app/assignment-detail/f1f2edc3-6103-424b-8396-a65a56415b41,03110
f23e2007-4a7a-4603-87ab-7bd3cad622a8,PENJUAL AKSESORIS (JESICA),71030900080005,https://fasih-sm.bps.go.id/app/assignment-detail/f23e2007-4a7a-4603-87ab-7bd3cad622a8,247404
f3e0b88a-0bcd-4857-98da-bc99db240e3b,TOKO WAJO,71030900070008,https://fasih-sm.bps.go.id/app/assignment-detail/f3e0b88a-0bcd-4857-98da-bc99db240e3b,147712
f4086df8-bcfd-406d-8092-adf3c5961645,INDUSTRI KAYU (PAJRI),71031000050004,https://fasih-sm.bps.go.id/app/assignment-detail/f4086df8-bcfd-406d-8092-adf3c5961645,31011
f4086df8-bcfd-406d-8092-adf3c5961645,JUAL GORENGAN (UNA),71031000050004,https://fasih-sm.bps.go.id/app/assignment-detail/f4086df8-bcfd-406d-8092-adf3c5961645,47242
f4f61cb8-dfa2-458f-aa9e-a5cc4da5806c,USAHA PERKEBUNAN KELAPA ,71030910010005,https://fasih-sm.bps.go.id/app/assignment-detail/f4f61cb8-dfa2-458f-aa9e-a5cc4da5806c,01261
f4f72620-742a-486c-82fe-b922394c01aa,WARUNG SEMBAKO (SINTJE LUMAHU),71031100050003,https://fasih-sm.bps.go.id/app/assignment-detail/f4f72620-742a-486c-82fe-b922394c01aa,47243
f4f72620-742a-486c-82fe-b922394c01aa,USAHA ES SERUT (STINTJE LUMAHU),71031100050003,https://fasih-sm.bps.go.id/app/assignment-detail/f4f72620-742a-486c-82fe-b922394c01aa,156101
f573e71b-d0a0-4cd5-90c3-9cde98cc8ffb,INDUSTRI KOPRA(ALEXIUS BINOWO) ,71030620050003,https://fasih-sm.bps.go.id/app/assignment-detail/f573e71b-d0a0-4cd5-90c3-9cde98cc8ffb,10421
f5f61ee8-5039-4cb1-a6f0-50ac06f2e8d5,USAHA MEMBUAT KUE (CERNI),71030910040004,https://fasih-sm.bps.go.id/app/assignment-detail/f5f61ee8-5039-4cb1-a6f0-50ac06f2e8d5,10792
f81239da-d81f-486e-af24-93c2ac23b3c6,PERDAGANGAN KUE BASAH (OLHA MANDAHARI),71030500110001,https://fasih-sm.bps.go.id/app/assignment-detail/f81239da-d81f-486e-af24-93c2ac23b3c6,47242
f82284b3-4559-44f4-817e-c5347f331243,PERKEBUNAN PALA (SUDARSO) ,71030500120003,https://fasih-sm.bps.go.id/app/assignment-detail/f82284b3-4559-44f4-817e-c5347f331243,101283
f82284b3-4559-44f4-817e-c5347f331243,WARUNG SEMBAKO (JANTRISYE) ,71030500120003,https://fasih-sm.bps.go.id/app/assignment-detail/f82284b3-4559-44f4-817e-c5347f331243,47112
f83f9b5e-65d0-413a-ac78-cc501bd7527e,SAPU IJUK TRADISIONAL RELI KARALO,71030700110001,https://fasih-sm.bps.go.id/app/assignment-detail/f83f9b5e-65d0-413a-ac78-cc501bd7527e,32909
f8f15449-7469-4c9a-9c08-5ca3051119a8,SEMBAKO(META),71030500020001,https://fasih-sm.bps.go.id/app/assignment-detail/f8f15449-7469-4c9a-9c08-5ca3051119a8,147112
fa11e7a5-1951-4c54-918b-73d90b2d51f6,PERTANIAN KELAPA (ROBEDNEGO TINUNGKI),71030800160003,https://fasih-sm.bps.go.id/app/assignment-detail/fa11e7a5-1951-4c54-918b-73d90b2d51f6,101261
faec5765-44b3-400e-9bc3-bf75d26b897f,PENJUAL PARFUM (MARSUHADI HAPANTENDA),71030900070008,https://fasih-sm.bps.go.id/app/assignment-detail/faec5765-44b3-400e-9bc3-bf75d26b897f,147774
fb012000-8471-4d49-be05-870035773cc9,INDUSTRI KOPRA TILDA,71030410030002,https://fasih-sm.bps.go.id/app/assignment-detail/fb012000-8471-4d49-be05-870035773cc9,110421
fbf279bc-0cb2-4629-a641-cd620456ee92,INDUSTRI KAYU (USMAN MANGAMBA),71031000210003,https://fasih-sm.bps.go.id/app/assignment-detail/fbf279bc-0cb2-4629-a641-cd620456ee92,31011
fbf75163-6caa-413d-b90c-d6e9a58337b2,UTP PERKEBUNAN <YUNITA NARDIATI MANGUDIS>,71030700010001,https://fasih-sm.bps.go.id/app/assignment-detail/fbf75163-6caa-413d-b90c-d6e9a58337b2,01261
fc34cc49-86b7-41db-94f4-fc6d47faf005,SDN HESANG,71030500200001,https://fasih-sm.bps.go.id/app/assignment-detail/fc34cc49-86b7-41db-94f4-fc6d47faf005,285201
fd3fdd83-df73-4910-af96-259240423b18,PERDAGANGAN SAYUR MELINJO (PATRIA LUMENTUNG) ,71030800050001,https://fasih-sm.bps.go.id/app/assignment-detail/fd3fdd83-df73-4910-af96-259240423b18,01131
ffa0080b-9cb9-4b9b-920e-fa3ca3b4a7ea,JUAL BENSIN ( REMSI C.SOROINSONG),71030500110001,https://fasih-sm.bps.go.id/app/assignment-detail/ffa0080b-9cb9-4b9b-920e-fa3ca3b4a7ea,47302
ffa0080b-9cb9-4b9b-920e-fa3ca3b4a7ea,WARUNG SEMBAKO ( LIDIA ,71030500110001,https://fasih-sm.bps.go.id/app/assignment-detail/ffa0080b-9cb9-4b9b-920e-fa3ca3b4a7ea,47112
ffa0080b-9cb9-4b9b-920e-fa3ca3b4a7ea,AGEN BRILINK ( LYDIA RINDANAUNG),71030500110001,https://fasih-sm.bps.go.id/app/assignment-detail/ffa0080b-9cb9-4b9b-920e-fa3ca3b4a7ea,66141
87bd6625-0b82-4a13-8f88-b878675a5fd1,MENJUAL IKAN JUIKE,71030920010001,https://fasih-sm.bps.go.id/app/assignment-detail/87bd6625-0b82-4a13-8f88-b878675a5fd1,47215
8907985c-2d84-43bb-b3c9-1d7900981774,INDUSTRI PENGOLAHAN KUE KERING (CHARLINA TAMAROLO),71030500130004,https://fasih-sm.bps.go.id/app/assignment-detail/8907985c-2d84-43bb-b3c9-1d7900981774,510710
8acaf73b-19ee-4ba4-b6ba-df99cce9b963,UTP PERKEBUNANA KELAPA (MEKSON MAMUKO),71030800060001,https://fasih-sm.bps.go.id/app/assignment-detail/8acaf73b-19ee-4ba4-b6ba-df99cce9b963,01261
8acaf73b-19ee-4ba4-b6ba-df99cce9b963,INDUSTRI PENGOLAHAN KOPRA (MEKSON MAMUKO),71030800060001,https://fasih-sm.bps.go.id/app/assignment-detail/8acaf73b-19ee-4ba4-b6ba-df99cce9b963,10421
8b28d420-6115-414f-88da-fdbbe42be5d0,INDUSTRI KOPRA BENYAMIN HARIMISA,71030410030004,https://fasih-sm.bps.go.id/app/assignment-detail/8b28d420-6115-414f-88da-fdbbe42be5d0,10421
8b5d5193-c0ea-4bd0-b44f-2c79e0acfd69,INDUSTRI KOPRA(MUKTI ALI),71031000250001,https://fasih-sm.bps.go.id/app/assignment-detail/8b5d5193-c0ea-4bd0-b44f-2c79e0acfd69,10421
8b6c2cbc-70c6-450e-a755-c16938e49367,KOPRA (NONALIN),71031010050001,https://fasih-sm.bps.go.id/app/assignment-detail/8b6c2cbc-70c6-450e-a755-c16938e49367,10421
8b816966-ed98-4864-9aa5-98e3c52146ed,SDN INPRES MALA,71031000120002,https://fasih-sm.bps.go.id/app/assignment-detail/8b816966-ed98-4864-9aa5-98e3c52146ed,85201
8ba9f6c2-995b-4282-a3a1-0045cca943bd,PERIKANAN(SUPRIANTO) ,71031000280003,https://fasih-sm.bps.go.id/app/assignment-detail/8ba9f6c2-995b-4282-a3a1-0045cca943bd,03110
8bc003fb-052b-451a-a4bd-f573b8a3d442,WARUNG SEMBAKO (ADELHEID) ,71031000040003,https://fasih-sm.bps.go.id/app/assignment-detail/8bc003fb-052b-451a-a4bd-f573b8a3d442,47112
8bf4d677-5c4e-4404-bfaf-92cf06d42b14,USAHA KUE BASAH(OLINTJE GAMPU)USAHA KUE BASAH(OLINTJE GAMPU),71030920010003,https://fasih-sm.bps.go.id/app/assignment-detail/8bf4d677-5c4e-4404-bfaf-92cf06d42b14,10792
8c277931-39ae-4c89-9173-12db47bf7ea0,PERIKANAN TANGKAP (BAWOLE),71031010010003,https://fasih-sm.bps.go.id/app/assignment-detail/8c277931-39ae-4c89-9173-12db47bf7ea0,03110
8c277931-39ae-4c89-9173-12db47bf7ea0,KOPRA (BAWOLE),71031010010003,https://fasih-sm.bps.go.id/app/assignment-detail/8c277931-39ae-4c89-9173-12db47bf7ea0,10421
8c3a4a91-42e5-42ef-9128-d9272b0f325f,TRANSPORTASI DARAT BENTOR (NIKOLAS TAMANGENDAR),71030500100003,https://fasih-sm.bps.go.id/app/assignment-detail/8c3a4a91-42e5-42ef-9128-d9272b0f325f,149295
8d8524a8-e460-41fb-b366-1745f9152956,PETERNAKAN BABI ( STEPANUS TATUIL),71030500110001,https://fasih-sm.bps.go.id/app/assignment-detail/8d8524a8-e460-41fb-b366-1745f9152956,01450
8fbf6988-61ff-4cc1-b16c-672045eed2ba,PEMBUATAN KETUPAT KUNING (ADRENTJE BIMBANGNAUNG),71030800120001,https://fasih-sm.bps.go.id/app/assignment-detail/8fbf6988-61ff-4cc1-b16c-672045eed2ba,10799
908cd226-b6cd-496b-8daf-8e2ff7849ef0,PERDAGANGAN TANAMAN PANGAN (SUWANENG),71030800030001,https://fasih-sm.bps.go.id/app/assignment-detail/908cd226-b6cd-496b-8daf-8e2ff7849ef0,47219
90acdbd7-5024-4069-aff8-0c37601ee05c,PANDAI BESI (NUSA LENSEHANG),71030800020002,https://fasih-sm.bps.go.id/app/assignment-detail/90acdbd7-5024-4069-aff8-0c37601ee05c,25932
90c9cc4c-f668-4a90-9329-86a2c898f5a4,PENGGERGAJIAN KAYU GELONDONGAN (PETRUS),71030500050001,https://fasih-sm.bps.go.id/app/assignment-detail/90c9cc4c-f668-4a90-9329-86a2c898f5a4,16101
90cd301b-7e79-4dd7-9b3c-38c10e39fbea,PERKEBUNAN PALA (WILTERSON METHUSALA),71030800150001,https://fasih-sm.bps.go.id/app/assignment-detail/90cd301b-7e79-4dd7-9b3c-38c10e39fbea,01283
90cd301b-7e79-4dd7-9b3c-38c10e39fbea,Memanen kelapa (wilterson methusala),71030800150001,https://fasih-sm.bps.go.id/app/assignment-detail/90cd301b-7e79-4dd7-9b3c-38c10e39fbea,01261
90cd301b-7e79-4dd7-9b3c-38c10e39fbea,Industri kopra (wilterson methusala),71030800150001,https://fasih-sm.bps.go.id/app/assignment-detail/90cd301b-7e79-4dd7-9b3c-38c10e39fbea,10421
9123a32a-8eec-466c-a8ba-3428162f4d22,PERKEBUNAN PALA (EMIL),71030800030002,https://fasih-sm.bps.go.id/app/assignment-detail/9123a32a-8eec-466c-a8ba-3428162f4d22,01283
91dc3b38-9b0e-481a-bbcb-c430d0cb1fbb,INDUSTRI FURNITUR (SIMBAT),71030800030003,https://fasih-sm.bps.go.id/app/assignment-detail/91dc3b38-9b0e-481a-bbcb-c430d0cb1fbb,131011
91dc3b38-9b0e-481a-bbcb-c430d0cb1fbb,PERKEBUNAN UBI (ADOLOF),71030800030003,https://fasih-sm.bps.go.id/app/assignment-detail/91dc3b38-9b0e-481a-bbcb-c430d0cb1fbb,101135
93ee91df-7ec5-4f88-8c16-03acc6432a33,KOPRA (YEHEZKIEL),71031010040002,https://fasih-sm.bps.go.id/app/assignment-detail/93ee91df-7ec5-4f88-8c16-03acc6432a33,10421
96d3e060-8b1b-4e3b-864d-01d8b9f44bbb,KOPRA JULIUS MAKAPUASE,71030700070002,https://fasih-sm.bps.go.id/app/assignment-detail/96d3e060-8b1b-4e3b-864d-01d8b9f44bbb,10421
9b4b1348-0ad4-4a38-81c4-f18803863fd0,Pertanian Terong (Lukas),71030500190002,https://fasih-sm.bps.go.id/app/assignment-detail/9b4b1348-0ad4-4a38-81c4-f18803863fd0,01133
9b4b1348-0ad4-4a38-81c4-f18803863fd0,Pertanian Ubi Jalar (Lukas),71030500190002,https://fasih-sm.bps.go.id/app/assignment-detail/9b4b1348-0ad4-4a38-81c4-f18803863fd0,01139
9b61d35d-b112-4757-9d6e-f2a8a66b0a46,SOPIR MIKRO (JONNLY),71030900080002,https://fasih-sm.bps.go.id/app/assignment-detail/9b61d35d-b112-4757-9d6e-f2a8a66b0a46,549293
9bd0401e-8482-467a-ba1a-36076c08cad4,PERKEBUNAN KELAPA(RIFAI MANDAK),71031000250001,https://fasih-sm.bps.go.id/app/assignment-detail/9bd0401e-8482-467a-ba1a-36076c08cad4,01261
9bdbaae4-17da-4cc7-937a-2fc382cdfddc,OJEK KELILING,71031000190001,https://fasih-sm.bps.go.id/app/assignment-detail/9bdbaae4-17da-4cc7-937a-2fc382cdfddc,49296
9c0bc6fb-2452-4d4c-8e24-f19b32b73998,PERBAIKAN ALAT ELECTRONIK ( RIVANLY SARIBU),71030900070010,https://fasih-sm.bps.go.id/app/assignment-detail/9c0bc6fb-2452-4d4c-8e24-f19b32b73998,495299
9e25e9a7-8a17-44d7-821b-583ec572f179,PERIKANAN TANGKAP (DOLFIAN),71030500050001,https://fasih-sm.bps.go.id/app/assignment-detail/9e25e9a7-8a17-44d7-821b-583ec572f179,203110
9e364746-302c-4b16-856f-3679b932b80c,INDUSTRI PENGOLAHAN KOPRA (PERDI SIKENDO),71030500130003,https://fasih-sm.bps.go.id/app/assignment-detail/9e364746-302c-4b16-856f-3679b932b80c,10421
9e9304b3-0466-4179-a66a-2ca9fe6c7264,USAHA PERKEBUNAN (ERENS JERMIAS),71030920020002,https://fasih-sm.bps.go.id/app/assignment-detail/9e9304b3-0466-4179-a66a-2ca9fe6c7264,01261
9e9304b3-0466-4179-a66a-2ca9fe6c7264,UTP PERKEBUNAN PALA ( ERENS JEREMIAS),71030920020002,https://fasih-sm.bps.go.id/app/assignment-detail/9e9304b3-0466-4179-a66a-2ca9fe6c7264,01283
9ec4cb38-0f4f-41c1-8d77-d48fbccd844e,INDUSTRI PENGOLAHAN SAGU (CHORNELES TIMUHINGIDE),71030500140003,https://fasih-sm.bps.go.id/app/assignment-detail/9ec4cb38-0f4f-41c1-8d77-d48fbccd844e,410622
9fad2a09-40d5-4688-ae67-282168659308,WARONG SEMBAKO,71030600130002,https://fasih-sm.bps.go.id/app/assignment-detail/9fad2a09-40d5-4688-ae67-282168659308,47112
a0e89594-81c0-4fd9-b601-a2179a897dd2,KUE BASAH (NOVITA GEORGE) ,71030800110001,https://fasih-sm.bps.go.id/app/assignment-detail/a0e89594-81c0-4fd9-b601-a2179a897dd2,110792
a10db3f1-de1c-4bad-97da-49236e2c9b12,JUAL PULSA ELEKTRIK (YANTI DORA),71030410060002,https://fasih-sm.bps.go.id/app/assignment-detail/a10db3f1-de1c-4bad-97da-49236e2c9b12,61201
a14bd185-d423-4712-a4ca-89ad85fad7bb,INDUSTRI PENGOLAHAN PALA,71030900110009,https://fasih-sm.bps.go.id/app/assignment-detail/a14bd185-d423-4712-a4ca-89ad85fad7bb,101283
a3452832-3cdb-4388-9ce2-bbdb4ca11e27,UTP PERKEBUNAN JUNAIDI MENDALURANG,71031000200003,https://fasih-sm.bps.go.id/app/assignment-detail/a3452832-3cdb-4388-9ce2-bbdb4ca11e27,01283
a5a8becc-354b-49de-858d-2eb656dbfef8,BENGKEL (SYAFRUDIN SAMALAM),71030910030007,https://fasih-sm.bps.go.id/app/assignment-detail/a5a8becc-354b-49de-858d-2eb656dbfef8,95311
a655c976-cf04-464b-a789-ae43e3d8cfe3,PENGOLAHAN KOPRA (JUNIUS MAATI) ,71030600090003,https://fasih-sm.bps.go.id/app/assignment-detail/a655c976-cf04-464b-a789-ae43e3d8cfe3,10421
a672f382-4784-4048-919d-08894de93f8a,MENJUAL KUE BASAH ( MEYTA) ,71030910030005,https://fasih-sm.bps.go.id/app/assignment-detail/a672f382-4784-4048-919d-08894de93f8a,47242
a6ac6702-1d81-433e-9de6-7554cbf6d593,USAHA PENGOLAHAN ROTI (YULIANCE MANGANGGUNG) ,71030800050001,https://fasih-sm.bps.go.id/app/assignment-detail/a6ac6702-1d81-433e-9de6-7554cbf6d593,210710
a6c999df-0f98-4ccd-8c39-ec10146fca3c,GULUNGAN TALI PANJING ( ELI KARIMELA ),71030700180002,https://fasih-sm.bps.go.id/app/assignment-detail/a6c999df-0f98-4ccd-8c39-ec10146fca3c,16299
a7247ecf-a1d3-474e-afb8-a107ad7c40c3,TEMPAT PENJUALAN ES BATU DAN PLASTIK ES,71030610040004,https://fasih-sm.bps.go.id/app/assignment-detail/a7247ecf-a1d3-474e-afb8-a107ad7c40c3,335302
a79671c3-b478-4507-a8f2-3ac405803877,KIOS SEMBAKO (AHGUSTA MANDALIKA),71030910040005,https://fasih-sm.bps.go.id/app/assignment-detail/a79671c3-b478-4507-a8f2-3ac405803877,47112
a8aabafe-bcd6-4f92-b371-103195fe1e92,PERKEBUNAN KELAPA (AMBI),71031000020003,https://fasih-sm.bps.go.id/app/assignment-detail/a8aabafe-bcd6-4f92-b371-103195fe1e92,101261
a9727cb0-f198-4b7e-a3c1-8da7d5206829,PENGOLAHAN KOPRA (MELKI MANSIARANG) ,71030600060002,https://fasih-sm.bps.go.id/app/assignment-detail/a9727cb0-f198-4b7e-a3c1-8da7d5206829,10421
aa88e5e0-cba2-463f-bfd1-2b6bc1a7f474,PENGOLAHAN KELAPA,71030600100001,https://fasih-sm.bps.go.id/app/assignment-detail/aa88e5e0-cba2-463f-bfd1-2b6bc1a7f474,10421
ad07f8bf-f329-4f2a-a943-668423eca52d,MENJUAL KOPI BUBUK KAMPUNG (JUHURIA MATANTU),71031000230003,https://fasih-sm.bps.go.id/app/assignment-detail/ad07f8bf-f329-4f2a-a943-668423eca52d,247243
ae5add9b-642d-4425-8391-db19172bfcf2,UTP PERKEBUNAN (PERLITO DAINGA) ,71030700060004,https://fasih-sm.bps.go.id/app/assignment-detail/ae5add9b-642d-4425-8391-db19172bfcf2,101261
ae5add9b-642d-4425-8391-db19172bfcf2,INDUSTRI KOPRA (PERLITO DAINGA) ,71030700060004,https://fasih-sm.bps.go.id/app/assignment-detail/ae5add9b-642d-4425-8391-db19172bfcf2,10421
aea39d10-9400-4049-b39a-700a792d6227,MEMBUAT IKAN ASIN (NONALICE),71031100080002,https://fasih-sm.bps.go.id/app/assignment-detail/aea39d10-9400-4049-b39a-700a792d6227,10211
afc76a9b-228b-4736-b53f-f12a3f8fcaab,SALON RAMBUT,71030400100001,https://fasih-sm.bps.go.id/app/assignment-detail/afc76a9b-228b-4736-b53f-f12a3f8fcaab,96210
afd060f6-b112-4c78-a876-2f0c248df548,BENGKEL MOTOR (STEVANY),71031000230002,https://fasih-sm.bps.go.id/app/assignment-detail/afd060f6-b112-4c78-a876-2f0c248df548,95320
b187d30d-3d26-4306-a21d-5a6d89436bd9,Tukang ojek,71030400110002,https://fasih-sm.bps.go.id/app/assignment-detail/b187d30d-3d26-4306-a21d-5a6d89436bd9,149296
b1aea385-9438-4443-8edf-99ff4a447f68,JASA SOPIR ANGKUTAN PENUMPANG ( ZEMIRAMOT ),71030700060002,https://fasih-sm.bps.go.id/app/assignment-detail/b1aea385-9438-4443-8edf-99ff4a447f68,49299
b26e3b8e-a274-441f-b9a9-6d7801973737,TANAMAN PANGAN (ANWAR DURUBATU) ,71031100030005,https://fasih-sm.bps.go.id/app/assignment-detail/b26e3b8e-a274-441f-b9a9-6d7801973737,01139
b5c099f1-d9ee-49df-babf-b26b32b10d00,TK ABA,71031000220002,https://fasih-sm.bps.go.id/app/assignment-detail/b5c099f1-d9ee-49df-babf-b26b32b10d00,85102
b7e38a26-92ac-4e7e-945f-d49939263b2b,INDUSTRI PENGOLAHAN KOPRA (JEAN),71031100080004,https://fasih-sm.bps.go.id/app/assignment-detail/b7e38a26-92ac-4e7e-945f-d49939263b2b,10421
b8fc2a48-0704-4d6e-9d8c-1c7963788cff,INDUSTRI KOPRA (MUSLIM LAMBEHARI),71030600200001,https://fasih-sm.bps.go.id/app/assignment-detail/b8fc2a48-0704-4d6e-9d8c-1c7963788cff,110421
bbd31c66-bdc4-4c71-9ed7-c351c2e10be4,JUAL AYAM DAGING SRI LESTARI,71030900070011,https://fasih-sm.bps.go.id/app/assignment-detail/bbd31c66-bdc4-4c71-9ed7-c351c2e10be4,247214
bc0a2e98-c3c0-4f3e-9528-302496b67a84,JUAL VOUCHER (AISYAH),71031100080003,https://fasih-sm.bps.go.id/app/assignment-detail/bc0a2e98-c3c0-4f3e-9528-302496b67a84,61903
bc0a2e98-c3c0-4f3e-9528-302496b67a84,PENANGKAPAN IKAN DI LAUT (REIN),71031100080003,https://fasih-sm.bps.go.id/app/assignment-detail/bc0a2e98-c3c0-4f3e-9528-302496b67a84,03110
bd2395fa-9f34-4517-a348-8535a0204018,INDUSTRI KOPRA APRINCE,71030410030002,https://fasih-sm.bps.go.id/app/assignment-detail/bd2395fa-9f34-4517-a348-8535a0204018,110421
be465293-5165-4b82-8b91-75751b50d347,PERKEBUNAN PALA ABEDNEGO,71030910050008,https://fasih-sm.bps.go.id/app/assignment-detail/be465293-5165-4b82-8b91-75751b50d347,101283
c14f0a22-b764-41f9-bae1-8b87b6178f45,PERKEBUNAN (AMRIA GAGHAUBE),71030400070001,https://fasih-sm.bps.go.id/app/assignment-detail/c14f0a22-b764-41f9-bae1-8b87b6178f45,101283
c4481642-7e05-4742-9aa8-f75fae5cf93e,INDUSTRI KOPRA (NEDJO TAKAPAHA) ,71030700090002,https://fasih-sm.bps.go.id/app/assignment-detail/c4481642-7e05-4742-9aa8-f75fae5cf93e,10421
c46d2bd4-c080-4756-a588-4aff594a7f3e,PETERNAKAN (ALI),71031010020001,https://fasih-sm.bps.go.id/app/assignment-detail/c46d2bd4-c080-4756-a588-4aff594a7f3e,01469
c67629c4-14da-4637-820b-347ad0fc1f01,TAKSI PENUMPANG,71030400100001,https://fasih-sm.bps.go.id/app/assignment-detail/c67629c4-14da-4637-820b-347ad0fc1f01,49293
c67629c4-14da-4637-820b-347ad0fc1f01,Toko peralatan rumah tangga,71030400100001,https://fasih-sm.bps.go.id/app/assignment-detail/c67629c4-14da-4637-820b-347ad0fc1f01,47599
c7645dec-0b60-4a9d-ae6d-aa23fbea0dea,JUAL PULSA (DIRTJE KAHIMPONG) ,71030900110005,https://fasih-sm.bps.go.id/app/assignment-detail/c7645dec-0b60-4a9d-ae6d-aa23fbea0dea,61209
c7fed7bf-c6a4-4e0e-9561-5a5d2fbd91be,INDUSTRI KOPRA (SUMARTO) ,71031000030001,https://fasih-sm.bps.go.id/app/assignment-detail/c7fed7bf-c6a4-4e0e-9561-5a5d2fbd91be,10421
c7fed7bf-c6a4-4e0e-9561-5a5d2fbd91be,KUE BASAH (JUMRIA) ,71031000030001,https://fasih-sm.bps.go.id/app/assignment-detail/c7fed7bf-c6a4-4e0e-9561-5a5d2fbd91be,10792
c7fed7bf-c6a4-4e0e-9561-5a5d2fbd91be,PERKEBUNAN PALA (SUMARTO) ,71031000030001,https://fasih-sm.bps.go.id/app/assignment-detail/c7fed7bf-c6a4-4e0e-9561-5a5d2fbd91be,01283
ca2e7199-4760-4cd6-a81b-fee02edab338,TANAMAN PANGAN (PINTJE) ,71030500120005,https://fasih-sm.bps.go.id/app/assignment-detail/ca2e7199-4760-4cd6-a81b-fee02edab338,101135
ca3f8325-5a9e-4804-9fad-9e886ce537ad,JUAL SAGU (RODE) ,71030500060003,https://fasih-sm.bps.go.id/app/assignment-detail/ca3f8325-5a9e-4804-9fad-9e886ce537ad,547219
cb1f2f3e-4c09-4e5c-bd78-3d748168b7a4,PENJUAL IKAN (SUUD DAENG MADEO),71030910030009,https://fasih-sm.bps.go.id/app/assignment-detail/cb1f2f3e-4c09-4e5c-bd78-3d748168b7a4,147215
cb800af4-7b38-4183-8c31-e8c42155c715,MENANAM UBI KAYU,71030610050001,https://fasih-sm.bps.go.id/app/assignment-detail/cb800af4-7b38-4183-8c31-e8c42155c715,01135
cc89c23b-f6ad-4b8d-9842-fa19a8c500b2,USAHA PERKEBUNAN CENGKEH ,71031000080002,https://fasih-sm.bps.go.id/app/assignment-detail/cc89c23b-f6ad-4b8d-9842-fa19a8c500b2,103221
cc89c23b-f6ad-4b8d-9842-fa19a8c500b2,Usaha Budidaya ikan air tawar ,71031000080002,https://fasih-sm.bps.go.id/app/assignment-detail/cc89c23b-f6ad-4b8d-9842-fa19a8c500b2,103221
d12e6f1b-22d7-4058-b4e3-1211cb33300d,PERKEBUNAN UBI (DELFY),71030800030003,https://fasih-sm.bps.go.id/app/assignment-detail/d12e6f1b-22d7-4058-b4e3-1211cb33300d,101135
d12e6f1b-22d7-4058-b4e3-1211cb33300d,PETERNAKAN ANJING (ELVIS),71030800030003,https://fasih-sm.bps.go.id/app/assignment-detail/d12e6f1b-22d7-4058-b4e3-1211cb33300d,101499
d12e6f1b-22d7-4058-b4e3-1211cb33300d,PENGOLAHAN KOPRA (ELVIS),71030800030003,https://fasih-sm.bps.go.id/app/assignment-detail/d12e6f1b-22d7-4058-b4e3-1211cb33300d,110421
d27d5e55-9d77-433c-a8c4-0d0a9bc93b99,MENANAM UBI KAYU (MARDIANA MANIKU),71031000130002,https://fasih-sm.bps.go.id/app/assignment-detail/d27d5e55-9d77-433c-a8c4-0d0a9bc93b99,01135
d27d5e55-9d77-433c-a8c4-0d0a9bc93b99,JASA PANJAT KELAPA (ABDUL),71031000130002,https://fasih-sm.bps.go.id/app/assignment-detail/d27d5e55-9d77-433c-a8c4-0d0a9bc93b99,01613
d374f1e8-3bc4-40af-b88f-09404af6204e,PERKEBUNAN PALA (YULIAN RAPPE),71031100050004,https://fasih-sm.bps.go.id/app/assignment-detail/d374f1e8-3bc4-40af-b88f-09404af6204e,101283
d374f1e8-3bc4-40af-b88f-09404af6204e,PERKEBUNAN KELAPA (YULIAN RAPPE),71031100050004,https://fasih-sm.bps.go.id/app/assignment-detail/d374f1e8-3bc4-40af-b88f-09404af6204e,10421
d409203e-0fce-48ef-9798-bbadc75edea2,UBI JALAR (HASAN MUSA LAHENGKO),71030800120001,https://fasih-sm.bps.go.id/app/assignment-detail/d409203e-0fce-48ef-9798-bbadc75edea2,201135
d45374e6-cf3e-40da-a66f-c6dcb98d61ce,PEDAGANG SAYUR SEGAR DAN REMPAH DAUN ENCERAN ,71031000090003,https://fasih-sm.bps.go.id/app/assignment-detail/d45374e6-cf3e-40da-a66f-c6dcb98d61ce,47213
d7861537-3b82-4553-b464-0c127380c3a3,PERKEBUNAN PALA (STENLY),71030800010003,https://fasih-sm.bps.go.id/app/assignment-detail/d7861537-3b82-4553-b464-0c127380c3a3,01283
d7861537-3b82-4553-b464-0c127380c3a3,PERKEBUNAN PALA (JULIRNIA),71030800010003,https://fasih-sm.bps.go.id/app/assignment-detail/d7861537-3b82-4553-b464-0c127380c3a3,01283
d7f1e36e-87ab-4bb0-a1e1-469ebe1a8d41,KOPRA (MASRI),71031010040001,https://fasih-sm.bps.go.id/app/assignment-detail/d7f1e36e-87ab-4bb0-a1e1-469ebe1a8d41,10421
d7f1e36e-87ab-4bb0-a1e1-469ebe1a8d41,Perikanan (Masri),71031010040001,https://fasih-sm.bps.go.id/app/assignment-detail/d7f1e36e-87ab-4bb0-a1e1-469ebe1a8d41,03110
d9240e3e-1342-445a-8222-c7e55ff8f577,USAHA PERKEBUNAN (YUSTIN),71030910040004,https://fasih-sm.bps.go.id/app/assignment-detail/d9240e3e-1342-445a-8222-c7e55ff8f577,01283
d9592970-7efa-47a4-aa77-57bf842043ce,MENJUAL IKAN MENTAH MATURENDEHE,71030900070011,https://fasih-sm.bps.go.id/app/assignment-detail/d9592970-7efa-47a4-aa77-57bf842043ce,247215
dcb819d3-0e92-4f91-be58-e6b46fdc48b9,"PERKEBUNAN PALA,KOPRA",71030800130001,https://fasih-sm.bps.go.id/app/assignment-detail/dcb819d3-0e92-4f91-be58-e6b46fdc48b9,82921
dd023e6f-df27-4c17-a403-6e815ecf1a54,PERKEBUNAN PALA (SELSIUS),71030800030001,https://fasih-sm.bps.go.id/app/assignment-detail/dd023e6f-df27-4c17-a403-6e815ecf1a54,01283
de7a5144-267c-4b5b-abaa-41b2eb6d3d3f,PERIKANAN TANGKAP (TANEL),71031010010002,https://fasih-sm.bps.go.id/app/assignment-detail/de7a5144-267c-4b5b-abaa-41b2eb6d3d3f,03110
de83dd2b-0328-49c4-bd75-8c6bc374fe37,KIOS SEMBAKO (SOFIA),71030800030001,https://fasih-sm.bps.go.id/app/assignment-detail/de83dd2b-0328-49c4-bd75-8c6bc374fe37,47112
de83dd2b-0328-49c4-bd75-8c6bc374fe37,JUAL POP ICE (SOFIA),71030800030001,https://fasih-sm.bps.go.id/app/assignment-detail/de83dd2b-0328-49c4-bd75-8c6bc374fe37,56304
decaeb9c-b802-4e5f-b5b3-69ec89118291,ANGKUTAN OJEK MOTOR (SEMUEL KAOLANG),71030600080002,https://fasih-sm.bps.go.id/app/assignment-detail/decaeb9c-b802-4e5f-b5b3-69ec89118291,149296
e16552a9-3dec-4424-b3e0-efa805ef1213,USAHA JASA SOPIR KELILING (JEI DONEVEN TIMBULE),71030800050003,https://fasih-sm.bps.go.id/app/assignment-detail/e16552a9-3dec-4424-b3e0-efa805ef1213,49213
e1beeadf-cdae-4328-8ca8-c48f34e167a0,BENSIN ECERAN (MARYAM) ,71031000240003,https://fasih-sm.bps.go.id/app/assignment-detail/e1beeadf-cdae-4328-8ca8-c48f34e167a0,47301
e1d6e1ad-12af-4c08-befb-3b4b6580cd5e,KOPRA NOFRI TEMPOMONA,71030700070002,https://fasih-sm.bps.go.id/app/assignment-detail/e1d6e1ad-12af-4c08-befb-3b4b6580cd5e,10421
e1fdabdd-8816-4abb-9889-7c01d09d6e57,USAHA KUE KERING (SURIANI DANDEL),71031000030003,https://fasih-sm.bps.go.id/app/assignment-detail/e1fdabdd-8816-4abb-9889-7c01d09d6e57,10710
e1fdabdd-8816-4abb-9889-7c01d09d6e57,INDUSTRI KOPRA (NURDIN TAMPILANG),71031000030003,https://fasih-sm.bps.go.id/app/assignment-detail/e1fdabdd-8816-4abb-9889-7c01d09d6e57,110421
e31400de-d060-42ea-95c1-6ce4f7363a59,PERDAGANGAN IKAN,71031020030001,https://fasih-sm.bps.go.id/app/assignment-detail/e31400de-d060-42ea-95c1-6ce4f7363a59,47215
e32b6a1b-5b1f-4936-a90b-96e78d57e1d4,PENGOLAHAN KELAPA ( ROBY),71031100050001,https://fasih-sm.bps.go.id/app/assignment-detail/e32b6a1b-5b1f-4936-a90b-96e78d57e1d4,10421
e38aff4d-8efa-4af4-89e9-462e06b0ed10,ANGKUTAN DARAT PENUMPANG (DJAINUDIN NANA) ,71030500090001,https://fasih-sm.bps.go.id/app/assignment-detail/e38aff4d-8efa-4af4-89e9-462e06b0ed10,49295
e5f9153e-5212-4a19-a383-1d0fed2120c9,UPT PERKEBUNAN JUNIAS BETAH,71030410040001,https://fasih-sm.bps.go.id/app/assignment-detail/e5f9153e-5212-4a19-a383-1d0fed2120c9,101261
e6346542-018f-4d80-a97f-4f2ef5fee6a5,PENGOLAHAN SAGU UBI (YULIN),71030500190001,https://fasih-sm.bps.go.id/app/assignment-detail/e6346542-018f-4d80-a97f-4f2ef5fee6a5,110613
e7b73bdb-ebaa-4db9-b60d-aa0813bb8fee,USAHA PERKEBUNAN KELAPA (BASIR),71031000100002,https://fasih-sm.bps.go.id/app/assignment-detail/e7b73bdb-ebaa-4db9-b60d-aa0813bb8fee,101261
e9ec043d-b4c3-4bb1-a557-ea9f927b61c0,PENGOLAHAN KOPRA,71030920010005,https://fasih-sm.bps.go.id/app/assignment-detail/e9ec043d-b4c3-4bb1-a557-ea9f927b61c0,10421
ea0308ab-c89f-4999-bfcb-5fa88ed59cff,INDUSTRI PENGOLAHAN KOPRA,71030700060002,https://fasih-sm.bps.go.id/app/assignment-detail/ea0308ab-c89f-4999-bfcb-5fa88ed59cff,10421
eb3739fe-958a-42b4-a07c-a06324ef0699,MENGELOLAH KELAPA MENJADI KOPRA ,71030610030001,https://fasih-sm.bps.go.id/app/assignment-detail/eb3739fe-958a-42b4-a07c-a06324ef0699,10421
ed66e621-01c1-4b60-afa0-a310af1f4300,INDUSTRI PENGOLAHAN KOPRA (RIFANDI SONDANG) ,71031100030005,https://fasih-sm.bps.go.id/app/assignment-detail/ed66e621-01c1-4b60-afa0-a310af1f4300,10421
ee24019b-d183-41f3-a833-98a254a9f72f,UTP PERKEBUNAN CENGKIH HARTINI AIBA,71030700060003,https://fasih-sm.bps.go.id/app/assignment-detail/ee24019b-d183-41f3-a833-98a254a9f72f,01282
ef27e11d-dbb0-42fc-97c9-7ab269262d3f,INDUSTRI PENGOLAHAN KOPRA (ANWAR PUSING) ,71031100020003,https://fasih-sm.bps.go.id/app/assignment-detail/ef27e11d-dbb0-42fc-97c9-7ab269262d3f,10421
f0d3bd79-e943-4b77-a55a-bd82e24c18b7,buruh bagasi (peldrik),71030910020001,https://fasih-sm.bps.go.id/app/assignment-detail/f0d3bd79-e943-4b77-a55a-bd82e24c18b7,52240
f2ce54c9-3546-492f-953e-7ec171957b16,JUAL PULSA CHENNY TINEKE SIWU,71030900120001,https://fasih-sm.bps.go.id/app/assignment-detail/f2ce54c9-3546-492f-953e-7ec171957b16,61209
f2ddc474-cecf-46b8-856c-4f0e6a29d08f,PERIKANAN TANGKAP (SIMSON KAMANSING),71031010010004,https://fasih-sm.bps.go.id/app/assignment-detail/f2ddc474-cecf-46b8-856c-4f0e6a29d08f,03110
f5466bfa-9bb0-414c-99e7-2e5d4aff6541,PERKEBUNAN PALA(PITER LAKADA),71030800150002,https://fasih-sm.bps.go.id/app/assignment-detail/f5466bfa-9bb0-414c-99e7-2e5d4aff6541,01283
f5466bfa-9bb0-414c-99e7-2e5d4aff6541,Industri kopra(Piter lakada),71030800150002,https://fasih-sm.bps.go.id/app/assignment-detail/f5466bfa-9bb0-414c-99e7-2e5d4aff6541,10421
f55428e3-bfef-41df-b23e-796bc38514de,BURUH ANGKUT BARANG PENUMPANG DIKAPAL (NOCH RENMAUR),71030910070009,https://fasih-sm.bps.go.id/app/assignment-detail/f55428e3-bfef-41df-b23e-796bc38514de,152240
f64143c9-1035-4753-aa8b-98e160993056,KIOS SEMBAKO ,71030600130002,https://fasih-sm.bps.go.id/app/assignment-detail/f64143c9-1035-4753-aa8b-98e160993056,47219
f64a8c72-1fb8-4a69-9b92-2cad58c4632f,RUMAH MAKAN EMBO TIEN,71030910040002,https://fasih-sm.bps.go.id/app/assignment-detail/f64a8c72-1fb8-4a69-9b92-2cad58c4632f,256101
f705e841-6f24-409e-b7c9-1dd0970a406f,INDUSTRI KOPRA (MAKDI),71031000120001,https://fasih-sm.bps.go.id/app/assignment-detail/f705e841-6f24-409e-b7c9-1dd0970a406f,10421
f7585277-d685-4f1d-9ec9-7bcde2d51ee9,PERKEBUNAN PALA (POLCE),71030800030001,https://fasih-sm.bps.go.id/app/assignment-detail/f7585277-d685-4f1d-9ec9-7bcde2d51ee9,01283
f7585277-d685-4f1d-9ec9-7bcde2d51ee9,PERKEBUNAN KELAPA (JAKOBUS),71030800030001,https://fasih-sm.bps.go.id/app/assignment-detail/f7585277-d685-4f1d-9ec9-7bcde2d51ee9,01261
f7585277-d685-4f1d-9ec9-7bcde2d51ee9,INDUSTRI KOPRA (JAKOBUS),71030800030001,https://fasih-sm.bps.go.id/app/assignment-detail/f7585277-d685-4f1d-9ec9-7bcde2d51ee9,10421
f800323c-f2be-49be-a40c-b0648a293607,PENANGKAPAN IKAN (RANI JUN BEMBOA),71030600130001,https://fasih-sm.bps.go.id/app/assignment-detail/f800323c-f2be-49be-a40c-b0648a293607,03110
f84ae4e0-907e-4a54-b751-3d8a97377a60,PENANGKAPAN IKAN (OKTARIS JAN MENDARAGHE SAMAU) ,71030600150001,https://fasih-sm.bps.go.id/app/assignment-detail/f84ae4e0-907e-4a54-b751-3d8a97377a60,03110
f84ae4e0-907e-4a54-b751-3d8a97377a60,PERKEBUNAN (OKTARIS JAN MENDARAGHE SAMAU),71030600150001,https://fasih-sm.bps.go.id/app/assignment-detail/f84ae4e0-907e-4a54-b751-3d8a97377a60,01282
fa63ddee-6897-4b68-b8a7-5a36394d4c7c,WARUNG SEMBAKO ( TIMOTY),71031100050002,https://fasih-sm.bps.go.id/app/assignment-detail/fa63ddee-6897-4b68-b8a7-5a36394d4c7c,147112
fb9a66e6-82de-4428-b887-5d1e48ece169,INDUSTRI KOPRA MILIK JAINIDA SIRIH ,71031000260003,https://fasih-sm.bps.go.id/app/assignment-detail/fb9a66e6-82de-4428-b887-5d1e48ece169,10421
fb9a66e6-82de-4428-b887-5d1e48ece169,PENAMBANG BATU DAN PASIR ,71031000260003,https://fasih-sm.bps.go.id/app/assignment-detail/fb9a66e6-82de-4428-b887-5d1e48ece169,08109
fba585cd-96e8-43fc-a46f-33977d366017,MENJUAL POP ICE,71030910030005,https://fasih-sm.bps.go.id/app/assignment-detail/fba585cd-96e8-43fc-a46f-33977d366017,10504
fe001e0c-087a-4e8c-8b53-4d42db615783,KOPRA (ARYS SUWANDI),71031010010005,https://fasih-sm.bps.go.id/app/assignment-detail/fe001e0c-087a-4e8c-8b53-4d42db615783,10421
fefc60d0-7890-4e8e-9c00-1556f5eec03a,ANGKUTAN OJEK (MUHAMMAD NASIR PANSARIANG),71031000230001,https://fasih-sm.bps.go.id/app/assignment-detail/fefc60d0-7890-4e8e-9c00-1556f5eec03a,49296
00dc8ede-bd00-4fea-a32a-60dfaeedc662,PENATAAN DAN PERAWATAN RAMBUT (MAYA SOPHIA LAHIMANG),71030500110001,https://fasih-sm.bps.go.id/app/assignment-detail/00dc8ede-bd00-4fea-a32a-60dfaeedc662,96210
0142498f-5cd2-4e75-b4fc-b8b638a53c99,PERTANIAN UBI KAYU(ALFONSIUS MAKARANTUGE),71030900120011,https://fasih-sm.bps.go.id/app/assignment-detail/0142498f-5cd2-4e75-b4fc-b8b638a53c99,101135
0144a948-b930-493b-ae8b-f4cbe5bf6a75,WARUNG SEMBAKO (POTRES TINUNGKI),71030400100004,https://fasih-sm.bps.go.id/app/assignment-detail/0144a948-b930-493b-ae8b-f4cbe5bf6a75,147112
02231b39-4dc3-462f-8ca4-677e31798bbb,SOPIR ANGKOT ( MUHAMAD HENDRA),71030900140005,https://fasih-sm.bps.go.id/app/assignment-detail/02231b39-4dc3-462f-8ca4-677e31798bbb,49213
02389bd9-f711-4a03-b50a-26d9cb2134c0,INDUSTRI PENGOLAHAN IKAN (RISWANTO),71031100080004,https://fasih-sm.bps.go.id/app/assignment-detail/02389bd9-f711-4a03-b50a-26d9cb2134c0,10421
02389bd9-f711-4a03-b50a-26d9cb2134c0,MEMETIK BUAH PALA (RISWANTO),71031100080004,https://fasih-sm.bps.go.id/app/assignment-detail/02389bd9-f711-4a03-b50a-26d9cb2134c0,01283
02389bd9-f711-4a03-b50a-26d9cb2134c0,PENANGKAPAN IKAN (RISWANTO),71031100080004,https://fasih-sm.bps.go.id/app/assignment-detail/02389bd9-f711-4a03-b50a-26d9cb2134c0,03110
030c6976-c8fa-4f31-be6f-9c9b1dd65d19,JASA ANGKUTAN UMUN,71030920030006,https://fasih-sm.bps.go.id/app/assignment-detail/030c6976-c8fa-4f31-be6f-9c9b1dd65d19,49219
033b6b3a-a476-4688-a7ec-68cef2e59cb9,JUALAN KUEH ANITJE TONDOMPATO,71030410040004,https://fasih-sm.bps.go.id/app/assignment-detail/033b6b3a-a476-4688-a7ec-68cef2e59cb9,110792
0481b89a-08d7-44d3-936e-53b9ab8957ec,UTP TANAMAN SAYUR-SAYURAN (NORMINCE SANGKUNI),71030800140003,https://fasih-sm.bps.go.id/app/assignment-detail/0481b89a-08d7-44d3-936e-53b9ab8957ec,401253
04943192-4755-4134-a5b9-b091b31ac41a,"JUAL IKAN FUFU, SAODAH DAENG ARMADEA",71030900070011,https://fasih-sm.bps.go.id/app/assignment-detail/04943192-4755-4134-a5b9-b091b31ac41a,147215
04d80286-daa9-4f12-af9e-bd76661a4297,USAHA PEDANG DAN PISAU,71030700120002,https://fasih-sm.bps.go.id/app/assignment-detail/04d80286-daa9-4f12-af9e-bd76661a4297,25932
0550d56b-5a58-4007-8f51-7076124d1d14,PENGRAJIN MEUBEL (LENSE) ,71031000030001,https://fasih-sm.bps.go.id/app/assignment-detail/0550d56b-5a58-4007-8f51-7076124d1d14,31011
0550d56b-5a58-4007-8f51-7076124d1d14,PERTALITE ECERAN (MAIMUNA) ,71031000030001,https://fasih-sm.bps.go.id/app/assignment-detail/0550d56b-5a58-4007-8f51-7076124d1d14,47302
060bdd14-c103-485d-998b-d891840c0159,Tukang ojek motor (Sophian),71030500080003,https://fasih-sm.bps.go.id/app/assignment-detail/060bdd14-c103-485d-998b-d891840c0159,49296
06394c6c-9ce7-4f7c-a7d4-3bb2b936abb8,USAHA KOS KOSAN (SYAHRUL HIOMBALANG) ,71030910030002,https://fasih-sm.bps.go.id/app/assignment-detail/06394c6c-9ce7-4f7c-a7d4-3bb2b936abb8,255909
0724176a-4dfc-4854-83ac-8f943604af1b,USAHA SABLON (PAMAN MELKI) ,71031000240001,https://fasih-sm.bps.go.id/app/assignment-detail/0724176a-4dfc-4854-83ac-8f943604af1b,13139
07e8ca49-8d0e-4315-a99a-0eddc2b4094f,JUALAN IKAN (SIANE BANGKA),71030900140010,https://fasih-sm.bps.go.id/app/assignment-detail/07e8ca49-8d0e-4315-a99a-0eddc2b4094f,247753
08c3c046-399d-46f2-a270-1add6085ee75,PENGOLAHAN KUE BASAH (HASILINA),71030500160003,https://fasih-sm.bps.go.id/app/assignment-detail/08c3c046-399d-46f2-a270-1add6085ee75,10792
098119bf-e6b4-4f06-a0f4-76a8f94b18ca,KUE BASAH (RISNAWATI ),71031000210002,https://fasih-sm.bps.go.id/app/assignment-detail/098119bf-e6b4-4f06-a0f4-76a8f94b18ca,10792
0bd9c469-5d05-40f7-a581-167d41c21e4f,KIOS SEMBAKO ( SURWANI PAILAHA ),71030910030003,https://fasih-sm.bps.go.id/app/assignment-detail/0bd9c469-5d05-40f7-a581-167d41c21e4f,47112
0d29e974-c8cb-489d-9a91-846e7297a9c6,UTP HORTIKULTURA (ARTHUR),71030900100002,https://fasih-sm.bps.go.id/app/assignment-detail/0d29e974-c8cb-489d-9a91-846e7297a9c6,01138
0d329dc5-f7f7-491e-bef0-6622d42a42a0,UTP TANAMAN PANGAN (MASNI BARANISE),71030600080001,https://fasih-sm.bps.go.id/app/assignment-detail/0d329dc5-f7f7-491e-bef0-6622d42a42a0,01139
0d9eab8a-7510-45fe-af59-228024805bd3,PERKEBUNAN (NELCI MAHARIBE),71030400140001,https://fasih-sm.bps.go.id/app/assignment-detail/0d9eab8a-7510-45fe-af59-228024805bd3,01283
0dde00f3-ebff-4b00-b6c9-4c3bb92acc91,JUAL BENSIN (SHERLY SONYA MAKAGIANSAR),71030500110002,https://fasih-sm.bps.go.id/app/assignment-detail/0dde00f3-ebff-4b00-b6c9-4c3bb92acc91,47301
0de5304e-e07d-4cd5-898d-deb0935e8741,WARUNG SEMBAKO (MASFIRAH MAKAHIKING) ,71031000050004,https://fasih-sm.bps.go.id/app/assignment-detail/0de5304e-e07d-4cd5-898d-deb0935e8741,47112
0df9e5de-a876-486c-b2a2-a8edf8e5b8e9,MEMETIK BUAH PALA (FERDI) ,71031100020003,https://fasih-sm.bps.go.id/app/assignment-detail/0df9e5de-a876-486c-b2a2-a8edf8e5b8e9,01283
0df9e5de-a876-486c-b2a2-a8edf8e5b8e9,MENYEDIAKAN. MAKANAN MASAK (GETRIYES) ,71031100020003,https://fasih-sm.bps.go.id/app/assignment-detail/0df9e5de-a876-486c-b2a2-a8edf8e5b8e9,56101
0e3c5894-b8fb-4f1e-bc37-50d7be3a970d,BUDIDAYA UBI JALAR (NARNITA TAKALIUANG) ,71030600140002,https://fasih-sm.bps.go.id/app/assignment-detail/0e3c5894-b8fb-4f1e-bc37-50d7be3a970d,01139
0ef383ec-593d-41df-b73a-0cc7d171df7b,UTP PERIKANAN (HENDRIK LOLAROH) ,71030920050004,https://fasih-sm.bps.go.id/app/assignment-detail/0ef383ec-593d-41df-b73a-0cc7d171df7b,03110
0ef383ec-593d-41df-b73a-0cc7d171df7b,USAHA JUAL IKAN (NETHI MANIHAI) ,71030920050004,https://fasih-sm.bps.go.id/app/assignment-detail/0ef383ec-593d-41df-b73a-0cc7d171df7b,47215
10319593-d591-4e2a-a78b-e573e088ab79,WARUNG SEMBAKO (EVA IRVIA MELALONDO),71030910040005,https://fasih-sm.bps.go.id/app/assignment-detail/10319593-d591-4e2a-a78b-e573e088ab79,47112
114fd4d0-2729-4cf7-a946-d535c388abbe,WARUNG SEMBAKO (DJAPRI) ,71030500090002,https://fasih-sm.bps.go.id/app/assignment-detail/114fd4d0-2729-4cf7-a946-d535c388abbe,47112
127dfd1b-99eb-46d0-9794-90db43f81ad2,BKU USAHA SEMBAKO IBU SENDUNG,71030800120003,https://fasih-sm.bps.go.id/app/assignment-detail/127dfd1b-99eb-46d0-9794-90db43f81ad2,47112
16584225-c4cd-4969-952c-3b1092248ef3,INDUSTRI KOPRA (REMBRAN RUATIMBANG) ,71031000140004,https://fasih-sm.bps.go.id/app/assignment-detail/16584225-c4cd-4969-952c-3b1092248ef3,10421
175ea935-b6e0-4cc5-91ae-2e6466e64041,INDUSTRI KOPRA MARTHIN PUDIHANG,71030910040001,https://fasih-sm.bps.go.id/app/assignment-detail/175ea935-b6e0-4cc5-91ae-2e6466e64041,10421
178191d7-c785-43c4-83ad-3f3eec38e5cf,UTP INDUSTRI KOPRA (RUSTAM KATULUNG) ,71030410010001,https://fasih-sm.bps.go.id/app/assignment-detail/178191d7-c785-43c4-83ad-3f3eec38e5cf,10421
17cfb9f4-3dac-4aa0-8c9e-ae0219e26dcf,MENJUAL POP ICE,71030910040009,https://fasih-sm.bps.go.id/app/assignment-detail/17cfb9f4-3dac-4aa0-8c9e-ae0219e26dcf,10504
181d77c3-bcba-4265-9971-20e9aabd3c67,PERIKANAN (TAMBARU MAKAOMING) ,71030800110001,https://fasih-sm.bps.go.id/app/assignment-detail/181d77c3-bcba-4265-9971-20e9aabd3c67,203110
197dda6a-cec8-4ecf-ac5b-fa01e69ea498,PERDAGANGAN SAYUR (HASNIA WATI),71030500110001,https://fasih-sm.bps.go.id/app/assignment-detail/197dda6a-cec8-4ecf-ac5b-fa01e69ea498,147213
19d09023-a477-4683-b6fa-24eae7c6282f,INDUSTRI KOPRA (PILIHAN),71030900110012,https://fasih-sm.bps.go.id/app/assignment-detail/19d09023-a477-4683-b6fa-24eae7c6282f,10421
1aea5808-1ae1-4832-8476-b30475715148,PANGKALAN MINYAK TANAH (NERTA TABARE),71030500190003,https://fasih-sm.bps.go.id/app/assignment-detail/1aea5808-1ae1-4832-8476-b30475715148,47771
1b234d44-02ea-4832-ab03-a9026729bff6,ANGKUTAN DARAT PENUMPANG (FANDER KATENDA),71030500130003,https://fasih-sm.bps.go.id/app/assignment-detail/1b234d44-02ea-4832-ab03-a9026729bff6,49295
1b42c450-5f1a-4441-a3f6-94f8dd851fa3,WARUNG SEMBAKO ( HESIL),71030500010003,https://fasih-sm.bps.go.id/app/assignment-detail/1b42c450-5f1a-4441-a3f6-94f8dd851fa3,147112
1c6e9efc-b4f5-4019-a35f-9bce39579392,HOLTIKULTURA (RASNA),71031000120001,https://fasih-sm.bps.go.id/app/assignment-detail/1c6e9efc-b4f5-4019-a35f-9bce39579392,47213
1c6e9efc-b4f5-4019-a35f-9bce39579392,USAHA TANAMAN PANGAN (ALPANDER),71031000120001,https://fasih-sm.bps.go.id/app/assignment-detail/1c6e9efc-b4f5-4019-a35f-9bce39579392,01135
1c6e9efc-b4f5-4019-a35f-9bce39579392,INDUSTRI KOPRA (ALPANDER),71031000120001,https://fasih-sm.bps.go.id/app/assignment-detail/1c6e9efc-b4f5-4019-a35f-9bce39579392,10421
1d0fd7af-b309-457f-9e5b-999f0283da64,UTP PERKEBUNAN PALA (AHUSTA MAMUKO),71030800060001,https://fasih-sm.bps.go.id/app/assignment-detail/1d0fd7af-b309-457f-9e5b-999f0283da64,01283
1e32bd67-f6aa-4049-8466-7d9b0204b145,INDUSTRI KOPRA (ABDUL RAHMAN) ,71031000030001,https://fasih-sm.bps.go.id/app/assignment-detail/1e32bd67-f6aa-4049-8466-7d9b0204b145,10421
1ea8b895-0345-4e8f-8b79-5a1d7f3377b1,PERKEBUNAN PALA (FERDERIKA),71030800030001,https://fasih-sm.bps.go.id/app/assignment-detail/1ea8b895-0345-4e8f-8b79-5a1d7f3377b1,01283
1f258b93-1d42-4e2a-b5f7-2995c59db397,penjual ikan asap(meike sampel),71030910030009,https://fasih-sm.bps.go.id/app/assignment-detail/1f258b93-1d42-4e2a-b5f7-2995c59db397,147246
210ff863-f1cc-47f8-a406-0ecf1123bb40,PETERNAKAN AYAM LOKAL (FREDRIK) ,71031000240001,https://fasih-sm.bps.go.id/app/assignment-detail/210ff863-f1cc-47f8-a406-0ecf1123bb40,01464
22499cde-a771-41dd-ac46-c532696a3115,PERKEBUNAN PALA (WILSON),71030500050002,https://fasih-sm.bps.go.id/app/assignment-detail/22499cde-a771-41dd-ac46-c532696a3115,01283
2259c709-e1fb-4331-a3fc-957f75c8a352,INDUSTRI KOPRA (ALWIN),71031000140001,https://fasih-sm.bps.go.id/app/assignment-detail/2259c709-e1fb-4331-a3fc-957f75c8a352,110421
229d01de-823f-43eb-942a-f34d90cbc8f9,INDUSTRI KOPRA (RAHMAN PAPEMPANG),71031000100002,https://fasih-sm.bps.go.id/app/assignment-detail/229d01de-823f-43eb-942a-f34d90cbc8f9,110421
229d01de-823f-43eb-942a-f34d90cbc8f9,USAHA PERKEBUNAN PALA (RAHMAN PAPEMPANG),71031000100002,https://fasih-sm.bps.go.id/app/assignment-detail/229d01de-823f-43eb-942a-f34d90cbc8f9,101283
23a1b403-f634-4cfc-872e-61c32be416d6,TANAMAN PANGAN (NIRMA),71031000120001,https://fasih-sm.bps.go.id/app/assignment-detail/23a1b403-f634-4cfc-872e-61c32be416d6,01135
245ec552-50c4-4ac7-80d9-6094f96aada3,KUE BASAH (FINETSIA),71031000050003,https://fasih-sm.bps.go.id/app/assignment-detail/245ec552-50c4-4ac7-80d9-6094f96aada3,10792
24fefee1-b584-4668-9337-d1f756925ef2,BUMDES KAMPUNG BULO,71030600190001,https://fasih-sm.bps.go.id/app/assignment-detail/24fefee1-b584-4668-9337-d1f756925ef2,03211
258865be-07ac-436e-b31c-776bb3774311,USAHA JUAL BELI BARANG ONLINE YULIEN,71030700060003,https://fasih-sm.bps.go.id/app/assignment-detail/258865be-07ac-436e-b31c-776bb3774311,347713
25efc5ff-54eb-4855-a109-bfa0d18955c3,USAHA TANAMAN PANGAN (MARIAM),71031000120001,https://fasih-sm.bps.go.id/app/assignment-detail/25efc5ff-54eb-4855-a109-bfa0d18955c3,01135
25efc5ff-54eb-4855-a109-bfa0d18955c3,HOLTIKULTURA (MARIAM),71031000120001,https://fasih-sm.bps.go.id/app/assignment-detail/25efc5ff-54eb-4855-a109-bfa0d18955c3,47213
26ed909f-46cb-4a0e-98bb-eb81808b8a33,PERIKANAN (MELKI),71030500180002,https://fasih-sm.bps.go.id/app/assignment-detail/26ed909f-46cb-4a0e-98bb-eb81808b8a33,103110
2799fb55-7a54-4813-9db9-f09f60f5164a,TOKO KELONTONG (VEBRY REVREIN KARAENG),71030800060002,https://fasih-sm.bps.go.id/app/assignment-detail/2799fb55-7a54-4813-9db9-f09f60f5164a,147112
289a3a52-598b-4692-bbbc-4aa331e29e68,ANGKUTAN DARAT PENUMPANG (SELSIUS),71030500160003,https://fasih-sm.bps.go.id/app/assignment-detail/289a3a52-598b-4692-bbbc-4aa331e29e68,49295
289a3a52-598b-4692-bbbc-4aa331e29e68,PERKEBUNAN PALA (JOLITA),71030500160003,https://fasih-sm.bps.go.id/app/assignment-detail/289a3a52-598b-4692-bbbc-4aa331e29e68,01283
2958939b-2950-46e5-a4d0-a369dcb124d2,PERIKANAN TANGKAP,71031020030002,https://fasih-sm.bps.go.id/app/assignment-detail/2958939b-2950-46e5-a4d0-a369dcb124d2,03110
2958939b-2950-46e5-a4d0-a369dcb124d2,PERDAGANGAN IKAN,71031020030002,https://fasih-sm.bps.go.id/app/assignment-detail/2958939b-2950-46e5-a4d0-a369dcb124d2,47215
299b06bb-5c99-42e9-9b6a-b3b03865e2ef,SDN LELAPIDE,71030500120004,https://fasih-sm.bps.go.id/app/assignment-detail/299b06bb-5c99-42e9-9b6a-b3b03865e2ef,85201
2a328a2c-c21c-46be-92f4-7c4d4a3f4dbd,PENANGKAPAN IKAN (PINANGAWENG PONTOH),71030600140001,https://fasih-sm.bps.go.id/app/assignment-detail/2a328a2c-c21c-46be-92f4-7c4d4a3f4dbd,03110
2a8f9714-3431-40a9-9340-4c7ff349e788,KIOS (LORENSI),71030800030003,https://fasih-sm.bps.go.id/app/assignment-detail/2a8f9714-3431-40a9-9340-4c7ff349e788,147112
2a8f9714-3431-40a9-9340-4c7ff349e788,JASA PANEN HASIL KEBUN (JONO),71030800030003,https://fasih-sm.bps.go.id/app/assignment-detail/2a8f9714-3431-40a9-9340-4c7ff349e788,101613
2ac34cc6-eb88-4f41-97fd-5a2d34d23c63,PERDAGANGAN SAYUR (MARTINA LAWITANG),71030800090004,https://fasih-sm.bps.go.id/app/assignment-detail/2ac34cc6-eb88-4f41-97fd-5a2d34d23c63,47213
2ac34cc6-eb88-4f41-97fd-5a2d34d23c63,INDUSTRI PENGOLAHAN KOPRA (SALMON TOBIAS),71030800090004,https://fasih-sm.bps.go.id/app/assignment-detail/2ac34cc6-eb88-4f41-97fd-5a2d34d23c63,10421
2aced3b0-c201-4de3-9b7f-d9329f710822,INDUSTRI PENGOLAHAN KOPRA (EKMADIN),71030800010001,https://fasih-sm.bps.go.id/app/assignment-detail/2aced3b0-c201-4de3-9b7f-d9329f710822,10421
2b0c987e-31cc-4f57-9d53-c10932534c90,JASA PERTANIAN,71031000050005,https://fasih-sm.bps.go.id/app/assignment-detail/2b0c987e-31cc-4f57-9d53-c10932534c90,01619
2c0baa99-2613-47a7-bcd2-b670f705ca3b,USAHA INDUSTRI KOPRA ,71031000080004,https://fasih-sm.bps.go.id/app/assignment-detail/2c0baa99-2613-47a7-bcd2-b670f705ca3b,10421
2cc35d8f-18bb-4f74-b581-94b0a01e6783,PENGOLAHAN KELAPA ( ISASKAR),71031100050001,https://fasih-sm.bps.go.id/app/assignment-detail/2cc35d8f-18bb-4f74-b581-94b0a01e6783,10421
2cc35d8f-18bb-4f74-b581-94b0a01e6783,INDUSTRI PERTANIAN TANAMAN PALA ( ISASKAR),71031100050001,https://fasih-sm.bps.go.id/app/assignment-detail/2cc35d8f-18bb-4f74-b581-94b0a01e6783,01283
2d79d6e0-b3cc-4359-bac7-8c44c55e4aab,TANAMAN PANGAN (HUSNA) ,71031000240003,https://fasih-sm.bps.go.id/app/assignment-detail/2d79d6e0-b3cc-4359-bac7-8c44c55e4aab,01135
2d79d6e0-b3cc-4359-bac7-8c44c55e4aab,PERKEBUNAN (HUSNA) ,71031000240003,https://fasih-sm.bps.go.id/app/assignment-detail/2d79d6e0-b3cc-4359-bac7-8c44c55e4aab,01261
2d79d6e0-b3cc-4359-bac7-8c44c55e4aab,TANAMAN HOLTIKULTURA (HUSNA) ,71031000240003,https://fasih-sm.bps.go.id/app/assignment-detail/2d79d6e0-b3cc-4359-bac7-8c44c55e4aab,47212
2ddf9507-2451-4b9c-b286-fd3667c71cae,PENANGKAPAN IKAN (FRENGKI REINALDI TINUNGKI),71030400050002,https://fasih-sm.bps.go.id/app/assignment-detail/2ddf9507-2451-4b9c-b286-fd3667c71cae,03110
2f0d3de9-75c4-4f3d-ba4f-16eb266a2e3a,PERIKANAN (ADRIANUS),71030500180002,https://fasih-sm.bps.go.id/app/assignment-detail/2f0d3de9-75c4-4f3d-ba4f-16eb266a2e3a,103110
2f216807-41ff-45e4-afc8-a21dde8f5c45,USAHA WARUNG MAKAN (DAHLIATI) ,71031000240001,https://fasih-sm.bps.go.id/app/assignment-detail/2f216807-41ff-45e4-afc8-a21dde8f5c45,56102
2f216807-41ff-45e4-afc8-a21dde8f5c45,POP ICE (DAHLIATI) ,71031000240001,https://fasih-sm.bps.go.id/app/assignment-detail/2f216807-41ff-45e4-afc8-a21dde8f5c45,47222
2f6b872d-2436-4b28-b623-84ce4b7eb7e1,PENGOLAHAN KOPRA<YANCE BAWIAS>,71030600100003,https://fasih-sm.bps.go.id/app/assignment-detail/2f6b872d-2436-4b28-b623-84ce4b7eb7e1,10421
2fc6b42b-0121-4319-9783-28434abcabe6,UTP INDUSTRI KOPRA (MARSEL MAKAKENDUNG),71031000270001,https://fasih-sm.bps.go.id/app/assignment-detail/2fc6b42b-0121-4319-9783-28434abcabe6,110421
3308b3b9-1ef5-4ec3-bd73-375c2845abe1,KONTEN CREATOR (JUNISJET),71030800040002,https://fasih-sm.bps.go.id/app/assignment-detail/3308b3b9-1ef5-4ec3-bd73-375c2845abe1,190200
33770d5a-a9e9-4556-b9cd-722ef3f4bc44,INDUSTRI PENGOLAHAN SAGU (SUNARYO),71031000090004,https://fasih-sm.bps.go.id/app/assignment-detail/33770d5a-a9e9-4556-b9cd-722ef3f4bc44,10622
34262eb4-66ac-4acb-bd01-badb35caddc8,JASA PERTANIAN KELAPA,71030920020004,https://fasih-sm.bps.go.id/app/assignment-detail/34262eb4-66ac-4acb-bd01-badb35caddc8,01261
34262eb4-66ac-4acb-bd01-badb35caddc8,Jasa pertanian kelapa,71030920020004,https://fasih-sm.bps.go.id/app/assignment-detail/34262eb4-66ac-4acb-bd01-badb35caddc8,01261
349a560f-ea83-436e-bdae-d531c22e9b97,UTP HORTIKULTURA (KORNELIA TAAS),71030800060001,https://fasih-sm.bps.go.id/app/assignment-detail/349a560f-ea83-436e-bdae-d531c22e9b97,01220
34e7d903-5a32-4e79-a72b-c43448ff846a,PENYEDIAAN ES BATU ( PATRAS),71030800030004,https://fasih-sm.bps.go.id/app/assignment-detail/34e7d903-5a32-4e79-a72b-c43448ff846a,35302
358c27ec-7017-4719-83eb-ab738f79345a,PENGOLAHAN KOPRA (HERMIN SANGGELORANG),71030400140001,https://fasih-sm.bps.go.id/app/assignment-detail/358c27ec-7017-4719-83eb-ab738f79345a,10421
35e47669-4c37-4acc-a5ce-47ba56cb3d55,INDUSTRI KOPRA (KRISTIANUS),71031000140001,https://fasih-sm.bps.go.id/app/assignment-detail/35e47669-4c37-4acc-a5ce-47ba56cb3d55,110421
3693b423-ac64-4ec8-b3fe-1ea47557f0a4,UTP PERKEBUNAN KELAPA ( STINSE),71031100050002,https://fasih-sm.bps.go.id/app/assignment-detail/3693b423-ac64-4ec8-b3fe-1ea47557f0a4,10421
369fb448-c6ec-4585-b665-e1555bcd8f89,PERKEBUNAN KELAPA (MANOPO),71030800040004,https://fasih-sm.bps.go.id/app/assignment-detail/369fb448-c6ec-4585-b665-e1555bcd8f89,101261
36b0ac41-e2d7-4da1-b1aa-83817bd942cb,MEMBUAT ROTI (AMELIA JOHANA TANGKUDUNG),71030900070006,https://fasih-sm.bps.go.id/app/assignment-detail/36b0ac41-e2d7-4da1-b1aa-83817bd942cb,110710
36be89f1-a412-497b-bb30-6946f250c5f1,INDUSTRI KOPRA ,71030600190002,https://fasih-sm.bps.go.id/app/assignment-detail/36be89f1-a412-497b-bb30-6946f250c5f1,110421
36ce8136-549f-407e-88b2-bf02851841f8,USAHA MEMBUAT ROTI (YUSBI SIKAPE),71030910050007,https://fasih-sm.bps.go.id/app/assignment-detail/36ce8136-549f-407e-88b2-bf02851841f8,10710
36ce8136-549f-407e-88b2-bf02851841f8,USAHA MENJUAL ROTI (YUSBI SIKAPE),71030910050007,https://fasih-sm.bps.go.id/app/assignment-detail/36ce8136-549f-407e-88b2-bf02851841f8,47242
38cdb100-5a8f-4f6d-9634-fe6ee812a4e5,HORTIKULTURA (HERSON),71030600200003,https://fasih-sm.bps.go.id/app/assignment-detail/38cdb100-5a8f-4f6d-9634-fe6ee812a4e5,101220
399075b6-ebf8-4d31-b07a-1e31e5da17f1,PERKEBUNAN (ARISTARKUS),71031000140005,https://fasih-sm.bps.go.id/app/assignment-detail/399075b6-ebf8-4d31-b07a-1e31e5da17f1,01261
3a4b6d2d-683b-4ae5-a31d-e8311e914507,UPT KEBUN KELAPA (GAYATRI BENTELU) ,71031100040001,https://fasih-sm.bps.go.id/app/assignment-detail/3a4b6d2d-683b-4ae5-a31d-e8311e914507,10421
3ad54078-18a1-4fb2-b0de-6a19f28e843c,KOPRA MINIKA SAKAMOLE,71030700070003,https://fasih-sm.bps.go.id/app/assignment-detail/3ad54078-18a1-4fb2-b0de-6a19f28e843c,10421
3ad54078-18a1-4fb2-b0de-6a19f28e843c,TANAMAN PANGAN MINIKA SAKAMOLE,71030700070003,https://fasih-sm.bps.go.id/app/assignment-detail/3ad54078-18a1-4fb2-b0de-6a19f28e843c,01131
3b4ed727-b5f4-4ec6-a795-849be5c569db,PEMBUATAN FURNITURE (LIVINSTON),71030800030003,https://fasih-sm.bps.go.id/app/assignment-detail/3b4ed727-b5f4-4ec6-a795-849be5c569db,231011
3d355bf0-16b4-4df0-abef-538659da07b5,UTP PETERNAKAN (HARIMANUS LAHAMA),71030600160003,https://fasih-sm.bps.go.id/app/assignment-detail/3d355bf0-16b4-4df0-abef-538659da07b5,101463
3d355bf0-16b4-4df0-abef-538659da07b5,INDUSTRI KOPRA (HARIMANUS LAHAMA),71030600160003,https://fasih-sm.bps.go.id/app/assignment-detail/3d355bf0-16b4-4df0-abef-538659da07b5,101463
3d6a3097-0f54-43c8-8ba9-507fef6315bd,WARU SEMBAKO ( NELCI SUMALE),71031100020002,https://fasih-sm.bps.go.id/app/assignment-detail/3d6a3097-0f54-43c8-8ba9-507fef6315bd,147112
40c81fca-0a6b-4760-b655-7938aa56f470,UTP PERKEBUNAN (RUDY SAGILATENG),71030800160003,https://fasih-sm.bps.go.id/app/assignment-detail/40c81fca-0a6b-4760-b655-7938aa56f470,101283
419cf6b0-1d01-477a-ace7-6f9c2c588929,BANGUNAN USAHA SEWA TEMPAT TINGGAL,71030500020002,https://fasih-sm.bps.go.id/app/assignment-detail/419cf6b0-1d01-477a-ace7-6f9c2c588929,268112
4248797f-b45a-4bbf-a808-14ad204d5c52,USAHA JASA PANJAT KELAPA (MAIKEL),71030920060001,https://fasih-sm.bps.go.id/app/assignment-detail/4248797f-b45a-4bbf-a808-14ad204d5c52,01613
4265b713-c27c-43d9-9878-793bc9ab3d02,WARUNG MAKAN (WELMI),71030500080003,https://fasih-sm.bps.go.id/app/assignment-detail/4265b713-c27c-43d9-9878-793bc9ab3d02,56101
4282b837-1834-4756-ae05-aeae35b15695,TUKANG OJEK ( MILOTON PAPIA ),71030800120001,https://fasih-sm.bps.go.id/app/assignment-detail/4282b837-1834-4756-ae05-aeae35b15695,49296
4282b837-1834-4756-ae05-aeae35b15695,PERMAK BAJU ( LISYE BOHAM),71030800120001,https://fasih-sm.bps.go.id/app/assignment-detail/4282b837-1834-4756-ae05-aeae35b15695,114120
43076ad3-3bfe-4696-9edb-14fcddff4931,USAHA PERKEBUNAN (CORNELES),71030500070005,https://fasih-sm.bps.go.id/app/assignment-detail/43076ad3-3bfe-4696-9edb-14fcddff4931,101283
43119092-9e24-43e2-bc74-4befe01c410c,USAHA TANAMAN PANGAN (RAMANG),71031000090004,https://fasih-sm.bps.go.id/app/assignment-detail/43119092-9e24-43e2-bc74-4befe01c410c,01135
441cdb80-3b04-4c84-844b-4866c7d38280,UTP PERKEBUNAN (BARTOLOMEUS SALUMPAEHE) ,71030700090002,https://fasih-sm.bps.go.id/app/assignment-detail/441cdb80-3b04-4c84-844b-4866c7d38280,101261
441cdb80-3b04-4c84-844b-4866c7d38280,INDUSTRI KOPRA,71030700090002,https://fasih-sm.bps.go.id/app/assignment-detail/441cdb80-3b04-4c84-844b-4866c7d38280,10421
441cdb80-3b04-4c84-844b-4866c7d38280,INDUSTRI PENGOLAHAN SAGU,71030700090002,https://fasih-sm.bps.go.id/app/assignment-detail/441cdb80-3b04-4c84-844b-4866c7d38280,10622
4a1e5988-6ad4-402c-b071-548ac6fc2361,INDUSTRI KOPRA (DAIN) ,71031000040003,https://fasih-sm.bps.go.id/app/assignment-detail/4a1e5988-6ad4-402c-b071-548ac6fc2361,10421
4be413b4-b0ad-423d-91ae-b765e2df0baf,PERDAGANGAN IKAN (MARYAM ABUSAENG),71030910030004,https://fasih-sm.bps.go.id/app/assignment-detail/4be413b4-b0ad-423d-91ae-b765e2df0baf,47215
4cb73e43-ff99-4a45-8b71-78b052cb4bf6,PERKEBUNAN PALA(PAULUS LANTEMONA),71030800130001,https://fasih-sm.bps.go.id/app/assignment-detail/4cb73e43-ff99-4a45-8b71-78b052cb4bf6,01283
4cb73e43-ff99-4a45-8b71-78b052cb4bf6,Industri kopra(Paulus mansariang),71030800130001,https://fasih-sm.bps.go.id/app/assignment-detail/4cb73e43-ff99-4a45-8b71-78b052cb4bf6,10421
4cc2a88a-f17c-4ca1-83cf-2a489cc63b7a,TAMAN KANAK KANAK SENGKANAUNG KUMA,71030700050003,https://fasih-sm.bps.go.id/app/assignment-detail/4cc2a88a-f17c-4ca1-83cf-2a489cc63b7a,485699
4e8ec5b8-f808-498e-bf25-026d7218f4ed,SMP NEGERI 1 TABUKAN SELATAN TENGGARA,71030620010001,https://fasih-sm.bps.go.id/app/assignment-detail/4e8ec5b8-f808-498e-bf25-026d7218f4ed,85311
4f6ad3b8-50cf-4f64-a76d-5c4b7d93f6d4,USAHA KIOS YOHANA,71030920030006,https://fasih-sm.bps.go.id/app/assignment-detail/4f6ad3b8-50cf-4f64-a76d-5c4b7d93f6d4,47112
4f9c4dd9-7c19-46d7-9e7b-61bb0d23e63a,PERKEBUNAN KELAPA(YEREMIA TATANGINDATU),71031000190002,https://fasih-sm.bps.go.id/app/assignment-detail/4f9c4dd9-7c19-46d7-9e7b-61bb0d23e63a,10421
51794841-f459-4a8b-967b-b09472159173,JUAL BENSIN (christian),71030500200003,https://fasih-sm.bps.go.id/app/assignment-detail/51794841-f459-4a8b-967b-b09472159173,47302
519a43a6-a3d4-415c-b179-800673ab41cc,PENJUALAN SAYURAN ( NONTJE DAMALANG,71030800120002,https://fasih-sm.bps.go.id/app/assignment-detail/519a43a6-a3d4-415c-b179-800673ab41cc,47213
5208da60-5639-429b-8351-59d244b1bc43,Industri kopra (Nahor Rodingan),71031000030002,https://fasih-sm.bps.go.id/app/assignment-detail/5208da60-5639-429b-8351-59d244b1bc43,10421
525481fa-d74f-45af-bd8f-cbb2cbacbc46,USAHA KIOS SEMBAKO (SITI AMINA) ,71030910030002,https://fasih-sm.bps.go.id/app/assignment-detail/525481fa-d74f-45af-bd8f-cbb2cbacbc46,147112
525481fa-d74f-45af-bd8f-cbb2cbacbc46,USAHA KOS-KOSAN (TUMINO) ,71030910030002,https://fasih-sm.bps.go.id/app/assignment-detail/525481fa-d74f-45af-bd8f-cbb2cbacbc46,155909
52dc0002-7210-476e-b40d-c6e47476e974,TEPUNG SAGU (ASWADI),71031000050005,https://fasih-sm.bps.go.id/app/assignment-detail/52dc0002-7210-476e-b40d-c6e47476e974,10622
53002361-3c84-4c56-b641-addb520f0f91,UTP TANAMAN UBI KAYU (AGUSTINUS MANAHEMPANG),71030400120005,https://fasih-sm.bps.go.id/app/assignment-detail/53002361-3c84-4c56-b641-addb520f0f91,101135
5305c0b5-7f22-4d70-a6ba-65560213e25c,DEPOT AIR (NURLAILA),71031000230002,https://fasih-sm.bps.go.id/app/assignment-detail/5305c0b5-7f22-4d70-a6ba-65560213e25c,11052
5371bf41-76b7-478f-ba1b-0f4d1f03a757,KUE BASAH (NURBADI) ,71031000210004,https://fasih-sm.bps.go.id/app/assignment-detail/5371bf41-76b7-478f-ba1b-0f4d1f03a757,10792
53ad7899-9b25-4f82-a98e-bcb3088ce9dd,USAHA JUAL BELI PALA ( HENDRIK BAWOEL),71031000140002,https://fasih-sm.bps.go.id/app/assignment-detail/53ad7899-9b25-4f82-a98e-bcb3088ce9dd,47219
542437ed-68b8-428f-9c25-b207331c5832,UTP PERKEBUNAN KELAPA SAMSU ANTAMENG ,71031000080002,https://fasih-sm.bps.go.id/app/assignment-detail/542437ed-68b8-428f-9c25-b207331c5832,101261
54365701-eb4f-4362-b5c4-3b39edd22c6f,PERKEBUNAN (SENI TAKAPAHA),71030500130004,https://fasih-sm.bps.go.id/app/assignment-detail/54365701-eb4f-4362-b5c4-3b39edd22c6f,01283
56b7ffa2-4d68-4862-8a58-a665661bc0f5,INDUSTRI KOPRA (JULKIFLI),71031000120002,https://fasih-sm.bps.go.id/app/assignment-detail/56b7ffa2-4d68-4862-8a58-a665661bc0f5,10421
5766987b-a470-48ce-966e-5d72408164a7,OJEK PANGKALAN <ENDO>,71030400100001,https://fasih-sm.bps.go.id/app/assignment-detail/5766987b-a470-48ce-966e-5d72408164a7,49296
578ec535-7155-4894-ac2d-db4912314f7c,BUDIDAYA BUAH PALA (MANGENRE ASE) ,71031100030004,https://fasih-sm.bps.go.id/app/assignment-detail/578ec535-7155-4894-ac2d-db4912314f7c,101283
57f6009e-6a00-42bb-83f2-3850bce8d6cb,UTP TANAMAN PANGAN UBI KAYU (AHUSTA KADIMA),71030800140002,https://fasih-sm.bps.go.id/app/assignment-detail/57f6009e-6a00-42bb-83f2-3850bce8d6cb,101135
57f66b80-f5d6-47c8-8b3d-e255a2c2882d,KUE KERING (NADIA),71030600120003,https://fasih-sm.bps.go.id/app/assignment-detail/57f66b80-f5d6-47c8-8b3d-e255a2c2882d,10710
588524f7-261d-4daa-8529-3d00435b9b90,ANGKUTAN UMUM PERKOTAAN (ABDUL MALIK BALOBAHANI),71030900140003,https://fasih-sm.bps.go.id/app/assignment-detail/588524f7-261d-4daa-8529-3d00435b9b90,149213
58be1a3a-cbbe-4d3f-ba81-380b0b3002e9,PERIKANAN TANGKAP (RAFLES),71031010020001,https://fasih-sm.bps.go.id/app/assignment-detail/58be1a3a-cbbe-4d3f-ba81-380b0b3002e9,03110
5a25a136-657b-46db-a57e-89a85576681e,PENGGERGAJIAN KAYU (OCTAVINUS MAKAHINE) ,71031000140004,https://fasih-sm.bps.go.id/app/assignment-detail/5a25a136-657b-46db-a57e-89a85576681e,16101
5a36ba95-a972-46bf-ae9f-e006da12dc3f,PERKEBUNAN KELAPA (EVI TANGKABIRINGAN),71031100050003,https://fasih-sm.bps.go.id/app/assignment-detail/5a36ba95-a972-46bf-ae9f-e006da12dc3f,10421
5a36ba95-a972-46bf-ae9f-e006da12dc3f,USAHA MAKANAN (NOMIATI TANGKABIRINGAN),71031100050003,https://fasih-sm.bps.go.id/app/assignment-detail/5a36ba95-a972-46bf-ae9f-e006da12dc3f,110750
5a483a41-fd09-4d46-b84e-bb2100d91fec,UTP PERIKANAN(HERMIN LEGESANG),71030700140001,https://fasih-sm.bps.go.id/app/assignment-detail/5a483a41-fd09-4d46-b84e-bb2100d91fec,03110
5a53cd97-867d-42b2-bd6b-84ef8e0537e2,WARUNG (SARTJE) ,71031000240002,https://fasih-sm.bps.go.id/app/assignment-detail/5a53cd97-867d-42b2-bd6b-84ef8e0537e2,47112
5a53cd97-867d-42b2-bd6b-84ef8e0537e2, BENSIN ECERAN (SARTJE) ,71031000240002,https://fasih-sm.bps.go.id/app/assignment-detail/5a53cd97-867d-42b2-bd6b-84ef8e0537e2,47302
5c41704b-ba3d-4111-9e68-5c9849d6646f,USAHA PERKEBUNAN (OLDEN) ,71030910050012,https://fasih-sm.bps.go.id/app/assignment-detail/5c41704b-ba3d-4111-9e68-5c9849d6646f,01283
5db4653c-ea6e-43d3-a454-eb76cade7b47,PERKEBUNAN PALA (JUNVRELY),71030800040002,https://fasih-sm.bps.go.id/app/assignment-detail/5db4653c-ea6e-43d3-a454-eb76cade7b47,101283
5e4b1103-a6e4-4f41-a05e-d3765278e9a1,PERKEBUNAN PALA (SENDAUHIANG),71030800020005,https://fasih-sm.bps.go.id/app/assignment-detail/5e4b1103-a6e4-4f41-a05e-d3765278e9a1,01283
60024fea-0c4d-40b1-9f7d-c95a5fb5f774,PERKEBUNAN PALA (LISBET),71030500070002,https://fasih-sm.bps.go.id/app/assignment-detail/60024fea-0c4d-40b1-9f7d-c95a5fb5f774,101283
60126138-9015-4a14-82c5-70a708fe8cd4,UTP PERIKANAN (RONALIYUS HONTONG) ,71030410070001,https://fasih-sm.bps.go.id/app/assignment-detail/60126138-9015-4a14-82c5-70a708fe8cd4,03110
60126138-9015-4a14-82c5-70a708fe8cd4,MENJUAL IKAN (PRISMA PAPIA) ,71030410070001,https://fasih-sm.bps.go.id/app/assignment-detail/60126138-9015-4a14-82c5-70a708fe8cd4,47215
6046804c-67bc-4d8e-9350-a3b913d2cb9a,USAHA PENJUALAN IKAN SEGAR,71030920040001,https://fasih-sm.bps.go.id/app/assignment-detail/6046804c-67bc-4d8e-9350-a3b913d2cb9a,47215
6102432b-73a9-42f7-9a35-539c87495245,PERKEBUNAN (BURHAN SAHEMPA),71031000030003,https://fasih-sm.bps.go.id/app/assignment-detail/6102432b-73a9-42f7-9a35-539c87495245,101261
61731a51-2a8c-40b8-bdfd-3a500b217533,KOPRA (JUMAIN),71031000050005,https://fasih-sm.bps.go.id/app/assignment-detail/61731a51-2a8c-40b8-bdfd-3a500b217533,10421
635c1e5d-8457-47fb-b069-d8f8b831bb07,KEBUN KELAPA,71031100060003,https://fasih-sm.bps.go.id/app/assignment-detail/635c1e5d-8457-47fb-b069-d8f8b831bb07,101261
63dbab4b-f6d3-4cdd-8204-036b9963d720,PEMBUAT LEMARI (HERMIN),71030500110003,https://fasih-sm.bps.go.id/app/assignment-detail/63dbab4b-f6d3-4cdd-8204-036b9963d720,31011
665ca557-89a6-49d0-af77-8213a24fc873,TEMPAT PENGOLAHAN KOPRA,71031100050004,https://fasih-sm.bps.go.id/app/assignment-detail/665ca557-89a6-49d0-af77-8213a24fc873,110421
66fee647-0957-4d4f-98cf-d5d24656e512,STEFY ROOSJE BUDIKASE,71030700120002,https://fasih-sm.bps.go.id/app/assignment-detail/66fee647-0957-4d4f-98cf-d5d24656e512,256290
688cd185-108d-4c60-9a09-b1d164056686,MENANGKAP IKAN MENGGUNAKAN ALAT PANCING ,71030610090002,https://fasih-sm.bps.go.id/app/assignment-detail/688cd185-108d-4c60-9a09-b1d164056686,03110
68ba6b2b-4fc9-466b-9e11-8746822df51a,PANDAI BESI(OKSIUS HEBIMISA),71031000010001,https://fasih-sm.bps.go.id/app/assignment-detail/68ba6b2b-4fc9-466b-9e11-8746822df51a,25932
6a49ce26-cbcd-45f1-803c-bbb3e90596ab,MENJUAL VOUCHER WIFI (TABITA DORKAS LAHAMA),71030600160003,https://fasih-sm.bps.go.id/app/assignment-detail/6a49ce26-cbcd-45f1-803c-bbb3e90596ab,61104
6a49ce26-cbcd-45f1-803c-bbb3e90596ab,MEMBUAT KUE ROTI (TABITA DORKAS LAHAMA),71030600160003,https://fasih-sm.bps.go.id/app/assignment-detail/6a49ce26-cbcd-45f1-803c-bbb3e90596ab,47242
6a49ce26-cbcd-45f1-803c-bbb3e90596ab,INDUSTRI KOPRA (TABITA DORKAS LAHAMA),71030600160003,https://fasih-sm.bps.go.id/app/assignment-detail/6a49ce26-cbcd-45f1-803c-bbb3e90596ab,10421
6a564438-d94d-41f1-b768-3bb8fc1d57c8,UTP PERKEBUNAN (JUHRIA),71030920060005,https://fasih-sm.bps.go.id/app/assignment-detail/6a564438-d94d-41f1-b768-3bb8fc1d57c8,01261
6b9b3fa6-5e84-4e13-956a-0709daae871d,USAHA PERKEBUNAN JAIDIN SALASA ,71031000120003,https://fasih-sm.bps.go.id/app/assignment-detail/6b9b3fa6-5e84-4e13-956a-0709daae871d,10421
6b9b3fa6-5e84-4e13-956a-0709daae871d,USAHA HORTIKULTURA CHRISTINE RAKINAUNG ,71031000120003,https://fasih-sm.bps.go.id/app/assignment-detail/6b9b3fa6-5e84-4e13-956a-0709daae871d,01230
6ba968bf-6008-4cc3-9f02-0b40dce8a77f,WARUNG SEMBAKO (SANDER TUWONAUNG),71030400110002,https://fasih-sm.bps.go.id/app/assignment-detail/6ba968bf-6008-4cc3-9f02-0b40dce8a77f,147112
6e135652-23dd-42f9-8ce4-381b38708750,INDUSTRI KOPRA (NORMA TAKAPIPI),71030600180002,https://fasih-sm.bps.go.id/app/assignment-detail/6e135652-23dd-42f9-8ce4-381b38708750,10421
6e4a1af6-45ef-4b67-af8f-020c875bf8c1,INDUSTRI TEPUNG SAGU (HUSRIA),71031000020003,https://fasih-sm.bps.go.id/app/assignment-detail/6e4a1af6-45ef-4b67-af8f-020c875bf8c1,310622
6e9d782c-15d1-454c-94bd-f0cc0bfa29af,Industri Kopra (Sadek Tambaru),71031000020001,https://fasih-sm.bps.go.id/app/assignment-detail/6e9d782c-15d1-454c-94bd-f0cc0bfa29af,10421
6f77feb2-0083-4da0-bd0c-54bbc3291c2b,INDUSTRI KOPRA ( WALDUS TENTONDA ),71030620010004,https://fasih-sm.bps.go.id/app/assignment-detail/6f77feb2-0083-4da0-bd0c-54bbc3291c2b,10421
6f77feb2-0083-4da0-bd0c-54bbc3291c2b,PETAMBANG EMAS ( STEVANLY TENTONDA ),71030620010004,https://fasih-sm.bps.go.id/app/assignment-detail/6f77feb2-0083-4da0-bd0c-54bbc3291c2b,07221
6f77feb2-0083-4da0-bd0c-54bbc3291c2b,TERNAK AYAM LOKAL ,71030620010004,https://fasih-sm.bps.go.id/app/assignment-detail/6f77feb2-0083-4da0-bd0c-54bbc3291c2b,01463
707dbd98-48f1-4c7c-9beb-a6469160320a,INDUSTRI KUE BASAH (BETRINA SANGGEL),71030600140004,https://fasih-sm.bps.go.id/app/assignment-detail/707dbd98-48f1-4c7c-9beb-a6469160320a,110792
71da76e8-ad71-4610-b14c-86c3a9ba14db,TANAMAM PANGAN (MEYLAM GANI),71031000010003,https://fasih-sm.bps.go.id/app/assignment-detail/71da76e8-ad71-4610-b14c-86c3a9ba14db,01139
71da76e8-ad71-4610-b14c-86c3a9ba14db,HORTOKUKTURA,71031000010003,https://fasih-sm.bps.go.id/app/assignment-detail/71da76e8-ad71-4610-b14c-86c3a9ba14db,01133
72591cda-8d3d-463c-bee5-3ee7a9991a86,KOLAM RENANG (SINTIA),71031000040004,https://fasih-sm.bps.go.id/app/assignment-detail/72591cda-8d3d-463c-bee5-3ee7a9991a86,93294
731728b7-a4fc-4b04-aa29-22d956573c0e,UTP PERKEBUNAN,71030400110006,https://fasih-sm.bps.go.id/app/assignment-detail/731728b7-a4fc-4b04-aa29-22d956573c0e,10421
736114ca-1b77-477b-a0d1-90b656c0c2bc,TEPUNG SAGU (DJUNUBIN),71031000040004,https://fasih-sm.bps.go.id/app/assignment-detail/736114ca-1b77-477b-a0d1-90b656c0c2bc,10622
7367bc11-7f57-4427-b18f-8b42d9b0a318,PETERNAKAN REINALDO,71030610040004,https://fasih-sm.bps.go.id/app/assignment-detail/7367bc11-7f57-4427-b18f-8b42d9b0a318,301499
73f7b1fe-53eb-4b3c-8013-b72ed4a53213,BANGUNAN KOPRA MUSLIADI SALASA,71031000130004,https://fasih-sm.bps.go.id/app/assignment-detail/73f7b1fe-53eb-4b3c-8013-b72ed4a53213,10421
74dafa5e-9835-45dc-a767-74367bbf76ea,PERDAGANGAN IKAN SEGAR (ELISABET LAGUMBALANG),71030500110001,https://fasih-sm.bps.go.id/app/assignment-detail/74dafa5e-9835-45dc-a767-74367bbf76ea,47753
764e991d-bec2-4dd8-a3d2-76f1fdfa97d9,PENGGALIAN BATU (TRITJE BOHANG),71030500130001,https://fasih-sm.bps.go.id/app/assignment-detail/764e991d-bec2-4dd8-a3d2-76f1fdfa97d9,08109
76729cf5-7437-46a5-85e6-5dd1ea690f8d,TUKANG OJEK MOTOR (HESKIA LUMAPE),71030500110002,https://fasih-sm.bps.go.id/app/assignment-detail/76729cf5-7437-46a5-85e6-5dd1ea690f8d,49296
76b086fb-ef5a-4f9e-b405-dc6167b011f3,WARUNG SEMBAKO (ANITJE BAHARUS),71030500150004,https://fasih-sm.bps.go.id/app/assignment-detail/76b086fb-ef5a-4f9e-b405-dc6167b011f3,147112
76c46fc4-aef9-4836-87b9-19511db9dfe3,Sopir angkutan penumpang,71030610040003,https://fasih-sm.bps.go.id/app/assignment-detail/76c46fc4-aef9-4836-87b9-19511db9dfe3,549293
76e7433f-b54d-4dd5-8c3b-5b5ba80c1bf9,KUE BASAH (MILKE ROMPAS),71030900130001,https://fasih-sm.bps.go.id/app/assignment-detail/76e7433f-b54d-4dd5-8c3b-5b5ba80c1bf9,10792
788f8bd7-0946-4648-81b7-9711f22f2322,PENGOLAHAN KOPRA (UNTUNG GARING),71030900090001,https://fasih-sm.bps.go.id/app/assignment-detail/788f8bd7-0946-4648-81b7-9711f22f2322,101261
791304c3-68a4-4293-a9e9-93127f3e446b,WARUNG SEMBAKO (JNA),71030500130002,https://fasih-sm.bps.go.id/app/assignment-detail/791304c3-68a4-4293-a9e9-93127f3e446b,47112
79c032ed-23a7-4140-9a67-999c873f90a4,ABIDZAR BARBER,71031000230003,https://fasih-sm.bps.go.id/app/assignment-detail/79c032ed-23a7-4140-9a67-999c873f90a4,96210
7aa9d4b5-3e58-4333-8c4d-4b7b2c035911,SOPIR(THAMRIN SADIENG),71030900130001,https://fasih-sm.bps.go.id/app/assignment-detail/7aa9d4b5-3e58-4333-8c4d-4b7b2c035911,49293
7be08eef-70c4-43c5-a0cf-1ea8fddd7649,USAHA HORTIKULTURA(NURMIN MASANG) ,71031000280001,https://fasih-sm.bps.go.id/app/assignment-detail/7be08eef-70c4-43c5-a0cf-1ea8fddd7649,01133
7be08eef-70c4-43c5-a0cf-1ea8fddd7649,USAHA TANAMAN PANGAN(NURMIN MASANG) ,71031000280001,https://fasih-sm.bps.go.id/app/assignment-detail/7be08eef-70c4-43c5-a0cf-1ea8fddd7649,01135
7cc390cf-d55b-46d7-9c95-e74d4bdaf762,INDUSTRI KOPRA APNES,71030620050003,https://fasih-sm.bps.go.id/app/assignment-detail/7cc390cf-d55b-46d7-9c95-e74d4bdaf762,10421
7dce6c97-bc09-446b-abb5-901072fce5cf,PERKEBUNAN KELAPA (DARIUS),71030800010003,https://fasih-sm.bps.go.id/app/assignment-detail/7dce6c97-bc09-446b-abb5-901072fce5cf,01261
7ef8d15b-6359-4877-a832-872e98a497bf,USAHA PETERNAKAN AYAM KAMPUNG(MEC ARTHUR TINDAGE),71030800080003,https://fasih-sm.bps.go.id/app/assignment-detail/7ef8d15b-6359-4877-a832-872e98a497bf,01464
7ef8d15b-6359-4877-a832-872e98a497bf,INDUSTRI PENGOLAHAN KOPRA (MEC ARTUR TINDAGE),71030800080003,https://fasih-sm.bps.go.id/app/assignment-detail/7ef8d15b-6359-4877-a832-872e98a497bf,10421
7ef8d15b-6359-4877-a832-872e98a497bf,USAHA PERKEBUNAN KELAPA ( MEC ARTUR TINDAGE),71030800080003,https://fasih-sm.bps.go.id/app/assignment-detail/7ef8d15b-6359-4877-a832-872e98a497bf,01261
7ef8d15b-6359-4877-a832-872e98a497bf,USAHA PERIKANAN (MEC ARTUR TINDAGE),71030800080003,https://fasih-sm.bps.go.id/app/assignment-detail/7ef8d15b-6359-4877-a832-872e98a497bf,03221
7ef8d15b-6359-4877-a832-872e98a497bf,USAHA PETERNAKAN AYAM KAMPUNG (MEC ARTUR TINDAGE,71030800080003,https://fasih-sm.bps.go.id/app/assignment-detail/7ef8d15b-6359-4877-a832-872e98a497bf,01464
7f5cfb18-acae-41da-8cc9-34d6685aaed5,UTP HORTIKULTURA (BENJAMIN HARINDA),71030600080001,https://fasih-sm.bps.go.id/app/assignment-detail/7f5cfb18-acae-41da-8cc9-34d6685aaed5,01138
7f5cfb18-acae-41da-8cc9-34d6685aaed5,UTP PERKEBUNAN (BENJAMIN HARINDA),71030600080001,https://fasih-sm.bps.go.id/app/assignment-detail/7f5cfb18-acae-41da-8cc9-34d6685aaed5,01261
7fc27441-4bf7-44a2-a209-3e80ab6146e1,PERKEBUNAN PALA (ALDUS),71030500050004,https://fasih-sm.bps.go.id/app/assignment-detail/7fc27441-4bf7-44a2-a209-3e80ab6146e1,01283
8132d3ad-3bc3-44c1-8fca-4a9440064b1c,USAHA ROSITA SALA,71030700090001,https://fasih-sm.bps.go.id/app/assignment-detail/8132d3ad-3bc3-44c1-8fca-4a9440064b1c,101464
81788c78-560b-4842-9927-49b5fa3326b5,Jual pulsa (Jahustin),71030600120003,https://fasih-sm.bps.go.id/app/assignment-detail/81788c78-560b-4842-9927-49b5fa3326b5,61209
82ed3cb2-c5c7-4056-80d9-495094241844,USAHA PENJUAL GORENGAN KELILING (API),71030920060007,https://fasih-sm.bps.go.id/app/assignment-detail/82ed3cb2-c5c7-4056-80d9-495094241844,47242
833deb86-c376-4eb0-af6e-811f75c64461,MENJUAL NASI KUNING,71030910030005,https://fasih-sm.bps.go.id/app/assignment-detail/833deb86-c376-4eb0-af6e-811f75c64461,56102
836a0e3f-213e-49b9-92b3-96d9b4fb64e6,UTP PERTANIAN PALA (BUKAENA BALANDATU),71030800140002,https://fasih-sm.bps.go.id/app/assignment-detail/836a0e3f-213e-49b9-92b3-96d9b4fb64e6,01283
83a491f9-5954-4217-88ab-99b359c4a3b2,JUAL ONLINE ANEKA BARANG MILIK SULISTIA PIANAUNG ,71031000110001,https://fasih-sm.bps.go.id/app/assignment-detail/83a491f9-5954-4217-88ab-99b359c4a3b2,47192
8578e670-8652-4b06-b3f5-63685f098db2,USAHA KOPRA(KISMAN MAMUNTU) ,71031000280001,https://fasih-sm.bps.go.id/app/assignment-detail/8578e670-8652-4b06-b3f5-63685f098db2,10421
865c9b95-0781-45ce-8dc3-b300c99b26e2,USAHA JUAL PISANG GORENG (YENNI) ,71030910030002,https://fasih-sm.bps.go.id/app/assignment-detail/865c9b95-0781-45ce-8dc3-b300c99b26e2,10799
865c9b95-0781-45ce-8dc3-b300c99b26e2,USAHA TANGKAP IKAN PAJEKO (IQRA) ,71030910030002,https://fasih-sm.bps.go.id/app/assignment-detail/865c9b95-0781-45ce-8dc3-b300c99b26e2,03110
86df62bb-6f4e-4686-bf49-290d71f93eac,WARUNG (JURNY DAENG),71030900130008,https://fasih-sm.bps.go.id/app/assignment-detail/86df62bb-6f4e-4686-bf49-290d71f93eac,147112
8752d015-a692-4218-ad4a-4337d565a39e,INDUSTRI KOPRA (LAMDRINA HORMAN),71030600160001,https://fasih-sm.bps.go.id/app/assignment-detail/8752d015-a692-4218-ad4a-4337d565a39e,10421
8752d015-a692-4218-ad4a-4337d565a39e,UTP HORTIKULTURA (LANDRINA HORMAN),71030600160001,https://fasih-sm.bps.go.id/app/assignment-detail/8752d015-a692-4218-ad4a-4337d565a39e,01131
87647b41-93c3-4194-86a4-15c607ab7f8b,PENGOLAHAN KELAPA ( KRISTIAN),71031100020001,https://fasih-sm.bps.go.id/app/assignment-detail/87647b41-93c3-4194-86a4-15c607ab7f8b,10421
892bf25f-18de-45cc-9c97-14c7d8e6fcf6,KUE BASAH ( SATRIA),71031000050004,https://fasih-sm.bps.go.id/app/assignment-detail/892bf25f-18de-45cc-9c97-14c7d8e6fcf6,10792
8988852e-20ed-4cda-9074-4761fe5cf832,PERKEBUNAN PALA (JOPINA),71030920060001,https://fasih-sm.bps.go.id/app/assignment-detail/8988852e-20ed-4cda-9074-4761fe5cf832,01283
8990027c-855b-4bad-9ae5-aa9049b91f4a,PERKEBUNAN KELAPA (MAKMUR),71031000020003,https://fasih-sm.bps.go.id/app/assignment-detail/8990027c-855b-4bad-9ae5-aa9049b91f4a,101261
899aad16-e987-476b-af68-155c7221a65f,JUAL REMPAH-REMPAH (KORITJE),71030500050002,https://fasih-sm.bps.go.id/app/assignment-detail/899aad16-e987-476b-af68-155c7221a65f,47219
89c74a19-cc25-4cb2-ae3c-abd09fecfe69,PERKEBUNAN PALA (ARMA),71031010020002,https://fasih-sm.bps.go.id/app/assignment-detail/89c74a19-cc25-4cb2-ae3c-abd09fecfe69,01283
8a69b076-9f2d-4eb6-a098-6fa78c57a4f1,PERIKANAN TANGKAP,71031020030001,https://fasih-sm.bps.go.id/app/assignment-detail/8a69b076-9f2d-4eb6-a098-6fa78c57a4f1,03110
8a69b076-9f2d-4eb6-a098-6fa78c57a4f1,PERDAGANGAN IKAN,71031020030001,https://fasih-sm.bps.go.id/app/assignment-detail/8a69b076-9f2d-4eb6-a098-6fa78c57a4f1,47215
8a9104c7-d20c-42e4-a102-29cf33139afb,WARUNG SEMBAKO (ALCI),71030500010003,https://fasih-sm.bps.go.id/app/assignment-detail/8a9104c7-d20c-42e4-a102-29cf33139afb,147112
8b495ed1-4133-47f3-97e3-30cbfda022f2,MENJUAL AKSESORIS (RISNA MAILI),71031000230003,https://fasih-sm.bps.go.id/app/assignment-detail/8b495ed1-4133-47f3-97e3-30cbfda022f2,47735
8b802374-759d-411f-819a-62b942b630a5,PERIKANAN TANGKAP (AYUB RODINO),71030500110002,https://fasih-sm.bps.go.id/app/assignment-detail/8b802374-759d-411f-819a-62b942b630a5,03110
8bcc6604-7cb6-4201-8c32-5b07b72c9e58,HOLTIKULTURA TANAMAN PISANG (ALEX MAMONDOL) ,71031000110002,https://fasih-sm.bps.go.id/app/assignment-detail/8bcc6604-7cb6-4201-8c32-5b07b72c9e58,01220
8bcc6604-7cb6-4201-8c32-5b07b72c9e58,HOLTIKULTURA TANAMAN LEMON CUI (ALEX MAMONDOL) ,71031000110002,https://fasih-sm.bps.go.id/app/assignment-detail/8bcc6604-7cb6-4201-8c32-5b07b72c9e58,01230
8bcc6604-7cb6-4201-8c32-5b07b72c9e58,INDUSTRI PENGOLAHAN KOPRA (ALEX MAMONDOL) ,71031000110002,https://fasih-sm.bps.go.id/app/assignment-detail/8bcc6604-7cb6-4201-8c32-5b07b72c9e58,10421
8c392c55-0c76-49ce-a813-d592f2572f2f,UTP PETERNAKAN ( ARTER MANDALIKA),71030920030002,https://fasih-sm.bps.go.id/app/assignment-detail/8c392c55-0c76-49ce-a813-d592f2572f2f,01450
8c392c55-0c76-49ce-a813-d592f2572f2f,JASA SOPIR ANGKUTAN UMUM(ARTER MANDALIKA),71030920030002,https://fasih-sm.bps.go.id/app/assignment-detail/8c392c55-0c76-49ce-a813-d592f2572f2f,49219
8cd0bcd0-4f85-43a4-afeb-12f84e35e0c4,TUKANG OJEK KELILING (HENDRA GIROT),71030600160001,https://fasih-sm.bps.go.id/app/assignment-detail/8cd0bcd0-4f85-43a4-afeb-12f84e35e0c4,249296
8d099262-4345-44e6-ad54-d05e909c5dd5,USAHA KERAJINAN ANYAMAN BAMBU (ROBERT TARAMENG),71030600080001,https://fasih-sm.bps.go.id/app/assignment-detail/8d099262-4345-44e6-ad54-d05e909c5dd5,16291
8d7c91aa-f616-4c63-b2ae-dc882e827fa1,UTP PERKEBUNANA( HERI LOLAROH),71030920030002,https://fasih-sm.bps.go.id/app/assignment-detail/8d7c91aa-f616-4c63-b2ae-dc882e827fa1,01261
8d7c91aa-f616-4c63-b2ae-dc882e827fa1,UTP INDUSTRI ( HERI LOLAROH),71030920030002,https://fasih-sm.bps.go.id/app/assignment-detail/8d7c91aa-f616-4c63-b2ae-dc882e827fa1,10421
8f725e4e-9d01-4544-8b77-4172516dcde2,WARUNG KELONTONG (NURSALINA RAHAMIS),71031000210002,https://fasih-sm.bps.go.id/app/assignment-detail/8f725e4e-9d01-4544-8b77-4172516dcde2,47112
8f725e4e-9d01-4544-8b77-4172516dcde2,WARUNG MAKANAN,71031000210002,https://fasih-sm.bps.go.id/app/assignment-detail/8f725e4e-9d01-4544-8b77-4172516dcde2,56102
8f725e4e-9d01-4544-8b77-4172516dcde2,KUE BASAH,71031000210002,https://fasih-sm.bps.go.id/app/assignment-detail/8f725e4e-9d01-4544-8b77-4172516dcde2,10792
8fa6bad0-b094-47d0-8e66-fa3579fb641b,PERKEBUNAN PALA (AGUSTINUS),71030500100001,https://fasih-sm.bps.go.id/app/assignment-detail/8fa6bad0-b094-47d0-8e66-fa3579fb641b,101283
8ffbd187-c1cf-45af-8c81-32a02c8b76eb,PENANGKAPAN IKAN (HEDRION),71031100080003,https://fasih-sm.bps.go.id/app/assignment-detail/8ffbd187-c1cf-45af-8c81-32a02c8b76eb,03300
91fcb9e1-3cc6-46cd-8471-f8aa83b8efa6,PENGOLAHAN KOPRA (NIRWAN LAHOPANG) ,71030600090003,https://fasih-sm.bps.go.id/app/assignment-detail/91fcb9e1-3cc6-46cd-8471-f8aa83b8efa6,10421
922281ca-b892-4f74-9fb6-883180b53c4e,INDUSTRI PENGOLAHAN SAGU (JON LUASUNAUNG),71030600160002,https://fasih-sm.bps.go.id/app/assignment-detail/922281ca-b892-4f74-9fb6-883180b53c4e,10622
922281ca-b892-4f74-9fb6-883180b53c4e,INDUSTRI KOPRA (JON LUASUNAUNG),71030600160002,https://fasih-sm.bps.go.id/app/assignment-detail/922281ca-b892-4f74-9fb6-883180b53c4e,10421
923c7694-4c59-42ee-9ca8-2d64b40b5b91,UTP PERKEBUNAN PALA (LIYONO) ,71030910050012,https://fasih-sm.bps.go.id/app/assignment-detail/923c7694-4c59-42ee-9ca8-2d64b40b5b91,01283
92d4b425-79d1-4f2b-8354-1f03bb06f25e,JUAL ES BATU (ADELIN),71031000050002,https://fasih-sm.bps.go.id/app/assignment-detail/92d4b425-79d1-4f2b-8354-1f03bb06f25e,10504
92fec8a1-733b-4d51-9903-0f76afc7a7c6,TANAMAN PANGAN HERMAN MARTINDAS,71030700070003,https://fasih-sm.bps.go.id/app/assignment-detail/92fec8a1-733b-4d51-9903-0f76afc7a7c6,01135
93423f7c-b03d-4d0f-9102-a895e5f2657d,UTP PERKEBUNAN KELAPA (LORENS LUMEPA),71030410060001,https://fasih-sm.bps.go.id/app/assignment-detail/93423f7c-b03d-4d0f-9102-a895e5f2657d,01261
93423f7c-b03d-4d0f-9102-a895e5f2657d,INDUSTRI PENGOLAHAN KOPRA (LEORENS LUMEPA),71030410060001,https://fasih-sm.bps.go.id/app/assignment-detail/93423f7c-b03d-4d0f-9102-a895e5f2657d,10421
94ba8c26-9c37-41e0-bd91-b704a45ab618,WARUNG SEMBAKO (MAHFUD) ,71031000030001,https://fasih-sm.bps.go.id/app/assignment-detail/94ba8c26-9c37-41e0-bd91-b704a45ab618,47112
94ba8c26-9c37-41e0-bd91-b704a45ab618,PERTALITE ECERAN (MAHFUD) ,71031000030001,https://fasih-sm.bps.go.id/app/assignment-detail/94ba8c26-9c37-41e0-bd91-b704a45ab618,47302
94f2e892-f2d9-4c2b-8489-a414506412c9,INDUSTRI KOPRA (ROSALI),71031000070002,https://fasih-sm.bps.go.id/app/assignment-detail/94f2e892-f2d9-4c2b-8489-a414506412c9,10421
963aaec6-7c94-4ace-b2d2-de04a1b84b08,USAHA SEMBAKO PAK GUSTAP,71030900110005,https://fasih-sm.bps.go.id/app/assignment-detail/963aaec6-7c94-4ace-b2d2-de04a1b84b08,47112
96af8572-8de8-400a-8a7f-666a7ce19ecf,PRODUKSI KOPRA ( ANDRIS TINUNGKI ),71030400090002,https://fasih-sm.bps.go.id/app/assignment-detail/96af8572-8de8-400a-8a7f-666a7ce19ecf,10421
987756e4-9648-4e53-8e80-d726de4366bc,Jual beli Pala,71030500060002,https://fasih-sm.bps.go.id/app/assignment-detail/987756e4-9648-4e53-8e80-d726de4366bc,447219
9915f82a-3764-42d3-a5fc-cf45bf838c5d,PENJUAL IKAN (NURKILA LAKORO),71030910030007,https://fasih-sm.bps.go.id/app/assignment-detail/9915f82a-3764-42d3-a5fc-cf45bf838c5d,47215
99379c6e-3eb0-42fa-9d25-28cc652f9c68,INDUSTRI KOPRA ,71031020010001,https://fasih-sm.bps.go.id/app/assignment-detail/99379c6e-3eb0-42fa-9d25-28cc652f9c68,10421
99379c6e-3eb0-42fa-9d25-28cc652f9c68,PERIKANAN TANGKAP,71031020010001,https://fasih-sm.bps.go.id/app/assignment-detail/99379c6e-3eb0-42fa-9d25-28cc652f9c68,47215
99379c6e-3eb0-42fa-9d25-28cc652f9c68,PERKEBUNAN KELAPA,71031020010001,https://fasih-sm.bps.go.id/app/assignment-detail/99379c6e-3eb0-42fa-9d25-28cc652f9c68,01261
9954811a-af7a-46b5-95cb-18b2d137f5cd,KIOS SEMBAKO ,71030620040002,https://fasih-sm.bps.go.id/app/assignment-detail/9954811a-af7a-46b5-95cb-18b2d137f5cd,47112
99841ea6-8a61-4bd9-84b8-0b7731cef0c4,MENANGKAP IKAN MENGGUNAKAN ALAT PANCING,71030610050002,https://fasih-sm.bps.go.id/app/assignment-detail/99841ea6-8a61-4bd9-84b8-0b7731cef0c4,03110
9986558a-9c3e-4586-bb06-2007f7abf88f,OJEK BENTOR (JAMAL),71031000040004,https://fasih-sm.bps.go.id/app/assignment-detail/9986558a-9c3e-4586-bb06-2007f7abf88f,49296
9a5e0686-450b-4e09-9771-7ca83c8f86bb,MENANAM UBI KAYU(ARBAIN ,71031000250001,https://fasih-sm.bps.go.id/app/assignment-detail/9a5e0686-450b-4e09-9771-7ca83c8f86bb,01135
9b9b9e6a-9dea-445f-982c-023885f5aa3b,PERKEBUNAN PALA ( ZAKARIAS TAKAHINDANGAN) ,71030910040007,https://fasih-sm.bps.go.id/app/assignment-detail/9b9b9e6a-9dea-445f-982c-023885f5aa3b,01283
9c3e7518-f5d9-455d-93ff-68cf0a75f3bc,PERKEBUNAN (JOHANIS) ,71031000240002,https://fasih-sm.bps.go.id/app/assignment-detail/9c3e7518-f5d9-455d-93ff-68cf0a75f3bc,01261
9dbdc91d-6c31-4b8d-8ece-b72ec10dced9,INDUSTRI ROTI (ADOLPINA YONAS),71030800150003,https://fasih-sm.bps.go.id/app/assignment-detail/9dbdc91d-6c31-4b8d-8ece-b72ec10dced9,10710
9f1f7c02-0e3e-4ce9-a3ba-388232aba594,KIOS (RUKMINI MAKASENDA),71030900140002,https://fasih-sm.bps.go.id/app/assignment-detail/9f1f7c02-0e3e-4ce9-a3ba-388232aba594,147112
9f5a0a7f-801d-425d-95c9-dab1ab5dc4e9,JUAL PULSA (RABIA ALDAWIA SANGGILI) ,71031100030005,https://fasih-sm.bps.go.id/app/assignment-detail/9f5a0a7f-801d-425d-95c9-dab1ab5dc4e9,147901
9f5a0a7f-801d-425d-95c9-dab1ab5dc4e9,USAHA WARUNG KOPI (SUPARMAN TATANGING) ,71031100030005,https://fasih-sm.bps.go.id/app/assignment-detail/9f5a0a7f-801d-425d-95c9-dab1ab5dc4e9,256304
a1493a57-c0cf-4364-9f11-b18d7aa8ad2d,USAHA PERKEBUNAN (ORNAL KATIHO),71030920040006,https://fasih-sm.bps.go.id/app/assignment-detail/a1493a57-c0cf-4364-9f11-b18d7aa8ad2d,01283
a1493a57-c0cf-4364-9f11-b18d7aa8ad2d,USAHA BELI KELAPA (ORNAL KATIHO),71030920040006,https://fasih-sm.bps.go.id/app/assignment-detail/a1493a57-c0cf-4364-9f11-b18d7aa8ad2d,47219
a23b725c-476d-463a-b7c8-b6d58a66dc9c,PERKEBUNAN PALA (MARTINUS),71030500190001,https://fasih-sm.bps.go.id/app/assignment-detail/a23b725c-476d-463a-b7c8-b6d58a66dc9c,01283
a255f6a7-0595-46c4-a578-b5273c8e5d37,MINYAK BENSIN PERTALITE MILIK NAPISA PONTOH ,71031000110001,https://fasih-sm.bps.go.id/app/assignment-detail/a255f6a7-0595-46c4-a578-b5273c8e5d37,47302
a255f6a7-0595-46c4-a578-b5273c8e5d37,USAHA OJEK MILIK ABDUL HARIS MANOSSOH ,71031000110001,https://fasih-sm.bps.go.id/app/assignment-detail/a255f6a7-0595-46c4-a578-b5273c8e5d37,49296
a255f6a7-0595-46c4-a578-b5273c8e5d37,TANAMAN PANGAN MILIK NAPISA PONTOH,71031000110001,https://fasih-sm.bps.go.id/app/assignment-detail/a255f6a7-0595-46c4-a578-b5273c8e5d37,01135
a2ed3f55-df34-4e54-8acf-12862feb7bfc,PERKEBUNAN PALA(HARNISTO MAKALUASE),71030800150002,https://fasih-sm.bps.go.id/app/assignment-detail/a2ed3f55-df34-4e54-8acf-12862feb7bfc,01283
a5713d28-a5e8-4164-96e7-380579b76b9f,PENGOLAHAN KUE BASAH (BERTHA TATONTOS),71030500100003,https://fasih-sm.bps.go.id/app/assignment-detail/a5713d28-a5e8-4164-96e7-380579b76b9f,110792
a5b5e2bc-5570-4b6a-97e0-82f9ef899b00,USAHA DEKORASI (ANGELLA TAKALUHUDE),71030910040004,https://fasih-sm.bps.go.id/app/assignment-detail/a5b5e2bc-5570-4b6a-97e0-82f9ef899b00,77291
a5c6796f-68d3-47a7-9649-57f36f3b29bc,MENJUAL KUE BASAH (OHKLIN) ,71030600090002,https://fasih-sm.bps.go.id/app/assignment-detail/a5c6796f-68d3-47a7-9649-57f36f3b29bc,10792
a613f226-f14c-4218-8486-5ddea1d0d9b7,BUDIDAYA TANAMAN PALA (SHERFIN) ,71030500120004,https://fasih-sm.bps.go.id/app/assignment-detail/a613f226-f14c-4218-8486-5ddea1d0d9b7,01283
a7003a5b-9359-452c-ae50-ee4e13e03545,UTP HORTIKULTURA (ABNER PAPADO),71030600080001,https://fasih-sm.bps.go.id/app/assignment-detail/a7003a5b-9359-452c-ae50-ee4e13e03545,01138
a7143ec7-4c13-473f-8645-e7ee5d3f9b56,SABAM ARTHUR STC DOJANG ENEMAWIRA,71030910040001,https://fasih-sm.bps.go.id/app/assignment-detail/a7143ec7-4c13-473f-8645-e7ee5d3f9b56,193126
a7768d94-2067-4fdb-8f4d-126fb1aa8dbc,INDUSTRI KOPRA ( MARKUS LUMENTE ),71030620030001,https://fasih-sm.bps.go.id/app/assignment-detail/a7768d94-2067-4fdb-8f4d-126fb1aa8dbc,10421
a7768d94-2067-4fdb-8f4d-126fb1aa8dbc,PENAMBANG EMAS ( MARKUS LUMENTE ),71030620030001,https://fasih-sm.bps.go.id/app/assignment-detail/a7768d94-2067-4fdb-8f4d-126fb1aa8dbc,07221
a7ff1589-3df1-49b8-9aa8-1485f250221c,USAHA KUE (FERDERIKA MANABUNG),71030800170002,https://fasih-sm.bps.go.id/app/assignment-detail/a7ff1589-3df1-49b8-9aa8-1485f250221c,10792
a92bfa8c-5739-4e6b-8c87-02eafa0f78ff,UTP PERTANIAN KELAPA (MARNES SALAWATI),71030800140003,https://fasih-sm.bps.go.id/app/assignment-detail/a92bfa8c-5739-4e6b-8c87-02eafa0f78ff,101261
a92bfa8c-5739-4e6b-8c87-02eafa0f78ff,INDUSTRI PENGOLAHAN KOPRA (MARNES SALAWATI),71030800140003,https://fasih-sm.bps.go.id/app/assignment-detail/a92bfa8c-5739-4e6b-8c87-02eafa0f78ff,10421
a996b822-4933-4d62-94c1-5586c7f84d6a,PERKEBUNAN (YAN),71031000140005,https://fasih-sm.bps.go.id/app/assignment-detail/a996b822-4933-4d62-94c1-5586c7f84d6a,01261
aa599c28-de8f-4b13-8f2c-4dacc045d593,PENGOLAHAN KOPRA (ADRIAN NIMAT) ,71030600090003,https://fasih-sm.bps.go.id/app/assignment-detail/aa599c28-de8f-4b13-8f2c-4dacc045d593,10421
aa599c28-de8f-4b13-8f2c-4dacc045d593,MENJUAL BENSIN ECERAN (DESEMCE) ,71030600090003,https://fasih-sm.bps.go.id/app/assignment-detail/aa599c28-de8f-4b13-8f2c-4dacc045d593,47302
ab0a177e-ff80-40a0-9fcc-0325366ef236,PERKEBUNAN PALA (AYUB),71030800020001,https://fasih-sm.bps.go.id/app/assignment-detail/ab0a177e-ff80-40a0-9fcc-0325366ef236,01283
ab48f8bc-5e48-4094-84e3-7c9dc3c411ca,WARUNG SEMBAKO (JEMS AHAULAMBUNG),71030500100003,https://fasih-sm.bps.go.id/app/assignment-detail/ab48f8bc-5e48-4094-84e3-7c9dc3c411ca,147112
ab48f8bc-5e48-4094-84e3-7c9dc3c411ca,JUAL BENSIN ECERAN (JEMS AHAULAMBUNG),71030500100003,https://fasih-sm.bps.go.id/app/assignment-detail/ab48f8bc-5e48-4094-84e3-7c9dc3c411ca,147302
ab5ce97e-97f4-437f-986f-926777359fd8,TUKANG OJEK KELILING (YOULEN MAKAWOEL),71030600160002,https://fasih-sm.bps.go.id/app/assignment-detail/ab5ce97e-97f4-437f-986f-926777359fd8,149296
ab5ce97e-97f4-437f-986f-926777359fd8,UTP PERIKANAN (YOULEN MAKAWOEL),71030600160002,https://fasih-sm.bps.go.id/app/assignment-detail/ab5ce97e-97f4-437f-986f-926777359fd8,03110
ab5ce97e-97f4-437f-986f-926777359fd8,INDUSTRI KOPRA (YOULEN MAKAWOEL),71030600160002,https://fasih-sm.bps.go.id/app/assignment-detail/ab5ce97e-97f4-437f-986f-926777359fd8,10421
ac4acd09-9877-4fe9-8e2a-c1aafad41d6a,INDUSTRI PENGOLAHAN KOPRA (FREDRIK) ,71031100010001,https://fasih-sm.bps.go.id/app/assignment-detail/ac4acd09-9877-4fe9-8e2a-c1aafad41d6a,10421
ac9b0829-c8b9-45d3-862c-5bb880648308,PERKEBUNAN PALA (DJAMAL),71030500050001,https://fasih-sm.bps.go.id/app/assignment-detail/ac9b0829-c8b9-45d3-862c-5bb880648308,01283
accb2fb5-e6ab-488b-bd07-6e035905974c,USAHA KERIPIK PISANG (ERNA SULISTIAWATY WIKU) ,71031000110002,https://fasih-sm.bps.go.id/app/assignment-detail/accb2fb5-e6ab-488b-bd07-6e035905974c,10794
accb2fb5-e6ab-488b-bd07-6e035905974c,USAHA KUE KERING (ERNA SULISTIAWATY WIKU) ,71031000110002,https://fasih-sm.bps.go.id/app/assignment-detail/accb2fb5-e6ab-488b-bd07-6e035905974c,10710
acd3b0cc-d9c5-421a-b02c-f340dd98edd7,PERKEBUNAN PALA (DEVIANTO SALAINTI),71031100050004,https://fasih-sm.bps.go.id/app/assignment-detail/acd3b0cc-d9c5-421a-b02c-f340dd98edd7,101283
adbd25b4-0cb0-4720-9498-07ebd448dcaa,UTP PERIKANAN (ARNOL PANANGGUNG),71030800060004,https://fasih-sm.bps.go.id/app/assignment-detail/adbd25b4-0cb0-4720-9498-07ebd448dcaa,03110
adbd25b4-0cb0-4720-9498-07ebd448dcaa,UTP PERKEBUNAN CENGKIH (ARNOL PANANGGUNG),71030800060004,https://fasih-sm.bps.go.id/app/assignment-detail/adbd25b4-0cb0-4720-9498-07ebd448dcaa,01282
adc6df58-7a45-45b9-87b2-bbe9686ece83,USAHA JUAL VOUCHER (ROFIA) ,71031000240004,https://fasih-sm.bps.go.id/app/assignment-detail/adc6df58-7a45-45b9-87b2-bbe9686ece83,61201
ae1d339e-3053-4f3c-b177-caed7c8ef7cf,USAHA BENGKEL RONY WUNGKARENG,71031000250001,https://fasih-sm.bps.go.id/app/assignment-detail/ae1d339e-3053-4f3c-b177-caed7c8ef7cf,95320
af7b9915-9307-46f3-a803-59dec3ada1e6,TK RA LABAIK BEHA,71031000100002,https://fasih-sm.bps.go.id/app/assignment-detail/af7b9915-9307-46f3-a803-59dec3ada1e6,85542
b03d5264-48ff-4d36-a12c-aa09b7f7743c,BENGKEL MOBIL (FAIZAL HENOCH),71030910080002,https://fasih-sm.bps.go.id/app/assignment-detail/b03d5264-48ff-4d36-a12c-aa09b7f7743c,195311
b0800ffa-c74d-4212-b486-0cf4147511bf,SOPIR JAMES,71030900140004,https://fasih-sm.bps.go.id/app/assignment-detail/b0800ffa-c74d-4212-b486-0cf4147511bf,49219
b0892fea-cde5-4a63-b11b-8cd82b1f3124,PERKEBUNAN PALA (SUTOMO),71030500140003,https://fasih-sm.bps.go.id/app/assignment-detail/b0892fea-cde5-4a63-b11b-8cd82b1f3124,01283
b1921314-9645-4219-9c86-e5075271946e,UTP PERTANIAN KELAPA (FRETS KAHAMU),71030800140001,https://fasih-sm.bps.go.id/app/assignment-detail/b1921314-9645-4219-9c86-e5075271946e,101261
b3884640-e74e-4ec8-9cf5-038d0fe38cea,TUKANG KAYU (DJAKSON KANTOHE),71030910070010,https://fasih-sm.bps.go.id/app/assignment-detail/b3884640-e74e-4ec8-9cf5-038d0fe38cea,31011
b3884640-e74e-4ec8-9cf5-038d0fe38cea,TUKANG PIJAT (TRISDILING MENDOME),71030910070010,https://fasih-sm.bps.go.id/app/assignment-detail/b3884640-e74e-4ec8-9cf5-038d0fe38cea,86995
b41f21cc-6006-4d56-b7f6-9522d60d75dd,MENJUAL IKAN KELILING( YUFIENTJE DAMISI) ,71030910040009,https://fasih-sm.bps.go.id/app/assignment-detail/b41f21cc-6006-4d56-b7f6-9522d60d75dd,47215
b4aa5eee-f76c-481d-a739-e96074f35f7c,USAHA PERKEBUNAN CENGKEH DOYOUR JANIS,71031000020002,https://fasih-sm.bps.go.id/app/assignment-detail/b4aa5eee-f76c-481d-a739-e96074f35f7c,101282
b831e816-4d9a-4db0-878f-2460354ee364,INDUSTRI KOPRA (SAHRI) ,71031000030001,https://fasih-sm.bps.go.id/app/assignment-detail/b831e816-4d9a-4db0-878f-2460354ee364,10421
b831e816-4d9a-4db0-878f-2460354ee364,PERKEBUNAN PALA (SAHRI) ,71031000030001,https://fasih-sm.bps.go.id/app/assignment-detail/b831e816-4d9a-4db0-878f-2460354ee364,01283
b876288a-0e8a-4f77-8fb0-0d8c0a09270e,PERKEBUNAN (BAWENGKENUSA FHORLEKSIUS GAGHANA),71030400060001,https://fasih-sm.bps.go.id/app/assignment-detail/b876288a-0e8a-4f77-8fb0-0d8c0a09270e,10421
b9547005-4be4-4db3-a5fd-f494caf775cd,KUE BASAH ( ADELHEID HAMENDA),71031000210003,https://fasih-sm.bps.go.id/app/assignment-detail/b9547005-4be4-4db3-a5fd-f494caf775cd,10792
b9cdea0e-5923-4954-9c65-40f0c9e6cf47,INDUSTRI PENGOLAHAN KOPRA ( MARTINUS KARAENG),71030800060003,https://fasih-sm.bps.go.id/app/assignment-detail/b9cdea0e-5923-4954-9c65-40f0c9e6cf47,10421
b9d9b419-f069-4d9e-981e-1b4bdbdf03e5,MENJUAL PAKAIAN (SURMINIATI SALAULA),71031000230003,https://fasih-sm.bps.go.id/app/assignment-detail/b9d9b419-f069-4d9e-981e-1b4bdbdf03e5,147711
b9f75ea8-1ae3-45e2-bc26-89504064c164,PERIKANAN TANGKAP (JAMES),71030800040002,https://fasih-sm.bps.go.id/app/assignment-detail/b9f75ea8-1ae3-45e2-bc26-89504064c164,103110
ba226219-758d-4f7b-92f9-b810317e3379,Perkebunan cengkeh,71030600080001,https://fasih-sm.bps.go.id/app/assignment-detail/ba226219-758d-4f7b-92f9-b810317e3379,01282
ba226219-758d-4f7b-92f9-b810317e3379,Perkebunan pala,71030600080001,https://fasih-sm.bps.go.id/app/assignment-detail/ba226219-758d-4f7b-92f9-b810317e3379,01283
bb607d3a-a875-4749-ac85-142c78711979,UTP PERIKANAN (JUMINEN MAKAGANSA),71030600160002,https://fasih-sm.bps.go.id/app/assignment-detail/bb607d3a-a875-4749-ac85-142c78711979,03110
bbe4e4c0-b698-470c-9c6e-e5288a066f6c,INDUSTRI KOPRA (STEVEN),71030620020003,https://fasih-sm.bps.go.id/app/assignment-detail/bbe4e4c0-b698-470c-9c6e-e5288a066f6c,10421
bc25c8fc-bccf-42ff-909e-fcf4d0681fdc,TANAMAN PANGAN (CHORNELES MAINGKOLANG),71030600150002,https://fasih-sm.bps.go.id/app/assignment-detail/bc25c8fc-bccf-42ff-909e-fcf4d0681fdc,01139
bc25c8fc-bccf-42ff-909e-fcf4d0681fdc,INDUSTRI KUE BASAH (ANATJE MASIPUANG),71030600150002,https://fasih-sm.bps.go.id/app/assignment-detail/bc25c8fc-bccf-42ff-909e-fcf4d0681fdc,10792
bc25c8fc-bccf-42ff-909e-fcf4d0681fdc,HORTIKULTURA (CHORNELES MAINGKOLANG),71030600150002,https://fasih-sm.bps.go.id/app/assignment-detail/bc25c8fc-bccf-42ff-909e-fcf4d0681fdc,01220
bc25c8fc-bccf-42ff-909e-fcf4d0681fdc,INDUSTRI KOPRA (CHORNELES MAINGKOLANG),71030600150002,https://fasih-sm.bps.go.id/app/assignment-detail/bc25c8fc-bccf-42ff-909e-fcf4d0681fdc,10421
bc25c8fc-bccf-42ff-909e-fcf4d0681fdc,PERIKANAN (CHORNELES MAINGKOLANG),71030600150002,https://fasih-sm.bps.go.id/app/assignment-detail/bc25c8fc-bccf-42ff-909e-fcf4d0681fdc,03110
bc3c9d47-8b65-46ad-a531-c29b670a05b0,TEMPAT SERVIS HANDPHONE (NALDI),71031000050001,https://fasih-sm.bps.go.id/app/assignment-detail/bc3c9d47-8b65-46ad-a531-c29b670a05b0,95102
bc9ddb90-ce74-4654-bf91-f61d337174ca,PETERNAKAN BABI (KRISTINA TAHENDUNG),71030500130003,https://fasih-sm.bps.go.id/app/assignment-detail/bc9ddb90-ce74-4654-bf91-f61d337174ca,01450
bd05ffbf-4e9e-4f0f-8e73-d21f3f6a65c4,PENJUALAN TAHU MENTAH (JOKIBET MAKALIKIS),71030600150002,https://fasih-sm.bps.go.id/app/assignment-detail/bd05ffbf-4e9e-4f0f-8e73-d21f3f6a65c4,47244
bd2dbddb-34c7-4999-9b1a-8fcc71e5b62f,Membuat kue basah,71030610040003,https://fasih-sm.bps.go.id/app/assignment-detail/bd2dbddb-34c7-4999-9b1a-8fcc71e5b62f,101112
be578d17-3c1c-43dd-a8e7-7609cd9e5639,PRODUKSI BIJI PALA ( RAMON LINOGI ),71030400090002,https://fasih-sm.bps.go.id/app/assignment-detail/be578d17-3c1c-43dd-a8e7-7609cd9e5639,01283
be97321c-3c69-4f74-9650-49cb7115f91a,INDUSTRI KOPRA ,71030600190002,https://fasih-sm.bps.go.id/app/assignment-detail/be97321c-3c69-4f74-9650-49cb7115f91a,110421
c06fecaf-0190-4721-89cc-68f11b8c8a34,PERKEBUNAN PALA (APRINCE) ,71030500120003,https://fasih-sm.bps.go.id/app/assignment-detail/c06fecaf-0190-4721-89cc-68f11b8c8a34,101283
c06fecaf-0190-4721-89cc-68f11b8c8a34,INDUSTRI PENGOLAHAN KOPRA (AMILAN) ,71030500120003,https://fasih-sm.bps.go.id/app/assignment-detail/c06fecaf-0190-4721-89cc-68f11b8c8a34,110421
c06fecaf-0190-4721-89cc-68f11b8c8a34,TANAMAN PANGAN UBI KAYU (AMILAN) ,71030500120003,https://fasih-sm.bps.go.id/app/assignment-detail/c06fecaf-0190-4721-89cc-68f11b8c8a34,101135
c06fecaf-0190-4721-89cc-68f11b8c8a34,TANAMAN HOLTIKULTURA LEMON IKAN (AMILAN) ,71030500120003,https://fasih-sm.bps.go.id/app/assignment-detail/c06fecaf-0190-4721-89cc-68f11b8c8a34,401230
c12e0061-4d51-4c8f-ae51-51cfa1336835,GORENGAN <ICE>,71030400100001,https://fasih-sm.bps.go.id/app/assignment-detail/c12e0061-4d51-4c8f-ae51-51cfa1336835,10750
c141f54c-b324-45e3-93b0-5abcb0d5cc93,USAHA KEBUN PAK AGUS,71030610090001,https://fasih-sm.bps.go.id/app/assignment-detail/c141f54c-b324-45e3-93b0-5abcb0d5cc93,01135
c19e2d31-96b0-4622-a039-7ab5f74b904a,INDUSTRI KOPRA (BAHRUDIN KARUNGSALA),71031000030003,https://fasih-sm.bps.go.id/app/assignment-detail/c19e2d31-96b0-4622-a039-7ab5f74b904a,110421
c27ff06f-6baa-4c0f-88bd-dce84ba7e785,UTP PERKEBUNAN ( TETWIN),71031100050002,https://fasih-sm.bps.go.id/app/assignment-detail/c27ff06f-6baa-4c0f-88bd-dce84ba7e785,101283
c27ff06f-6baa-4c0f-88bd-dce84ba7e785,MIE BAKSO (TITWIN),71031100050002,https://fasih-sm.bps.go.id/app/assignment-detail/c27ff06f-6baa-4c0f-88bd-dce84ba7e785,56101
c30477bb-246f-41dc-a8e7-94c75107e036,INDUSTRI KOPRA (JUNUS PONTOH) ,71030700060004,https://fasih-sm.bps.go.id/app/assignment-detail/c30477bb-246f-41dc-a8e7-94c75107e036,10421
c3516e34-d059-4e3b-8bc2-27d3bb077108,MEMBUAT KUE (NORMINA),71030600200003,https://fasih-sm.bps.go.id/app/assignment-detail/c3516e34-d059-4e3b-8bc2-27d3bb077108,110792
c3c93e54-62da-4b27-a6e0-687e7d97b543,UTP PETERNAKAN BABI (WELESTAN BAWELENG),71030900140001,https://fasih-sm.bps.go.id/app/assignment-detail/c3c93e54-62da-4b27-a6e0-687e7d97b543,101450
c3c93e54-62da-4b27-a6e0-687e7d97b543,CATERING (STEVANI SAKAWARI),71030900140001,https://fasih-sm.bps.go.id/app/assignment-detail/c3c93e54-62da-4b27-a6e0-687e7d97b543,156210
c3c93e54-62da-4b27-a6e0-687e7d97b543,MAKANAN MASAK (STEVANI SAKAWARI),71030900140001,https://fasih-sm.bps.go.id/app/assignment-detail/c3c93e54-62da-4b27-a6e0-687e7d97b543,556290
c3c93e54-62da-4b27-a6e0-687e7d97b543,DEKORASI (STEVANI SAKAWARI),71030900140001,https://fasih-sm.bps.go.id/app/assignment-detail/c3c93e54-62da-4b27-a6e0-687e7d97b543,96900
c44100b9-f5c8-4e96-b403-f9d8a54f23e5,MENJUAL MAKANAN MASAK (YETPINTJE) ,71031000060002,https://fasih-sm.bps.go.id/app/assignment-detail/c44100b9-f5c8-4e96-b403-f9d8a54f23e5,56400
c576366c-4c20-4e38-ad50-7869037c123e,INDUSTRI KOPRA,71030620040002,https://fasih-sm.bps.go.id/app/assignment-detail/c576366c-4c20-4e38-ad50-7869037c123e,10421
c576366c-4c20-4e38-ad50-7869037c123e,INDUSTRI KOPRA,71030620040002,https://fasih-sm.bps.go.id/app/assignment-detail/c576366c-4c20-4e38-ad50-7869037c123e,10421
c62be423-660a-4492-bfae-188637f0de7d,WARUNG SEMBAKO (BAOLANG) ,71031000030001,https://fasih-sm.bps.go.id/app/assignment-detail/c62be423-660a-4492-bfae-188637f0de7d,47112
c62be423-660a-4492-bfae-188637f0de7d,INDUSTRI KOPRA (SAWAL) ,71031000030001,https://fasih-sm.bps.go.id/app/assignment-detail/c62be423-660a-4492-bfae-188637f0de7d,10421
c6b9103d-9f01-4d9b-8b3d-dbb5807c63b7,UTP PERKEBUNAN PALA (GUSTIN PAPADO),71030600080002,https://fasih-sm.bps.go.id/app/assignment-detail/c6b9103d-9f01-4d9b-8b3d-dbb5807c63b7,01283
c6b9103d-9f01-4d9b-8b3d-dbb5807c63b7,UTP PERKEBUNAN KELAPA (GUSTIN PAPADO),71030600080002,https://fasih-sm.bps.go.id/app/assignment-detail/c6b9103d-9f01-4d9b-8b3d-dbb5807c63b7,01261
c862f255-9803-401f-aaad-84ef61356643,MENGOLAH KELAPA MENJADI KOPRA,71030700020004,https://fasih-sm.bps.go.id/app/assignment-detail/c862f255-9803-401f-aaad-84ef61356643,10421
ca046126-bc00-4b2e-b559-93da9c49a2c2,KEDAI GEFANDA,71030900140004,https://fasih-sm.bps.go.id/app/assignment-detail/ca046126-bc00-4b2e-b559-93da9c49a2c2,56101
ceb5c09b-dae8-44ed-9c6f-deb2ddc00a0f,PERKEBUNAN PALA (YUDITNAN),71030500050001,https://fasih-sm.bps.go.id/app/assignment-detail/ceb5c09b-dae8-44ed-9c6f-deb2ddc00a0f,01283
d02803b2-5132-4709-8c2c-bf5d902cacb0,PENGGALIAN BATU (KARTONO),71031000140003,https://fasih-sm.bps.go.id/app/assignment-detail/d02803b2-5132-4709-8c2c-bf5d902cacb0,08101
d02803b2-5132-4709-8c2c-bf5d902cacb0,KOPRA (KARTONO),71031000140003,https://fasih-sm.bps.go.id/app/assignment-detail/d02803b2-5132-4709-8c2c-bf5d902cacb0,10421
d02803b2-5132-4709-8c2c-bf5d902cacb0,PERKEBUNAN (KARTONO),71031000140003,https://fasih-sm.bps.go.id/app/assignment-detail/d02803b2-5132-4709-8c2c-bf5d902cacb0,01283
d08760be-d6f1-4c26-b13b-53f464567afc,TANAMAN PANGAN (MARCE HEBIMISA),71031000010001,https://fasih-sm.bps.go.id/app/assignment-detail/d08760be-d6f1-4c26-b13b-53f464567afc,01139
d08760be-d6f1-4c26-b13b-53f464567afc,HORTIKULTURA,71031000010001,https://fasih-sm.bps.go.id/app/assignment-detail/d08760be-d6f1-4c26-b13b-53f464567afc,01133
d09d4ba1-555c-46d5-b683-5f0d38f95e40,USAHA KOS-KOSAN (MARCE GANSALANGI),71030800170002,https://fasih-sm.bps.go.id/app/assignment-detail/d09d4ba1-555c-46d5-b683-5f0d38f95e40,68111
d0f63f1c-119c-45d0-9e73-3b10ced52a80,PENJUAL IKAN KELILING (JUMLIA STIRMAN),71030910030009,https://fasih-sm.bps.go.id/app/assignment-detail/d0f63f1c-119c-45d0-9e73-3b10ced52a80,247215
d0f63f1c-119c-45d0-9e73-3b10ced52a80,penjual ikan keliling (jumlia stirman),71030910030009,https://fasih-sm.bps.go.id/app/assignment-detail/d0f63f1c-119c-45d0-9e73-3b10ced52a80,110792
d12b4652-6608-4fe6-8881-8c2c40436364,JUAL IKAN SEGAR (ELISABET RAMA) ,71030920050005,https://fasih-sm.bps.go.id/app/assignment-detail/d12b4652-6608-4fe6-8881-8c2c40436364,47215
d12b4652-6608-4fe6-8881-8c2c40436364,KOPRA (SIMSON REINARD) ,71030920050005,https://fasih-sm.bps.go.id/app/assignment-detail/d12b4652-6608-4fe6-8881-8c2c40436364,110421
d1f98224-cd3f-4f3b-bb5c-243a5bc49200,PERKEBUNAN PALA (UMAR) ,71031000040003,https://fasih-sm.bps.go.id/app/assignment-detail/d1f98224-cd3f-4f3b-bb5c-243a5bc49200,01283
d260c409-813f-44aa-9534-ed51a6d0c9d3,USAHA KOPRA,71030700060001,https://fasih-sm.bps.go.id/app/assignment-detail/d260c409-813f-44aa-9534-ed51a6d0c9d3,110421
d3480518-aef0-420c-b54d-aec125c4b0a6,INDUSTRI KOPRA ( FEBRIANLI HELER ),71030620010002,https://fasih-sm.bps.go.id/app/assignment-detail/d3480518-aef0-420c-b54d-aec125c4b0a6,10421
d3a436be-f172-4dc9-8757-d02b29cc0c0c,JASA POTONG RUMPUT (RIDWANTO KAEWOBA),71030600150002,https://fasih-sm.bps.go.id/app/assignment-detail/d3a436be-f172-4dc9-8757-d02b29cc0c0c,81300
d3a436be-f172-4dc9-8757-d02b29cc0c0c,INDUSTRI PENGOLAHAN KOPRA (RIDWANTO KAEWOBA),71030600150002,https://fasih-sm.bps.go.id/app/assignment-detail/d3a436be-f172-4dc9-8757-d02b29cc0c0c,10421
d46b04c5-17f4-4cc3-a3b2-d891dfa8f5cd,NASI KUNING ( HARIATI OKTAVIN PATRAS),71030900070002,https://fasih-sm.bps.go.id/app/assignment-detail/d46b04c5-17f4-4cc3-a3b2-d891dfa8f5cd,156101
d4d83ccb-fa66-4049-8a2b-b416a22a8ee0,PERKEBUN KELAPA (DJAPRI),71031000040002,https://fasih-sm.bps.go.id/app/assignment-detail/d4d83ccb-fa66-4049-8a2b-b416a22a8ee0,101261
d4d83ccb-fa66-4049-8a2b-b416a22a8ee0,Industri KOPRA (DJAPRI),71031000040002,https://fasih-sm.bps.go.id/app/assignment-detail/d4d83ccb-fa66-4049-8a2b-b416a22a8ee0,10421
d511fcdb-29fe-4fa9-817c-a2f4823d90e5,TANAMAN PANGAN,71031000010003,https://fasih-sm.bps.go.id/app/assignment-detail/d511fcdb-29fe-4fa9-817c-a2f4823d90e5,01139
d511fcdb-29fe-4fa9-817c-a2f4823d90e5,PANDAI BESI,71031000010003,https://fasih-sm.bps.go.id/app/assignment-detail/d511fcdb-29fe-4fa9-817c-a2f4823d90e5,25932
d56a029f-1043-4a23-940b-c8f67ebd6e85,TANAMAN PANGAN (FERDERIKA) ,71031000240001,https://fasih-sm.bps.go.id/app/assignment-detail/d56a029f-1043-4a23-940b-c8f67ebd6e85,01139
d56a029f-1043-4a23-940b-c8f67ebd6e85,TANAMAN HOLTIKULTURA (FERDERIKA) ,71031000240001,https://fasih-sm.bps.go.id/app/assignment-detail/d56a029f-1043-4a23-940b-c8f67ebd6e85,01220
d56a029f-1043-4a23-940b-c8f67ebd6e85,PENJUALAN SAGU DAN IKAN TERI (FERDERIKA) ,71031000240001,https://fasih-sm.bps.go.id/app/assignment-detail/d56a029f-1043-4a23-940b-c8f67ebd6e85,47246
d59e596d-860f-4773-a474-d9ab782986be,PRODUKSI BIJI PALA ( ROI MARTIN MAKATAMBA ),71030400090003,https://fasih-sm.bps.go.id/app/assignment-detail/d59e596d-860f-4773-a474-d9ab782986be,01283
d5a99c23-8e7d-44d5-aa77-cc67900d28dc,PERIKANAN (FEBRI MANIMBANGE),71030400050002,https://fasih-sm.bps.go.id/app/assignment-detail/d5a99c23-8e7d-44d5-aa77-cc67900d28dc,03110
d686fff1-3fa1-45e8-bf74-27475ecb417a,PERKEBUNAN KELAPA KRES,71030920010004,https://fasih-sm.bps.go.id/app/assignment-detail/d686fff1-3fa1-45e8-bf74-27475ecb417a,101261
d6ea47e1-1a8b-450d-8f98-844145b82ce7,MENJUAL PISANG ESTEPIN LUWUNAUNG,71030400170001,https://fasih-sm.bps.go.id/app/assignment-detail/d6ea47e1-1a8b-450d-8f98-844145b82ce7,47212
d753af25-b9ae-42e7-8843-2001361f86b2,PERKEBUNAN DRIEVE RYONGOS,71031000090005,https://fasih-sm.bps.go.id/app/assignment-detail/d753af25-b9ae-42e7-8843-2001361f86b2,10421
d8b8e78c-3268-45ba-9328-011bb1b66b8b,INDUSTRI KOPRA ( AGUSTINUS ARBANG) ,71030410030003,https://fasih-sm.bps.go.id/app/assignment-detail/d8b8e78c-3268-45ba-9328-011bb1b66b8b,10421
d93f2e80-9278-4f18-84a1-c274334daf15,WARUNG BENSIN ECERAN (ESTEFIN),71030500070005,https://fasih-sm.bps.go.id/app/assignment-detail/d93f2e80-9278-4f18-84a1-c274334daf15,247302
da496592-44d0-45c9-88c6-43580ccc8dc3,INDUSTRI KOPRA (ARHAM) ,71031000030001,https://fasih-sm.bps.go.id/app/assignment-detail/da496592-44d0-45c9-88c6-43580ccc8dc3,10421
db35423b-3d02-4934-8b14-b06b3f369526,INDUSTRI KOPRA (EJI),71031000100002,https://fasih-sm.bps.go.id/app/assignment-detail/db35423b-3d02-4934-8b14-b06b3f369526,110421
db35423b-3d02-4934-8b14-b06b3f369526,USAHA PERKEBUNAN KELAPA (EJI),71031000100002,https://fasih-sm.bps.go.id/app/assignment-detail/db35423b-3d02-4934-8b14-b06b3f369526,101261
db442b70-c8e6-4851-8bdd-303ca02a9bb5,PERDAGANGAN BUAH SEGAR (MEIKE MANGEGE),71030500110001,https://fasih-sm.bps.go.id/app/assignment-detail/db442b70-c8e6-4851-8bdd-303ca02a9bb5,47212
dc07b2da-82fe-469a-a95c-c272e235ba5f,KOPRA (AIRES MARE),71030800120002,https://fasih-sm.bps.go.id/app/assignment-detail/dc07b2da-82fe-469a-a95c-c272e235ba5f,10421
dc07b2da-82fe-469a-a95c-c272e235ba5f,PALA (ARIES MARE),71030800120002,https://fasih-sm.bps.go.id/app/assignment-detail/dc07b2da-82fe-469a-a95c-c272e235ba5f,01283
dc1eaad0-41b1-46fe-bc1d-b1cffb099754,USAHA JUAL BELI PALA NESTOR,71030910040002,https://fasih-sm.bps.go.id/app/assignment-detail/dc1eaad0-41b1-46fe-bc1d-b1cffb099754,47219
dc28d986-8a85-4d22-bbf4-2c9bbb07b300,PENANGKAPAN IKAN (JAMALUDIN BAKI) ,71031100030003,https://fasih-sm.bps.go.id/app/assignment-detail/dc28d986-8a85-4d22-bbf4-2c9bbb07b300,103110
dc28d986-8a85-4d22-bbf4-2c9bbb07b300,JUAL PAKAIAN (MIRAWATI YAMISI) ,71031100030003,https://fasih-sm.bps.go.id/app/assignment-detail/dc28d986-8a85-4d22-bbf4-2c9bbb07b300,247711
dc3f85b2-ddd6-4832-ab10-8cda9b364468,OJEK BENTOR(ADITYA),71031000250001,https://fasih-sm.bps.go.id/app/assignment-detail/dc3f85b2-ddd6-4832-ab10-8cda9b364468,49296
dc9b6a2b-4e59-49d8-9650-7455c5ac65c3,PERKEBUNAN PALA (JUNE),71030800010003,https://fasih-sm.bps.go.id/app/assignment-detail/dc9b6a2b-4e59-49d8-9650-7455c5ac65c3,01283
dc9e0d73-6442-4a19-a33e-a51a88e4d450,MENJUAL AKSESORIS,71030610040002,https://fasih-sm.bps.go.id/app/assignment-detail/dc9e0d73-6442-4a19-a33e-a51a88e4d450,547724
dc9e0d73-6442-4a19-a33e-a51a88e4d450,KIOS sembako,71030610040002,https://fasih-sm.bps.go.id/app/assignment-detail/dc9e0d73-6442-4a19-a33e-a51a88e4d450,47112
dc9e0d73-6442-4a19-a33e-a51a88e4d450,Menjual bensin,71030610040002,https://fasih-sm.bps.go.id/app/assignment-detail/dc9e0d73-6442-4a19-a33e-a51a88e4d450,247302
dc9e0d73-6442-4a19-a33e-a51a88e4d450,Menjual rempah rempah,71030610040002,https://fasih-sm.bps.go.id/app/assignment-detail/dc9e0d73-6442-4a19-a33e-a51a88e4d450,47779
dcc43b50-9084-4d89-af69-a8908f248e38,USAHA PERKEBUNAN KELAPA (SASKAR ROMPAS) ,71030800050003,https://fasih-sm.bps.go.id/app/assignment-detail/dcc43b50-9084-4d89-af69-a8908f248e38,101261
dcc43b50-9084-4d89-af69-a8908f248e38,INDUSTRI PENGOLAHAN KOPRA (SASKAR ROMPAS),71030800050003,https://fasih-sm.bps.go.id/app/assignment-detail/dcc43b50-9084-4d89-af69-a8908f248e38,110421
dd90cc72-9863-4ecd-a04e-bac176db3139,UTP PETERNAKAN AYAM (ALDI) ,71030910050012,https://fasih-sm.bps.go.id/app/assignment-detail/dd90cc72-9863-4ecd-a04e-bac176db3139,01462
de683267-27cf-4991-b620-d0934cc81b28,PERKEBUNAN PALA (MECI),71030500050004,https://fasih-sm.bps.go.id/app/assignment-detail/de683267-27cf-4991-b620-d0934cc81b28,01283
e108c1d2-a061-44f3-81cd-224d23fe021e,PERIKANAN TANGKAP (EDWIN),71030500060001,https://fasih-sm.bps.go.id/app/assignment-detail/e108c1d2-a061-44f3-81cd-224d23fe021e,03110
e108c1d2-a061-44f3-81cd-224d23fe021e,PERKEBUNAN PALA (EDWIN),71030500060001,https://fasih-sm.bps.go.id/app/assignment-detail/e108c1d2-a061-44f3-81cd-224d23fe021e,01283
e5ba71d9-5b9f-44ca-b0c8-efc1935f1389,DEPOT AIR (MEGI) ,71031000240001,https://fasih-sm.bps.go.id/app/assignment-detail/e5ba71d9-5b9f-44ca-b0c8-efc1935f1389,11052
e5d96c26-ffc3-4fcb-aa42-8fad76bb3263,UTP HORTIKULTURA ,71030610030001,https://fasih-sm.bps.go.id/app/assignment-detail/e5d96c26-ffc3-4fcb-aa42-8fad76bb3263,01138
e676d50d-65e5-4ddf-b99e-3b51104e48e5,USAH TIBO-TIBO ,71031000110004,https://fasih-sm.bps.go.id/app/assignment-detail/e676d50d-65e5-4ddf-b99e-3b51104e48e5,01133
e67cb886-6e64-4806-a403-65d4db21dd9a,PENGOLAHAN TERIGU MENJADI MIE (NAOMI LENDESUMOLE) ,71030700060004,https://fasih-sm.bps.go.id/app/assignment-detail/e67cb886-6e64-4806-a403-65d4db21dd9a,410614
e7118a1b-0962-4860-9718-26eba14187d0,PENGOLAHAN KUE BASAH (NOVITA KANTOHE),71030500110002,https://fasih-sm.bps.go.id/app/assignment-detail/e7118a1b-0962-4860-9718-26eba14187d0,10792
e7a41ff8-00f9-40e9-9883-dfb3b371af12,USAHA TANAMAN PANGAN(MUSTAIN) ,71031000280001,https://fasih-sm.bps.go.id/app/assignment-detail/e7a41ff8-00f9-40e9-9883-dfb3b371af12,01135
e88286f8-b677-4ad4-83de-d4b75d6f0e05,HORTIKULTURA PRODES,71031000120001,https://fasih-sm.bps.go.id/app/assignment-detail/e88286f8-b677-4ad4-83de-d4b75d6f0e05,47212
e8cebcd0-6ad3-4681-a66d-4eb1d96067f1,USAHA KUE KERING SAGU DELASAY,71031000080002,https://fasih-sm.bps.go.id/app/assignment-detail/e8cebcd0-6ad3-4681-a66d-4eb1d96067f1,47242
ec233640-59f3-4b12-b261-dc1f424c8f35,PRODUKSI BIJI PALA ,71030400080001,https://fasih-sm.bps.go.id/app/assignment-detail/ec233640-59f3-4b12-b261-dc1f424c8f35,01283
ecff7441-4ed9-4863-aeed-069a56c0dd83,PERKABUNAN PALA (DONER BAWELLE),71031000010002,https://fasih-sm.bps.go.id/app/assignment-detail/ecff7441-4ed9-4863-aeed-069a56c0dd83,01283
ed5217d3-c2cd-4ebe-b0fb-dbb4010421ea,USAHA JUAL PULSA (TIARA) ,71030910030002,https://fasih-sm.bps.go.id/app/assignment-detail/ed5217d3-c2cd-4ebe-b0fb-dbb4010421ea,247909
ee3eb4f5-1cdd-4249-98e1-bb63ba2f5e85,JUAL OLI MOTOR (JIMMY LEGION),71030500100002,https://fasih-sm.bps.go.id/app/assignment-detail/ee3eb4f5-1cdd-4249-98e1-bb63ba2f5e85,147303
efda66fc-1fd7-4450-8b68-082df2613052,PRODUKSI KOPRA,71030400110008,https://fasih-sm.bps.go.id/app/assignment-detail/efda66fc-1fd7-4450-8b68-082df2613052,101261
f081e392-c578-4dfe-807a-18fade6967dd,UTP PETERNAKAN (FRENKLY OLI),71030900140001,https://fasih-sm.bps.go.id/app/assignment-detail/f081e392-c578-4dfe-807a-18fade6967dd,101450
f103740f-bd35-4720-afeb-1d34106ba011,USAHA JAHIT( INDAYANTI NICODEMUS),71030920010003,https://fasih-sm.bps.go.id/app/assignment-detail/f103740f-bd35-4720-afeb-1d34106ba011,14120
f103740f-bd35-4720-afeb-1d34106ba011,INDUSTRI KOPRA (MELKIZEDEKH BOLANTIMUHE),71030920010003,https://fasih-sm.bps.go.id/app/assignment-detail/f103740f-bd35-4720-afeb-1d34106ba011,10421
f119bbbb-3231-4d1c-97a3-39a4c68c24af,BANGUNAN TEMPAT CUCI MOBIL DAN SEPADA MOTOR ( ALRET JANIS ),71030700180001,https://fasih-sm.bps.go.id/app/assignment-detail/f119bbbb-3231-4d1c-97a3-39a4c68c24af,95312
f3a6a2d5-2621-46eb-ab9d-ba38d29598af,UTP PERIKANAN (NAASON MATHIAS),71030600160003,https://fasih-sm.bps.go.id/app/assignment-detail/f3a6a2d5-2621-46eb-ab9d-ba38d29598af,03110
f3a6a2d5-2621-46eb-ab9d-ba38d29598af,PENGOLAHAN KOPRA (NAASON MATHIAS),71030600160003,https://fasih-sm.bps.go.id/app/assignment-detail/f3a6a2d5-2621-46eb-ab9d-ba38d29598af,10421
f3acd00c-03f4-4567-9ed6-da1ab41befc2,JASA PANJAT KELAPA ,71031000090007,https://fasih-sm.bps.go.id/app/assignment-detail/f3acd00c-03f4-4567-9ed6-da1ab41befc2,01261
f44f6f19-804c-42eb-b903-bfd5cd3f2c14,INDUSTRI PENGOLAHAN KOPRA (MARHAM),71031100080004,https://fasih-sm.bps.go.id/app/assignment-detail/f44f6f19-804c-42eb-b903-bfd5cd3f2c14,10421
f4902a7b-e181-4209-b571-dff9e9a1118d,USAHA PERKEBUNAN DESMIN LETU,71030410030004,https://fasih-sm.bps.go.id/app/assignment-detail/f4902a7b-e181-4209-b571-dff9e9a1118d,01261
f4e4b453-85be-4ec0-8183-357da2170308,KOPRA (JAMES SALAINTI) ,71031000110002,https://fasih-sm.bps.go.id/app/assignment-detail/f4e4b453-85be-4ec0-8183-357da2170308,10421
f586f7b0-c9d1-4ad3-86b8-a081e3127d2b,INDUSTRI KOPRA,71030620010004,https://fasih-sm.bps.go.id/app/assignment-detail/f586f7b0-c9d1-4ad3-86b8-a081e3127d2b,10421
f698a32b-bb38-4b97-a9d2-6504cdf7e2a7,USAHA KOPRA(RUDI),71031000090006,https://fasih-sm.bps.go.id/app/assignment-detail/f698a32b-bb38-4b97-a9d2-6504cdf7e2a7,10421
f72a6335-caca-409e-9c07-59590d3ee596,PENGOLAHAN KAYU (YOSAFAT),71030500070005,https://fasih-sm.bps.go.id/app/assignment-detail/f72a6335-caca-409e-9c07-59590d3ee596,102201
f7e7294e-d434-4de9-8ab7-47bdc16cd50b,PERKEBUNAN PANGAN BANG WELNIT,71030610020002,https://fasih-sm.bps.go.id/app/assignment-detail/f7e7294e-d434-4de9-8ab7-47bdc16cd50b,01135
f7e7294e-d434-4de9-8ab7-47bdc16cd50b,Nelayan,71030610020002,https://fasih-sm.bps.go.id/app/assignment-detail/f7e7294e-d434-4de9-8ab7-47bdc16cd50b,47215
f8079f35-1222-4014-b783-f33b783ed4cd,PENGOLAHAN KOPRA HORSANI,71030920010005,https://fasih-sm.bps.go.id/app/assignment-detail/f8079f35-1222-4014-b783-f33b783ed4cd,10421
f86e4a46-37bc-41e8-8a24-31ee2d5aa249,PENANGKAPAN IKAN (MUHAMAD) ,71031000030001,https://fasih-sm.bps.go.id/app/assignment-detail/f86e4a46-37bc-41e8-8a24-31ee2d5aa249,03110
f8cc3864-0228-4ddc-84f7-42b4624afa7f,UTP PERKEBUNAN (NOPWELDI),71030900110004,https://fasih-sm.bps.go.id/app/assignment-detail/f8cc3864-0228-4ddc-84f7-42b4624afa7f,01283
fa3df630-3c25-4815-b9a4-260b14d12458,PENJUAL IKAN SEGAR NOFLIN,71030700020004,https://fasih-sm.bps.go.id/app/assignment-detail/fa3df630-3c25-4815-b9a4-260b14d12458,47215
fae99088-3c11-47d2-bfd0-9659e63ee41a,VOUCHER INTERNET GALIPSA (AMELIA) ,71030500120004,https://fasih-sm.bps.go.id/app/assignment-detail/fae99088-3c11-47d2-bfd0-9659e63ee41a,161209
fbac4c46-0eb7-4840-8b68-d22293d71f85,WARUNG KLONTONG (ILIYA DARAMPALO),71031000120002,https://fasih-sm.bps.go.id/app/assignment-detail/fbac4c46-0eb7-4840-8b68-d22293d71f85,47112
fd3f0501-85d7-4667-8a3a-140df147f511,INDUSTRI KOPRA MILIK SEHAT TENGAHARI ,71031000110001,https://fasih-sm.bps.go.id/app/assignment-detail/fd3f0501-85d7-4667-8a3a-140df147f511,10421
fe4c8af2-f226-4654-890c-45863815d7c8,PERKEBUNAN PALA (MANSUR),71030500040002,https://fasih-sm.bps.go.id/app/assignment-detail/fe4c8af2-f226-4654-890c-45863815d7c8,01283
fe4c8af2-f226-4654-890c-45863815d7c8,KANTIN (ERNI),71030500040002,https://fasih-sm.bps.go.id/app/assignment-detail/fe4c8af2-f226-4654-890c-45863815d7c8,256101
ff9bd36e-ae0b-40d4-924e-65eb732d3257,BURUH BANGUNAN (TAKALAWENGEN DINUR) ,71030410010002,https://fasih-sm.bps.go.id/app/assignment-detail/ff9bd36e-ae0b-40d4-924e-65eb732d3257,94200
0202c7ba-503d-42b6-9efd-e493ecd07fe2,USAHA MINUMAN DINGIN DAN MAKANAN (ANASTASYA KAWINDAH),71030910050011,https://fasih-sm.bps.go.id/app/assignment-detail/0202c7ba-503d-42b6-9efd-e493ecd07fe2,56304
035dd0ae-c902-4231-9e9e-c0426ba496da,KUE BASAH (MEIRIO PARAENG),71030400050002,https://fasih-sm.bps.go.id/app/assignment-detail/035dd0ae-c902-4231-9e9e-c0426ba496da,10792
0479db23-2c32-49ff-a310-83c60956a3ee,PEMBUATAN BATA MERAH (ELLIE PATRAS),71030500100002,https://fasih-sm.bps.go.id/app/assignment-detail/0479db23-2c32-49ff-a310-83c60956a3ee,123921
047b5035-8f87-48cd-993a-60a6c29b91a5,PEDAGANG IKAN DEIBY,71030920050008,https://fasih-sm.bps.go.id/app/assignment-detail/047b5035-8f87-48cd-993a-60a6c29b91a5,47215
076a4b0c-3eb1-49e7-9f74-bf5eaa499929,OJEK PANGKALAN (YEHESKIEL) ,71030400100003,https://fasih-sm.bps.go.id/app/assignment-detail/076a4b0c-3eb1-49e7-9f74-bf5eaa499929,249296
08c7d9f5-232c-42e4-adfe-98e606eaa40f,INDUSTRI PENGOLAHAN KELAPA (MARIONES BAWELE),71031100050003,https://fasih-sm.bps.go.id/app/assignment-detail/08c7d9f5-232c-42e4-adfe-98e606eaa40f,10421
0b0ce9a2-2db0-442c-91a6-dd5a92d6d7cd,INDUSTRI KOPRA (DIKSON REOSUNAUNG),71030600160001,https://fasih-sm.bps.go.id/app/assignment-detail/0b0ce9a2-2db0-442c-91a6-dd5a92d6d7cd,10421
0b0ce9a2-2db0-442c-91a6-dd5a92d6d7cd,UTP HORTIKULTURA (DIKSON REOSUNAUNG),71030600160001,https://fasih-sm.bps.go.id/app/assignment-detail/0b0ce9a2-2db0-442c-91a6-dd5a92d6d7cd,101220
0c8a5b50-a0fa-4c58-ac2e-fd5206d2d987,BENGKEL REPARASI MOTOR (ALFENDI PETIUNAUNG) ,71030500090001,https://fasih-sm.bps.go.id/app/assignment-detail/0c8a5b50-a0fa-4c58-ac2e-fd5206d2d987,95320
0c99cdfa-bb27-47e8-88b7-71ed85c0ef73,INDUSTRI KUE BASAH (FRISTIATI),71030620010006,https://fasih-sm.bps.go.id/app/assignment-detail/0c99cdfa-bb27-47e8-88b7-71ed85c0ef73,10792
0c99cdfa-bb27-47e8-88b7-71ed85c0ef73,INDUSTRI KOPRA (DEKY),71030620010006,https://fasih-sm.bps.go.id/app/assignment-detail/0c99cdfa-bb27-47e8-88b7-71ed85c0ef73,10421
0d6ea350-f6ac-499f-942d-adb9c93e5678,USAHA PETERNAKAN ( RIMONS MAIDANGKAI),71030920030004,https://fasih-sm.bps.go.id/app/assignment-detail/0d6ea350-f6ac-499f-942d-adb9c93e5678,01450
0d6ea350-f6ac-499f-942d-adb9c93e5678,USAHA JUAL VOUCHER WIFI STARLINK ( RIMONS MAIDANGKAI),71030920030004,https://fasih-sm.bps.go.id/app/assignment-detail/0d6ea350-f6ac-499f-942d-adb9c93e5678,60390
0d6ea350-f6ac-499f-942d-adb9c93e5678,USAHA PERKEBUNAN( DURCE LANDUNG),71030920030004,https://fasih-sm.bps.go.id/app/assignment-detail/0d6ea350-f6ac-499f-942d-adb9c93e5678,01261
0d6ea350-f6ac-499f-942d-adb9c93e5678,USAHA PERKEBUNAN PALA( DURCE LANDUNG),71030920030004,https://fasih-sm.bps.go.id/app/assignment-detail/0d6ea350-f6ac-499f-942d-adb9c93e5678,01283
0d952a16-2346-4f88-895e-de38c44a11b6,USAHA PERKEBUNAN KELAPA (DANIEL SURUPATI),71031000100004,https://fasih-sm.bps.go.id/app/assignment-detail/0d952a16-2346-4f88-895e-de38c44a11b6,101261
0e004ab5-f609-4a18-87d6-ab5691f3f33b,PANGKAS RAMBUT (EDMON P.LAMBIU),71030400120004,https://fasih-sm.bps.go.id/app/assignment-detail/0e004ab5-f609-4a18-87d6-ab5691f3f33b,96210
0e1daff9-b451-419f-98b3-5742a3f4b949,MENJUAL KERUPUK (RAMELIA),71031100080002,https://fasih-sm.bps.go.id/app/assignment-detail/0e1daff9-b451-419f-98b3-5742a3f4b949,47249
0e1daff9-b451-419f-98b3-5742a3f4b949,INDUSTRI PENGOLAHAN KOPRA (REONALDI),71031100080002,https://fasih-sm.bps.go.id/app/assignment-detail/0e1daff9-b451-419f-98b3-5742a3f4b949,10421
0e2e1fc9-6767-4d7d-9a65-c1999228a0c8,KUE BASAH (BILAHIA),71031000050005,https://fasih-sm.bps.go.id/app/assignment-detail/0e2e1fc9-6767-4d7d-9a65-c1999228a0c8,10792
0e3a566b-00b0-4376-a4e6-5e329ef3acd5,PERKEBUNAN PALA (YUSPANCE),71030800020005,https://fasih-sm.bps.go.id/app/assignment-detail/0e3a566b-00b0-4376-a4e6-5e329ef3acd5,01283
0f3c5948-a75a-48b9-9b23-4d6a6a0f2d88,PETERNAKAN AYAM KAMPUNG (PIET),71030800010002,https://fasih-sm.bps.go.id/app/assignment-detail/0f3c5948-a75a-48b9-9b23-4d6a6a0f2d88,01464
0f86d551-3ff7-43e4-9bf2-1c7db608df17,PENGOLAHAN KOPRA (JEMBRIS NANGKODA),71030900090006,https://fasih-sm.bps.go.id/app/assignment-detail/0f86d551-3ff7-43e4-9bf2-1c7db608df17,10421
0f9a69d9-7777-41b4-9158-3ed90d7ad5b1,BABI PUTAR (ADRIANOPEL),71030900110004,https://fasih-sm.bps.go.id/app/assignment-detail/0f9a69d9-7777-41b4-9158-3ed90d7ad5b1,56210
0fd51518-5966-4d6a-bffa-c89d7be24f13,PETERNAK AYAM KAMPUNG SPENDER,71030500120004,https://fasih-sm.bps.go.id/app/assignment-detail/0fd51518-5966-4d6a-bffa-c89d7be24f13,01464
10964216-213e-4f91-81ae-b74f53de92c3,PENGOLAHAN KOPRA,71030600100001,https://fasih-sm.bps.go.id/app/assignment-detail/10964216-213e-4f91-81ae-b74f53de92c3,10421
1224a31f-6d12-4be3-abf7-1d047ef84a01,PANGKALAN MINYAK TANAH (YOKIBET I. SALANTE),71030900090006,https://fasih-sm.bps.go.id/app/assignment-detail/1224a31f-6d12-4be3-abf7-1d047ef84a01,147771
128c692d-1fed-4405-8248-637773010d7d,UTP PERKEBUNAN ( DIANA BAWOLE),71030920030005,https://fasih-sm.bps.go.id/app/assignment-detail/128c692d-1fed-4405-8248-637773010d7d,01261
1368133f-46a9-44d3-9c47-6a4c1135a7be,USAHA PERIKANAN (ZAINUL STIRMAN),71030910050004,https://fasih-sm.bps.go.id/app/assignment-detail/1368133f-46a9-44d3-9c47-6a4c1135a7be,03110
1368133f-46a9-44d3-9c47-6a4c1135a7be,USAHA PERDAGANGAN IKAN (WAHYUNI YUSUF),71030910050004,https://fasih-sm.bps.go.id/app/assignment-detail/1368133f-46a9-44d3-9c47-6a4c1135a7be,47215
147ffd14-511a-4ff4-8c85-e1a80bbc5a08,JUAL KUE BASAH ( SELVI GAHGANA),71031000140002,https://fasih-sm.bps.go.id/app/assignment-detail/147ffd14-511a-4ff4-8c85-e1a80bbc5a08,47242
158576f3-7343-4b55-9121-b248b51f0c82,UTP PERKEBUNAN ( ANDREAS RIVAN MAKAUDIS),71030920010003,https://fasih-sm.bps.go.id/app/assignment-detail/158576f3-7343-4b55-9121-b248b51f0c82,01261
1640c26b-c844-4ec4-b015-26a978cb85c0,BARINA KAMPEUSAWANG (MENJUAL KUE),71030400120001,https://fasih-sm.bps.go.id/app/assignment-detail/1640c26b-c844-4ec4-b015-26a978cb85c0,47242
16d7ced2-ce04-4e31-b59a-0db142474b93,SEKOLAH SDN INPRES PEDINE,71030800150002,https://fasih-sm.bps.go.id/app/assignment-detail/16d7ced2-ce04-4e31-b59a-0db142474b93,85201
183543f8-2c90-4e2b-93c7-0a91ab8c57e2,KOPRA ( YULIAN MARKUS ),71030700060002,https://fasih-sm.bps.go.id/app/assignment-detail/183543f8-2c90-4e2b-93c7-0a91ab8c57e2,10421
1894005a-f483-43f7-bdfa-4bb1d3426298,PENGOLAHAN KELAPA ( BILHAND),71031100050001,https://fasih-sm.bps.go.id/app/assignment-detail/1894005a-f483-43f7-bdfa-4bb1d3426298,10421
198b6a0c-4f5d-4c84-9674-23de0b8a3759,INDUSTRI PENGOLAHAN KOPRA (WAHYUDI ANTAMENG) ,71031100030004,https://fasih-sm.bps.go.id/app/assignment-detail/198b6a0c-4f5d-4c84-9674-23de0b8a3759,10421
1a801037-ce03-4463-8364-57081ff01d96,PANGAKALAN MINYAK TANAH (ANDRIS),71030500050002,https://fasih-sm.bps.go.id/app/assignment-detail/1a801037-ce03-4463-8364-57081ff01d96,47771
1a867422-fe07-4c23-9f43-4eed7afffb0b,PERKEBUNAN KELAPA (SUHAIMIN ONTHONI),71031100030001,https://fasih-sm.bps.go.id/app/assignment-detail/1a867422-fe07-4c23-9f43-4eed7afffb0b,101261
1b35eeee-0648-431b-8b7c-c19f2a810857,INDUSTRI KUE BASAH (MARKUS),71030500040003,https://fasih-sm.bps.go.id/app/assignment-detail/1b35eeee-0648-431b-8b7c-c19f2a810857,10792
1b5bb1fc-e3dc-4df1-83c2-e619e37b54f5,PERIKANAN TANGKAP ( HARIMINGGU LETUNGGAMU),71030800060003,https://fasih-sm.bps.go.id/app/assignment-detail/1b5bb1fc-e3dc-4df1-83c2-e619e37b54f5,03110
1c62ffb4-efca-4b99-8817-48af3446ff41,PERKEBUNAN (JULIUS HAMAALING),71030400060002,https://fasih-sm.bps.go.id/app/assignment-detail/1c62ffb4-efca-4b99-8817-48af3446ff41,10421
1cb1557b-74fc-45f0-933a-088ab2469431,PERDAGANGAN IKAN SEGAR (NET SIANGGITU ,71030500110001,https://fasih-sm.bps.go.id/app/assignment-detail/1cb1557b-74fc-45f0-933a-088ab2469431,47753
1d5a676a-6046-472e-8bfa-273afb0dc225,PERKEBUNAN PALA (TONIUS),71030800010004,https://fasih-sm.bps.go.id/app/assignment-detail/1d5a676a-6046-472e-8bfa-273afb0dc225,01283
1d5a676a-6046-472e-8bfa-273afb0dc225,PERKEBUNAN KELAPA (TONIUS),71030800010004,https://fasih-sm.bps.go.id/app/assignment-detail/1d5a676a-6046-472e-8bfa-273afb0dc225,01261
1d695e81-9907-45a3-b11f-ca68d3498ed7,PERIKANAN (MAIKEL MANIKOME),71031100040003,https://fasih-sm.bps.go.id/app/assignment-detail/1d695e81-9907-45a3-b11f-ca68d3498ed7,203110
1d801bb8-fe75-4ff9-bea5-d20f24f873ec,PENJUALAN PULSA MEIKE SAMEHE,71030700080002,https://fasih-sm.bps.go.id/app/assignment-detail/1d801bb8-fe75-4ff9-bea5-d20f24f873ec,161209
1d801bb8-fe75-4ff9-bea5-d20f24f873ec,Usaha bensi enceran Oktavianus odameng,71030700080002,https://fasih-sm.bps.go.id/app/assignment-detail/1d801bb8-fe75-4ff9-bea5-d20f24f873ec,147301
1d801bb8-fe75-4ff9-bea5-d20f24f873ec,Industri pengolahan kopra,71030700080002,https://fasih-sm.bps.go.id/app/assignment-detail/1d801bb8-fe75-4ff9-bea5-d20f24f873ec,10421
1d8b6b3d-568f-43bb-9ddf-e5497cf2ea51,USAHA BENSIN ECERAN (MUJIBA),71031000100002,https://fasih-sm.bps.go.id/app/assignment-detail/1d8b6b3d-568f-43bb-9ddf-e5497cf2ea51,47302
1dd1aca2-ac25-4d25-9d01-23736c7b9db8,PERTANIAN KELAPA (ANICE PARERA) ,71030410010001,https://fasih-sm.bps.go.id/app/assignment-detail/1dd1aca2-ac25-4d25-9d01-23736c7b9db8,01261
1dd1aca2-ac25-4d25-9d01-23736c7b9db8,INDUSTRI KOPRA (ANICE PARERA) ,71030410010001,https://fasih-sm.bps.go.id/app/assignment-detail/1dd1aca2-ac25-4d25-9d01-23736c7b9db8,10421
1e00f14a-e173-4036-89ff-97a274e56dbc,BUMDES SENGKASOMBO,71030800070003,https://fasih-sm.bps.go.id/app/assignment-detail/1e00f14a-e173-4036-89ff-97a274e56dbc,35302
1ed68aa5-a419-4ad4-bc33-a84085f41ab6,INDUSTRI PENGOLAHAN KOPRA (MARITJE JANIS) ,71031000110002,https://fasih-sm.bps.go.id/app/assignment-detail/1ed68aa5-a419-4ad4-bc33-a84085f41ab6,10421
1ed68aa5-a419-4ad4-bc33-a84085f41ab6,HOLTIKULTURA TANAMAN PISANG (MARITJE JANIS) ,71031000110002,https://fasih-sm.bps.go.id/app/assignment-detail/1ed68aa5-a419-4ad4-bc33-a84085f41ab6,01220
1ed68aa5-a419-4ad4-bc33-a84085f41ab6,PANGAN (MARITJE JANIS) ,71031000110002,https://fasih-sm.bps.go.id/app/assignment-detail/1ed68aa5-a419-4ad4-bc33-a84085f41ab6,50134
1ed68aa5-a419-4ad4-bc33-a84085f41ab6,HOLTIKULTURA TANAMAN CABAI RAWIT (MARITJE JANIS) ,71031000110002,https://fasih-sm.bps.go.id/app/assignment-detail/1ed68aa5-a419-4ad4-bc33-a84085f41ab6,01138
1f32b368-f433-4373-9856-9fdc4bc5111f,UTP PERIKANAN (RIKUPLUS BARAHAMA),71030700140002,https://fasih-sm.bps.go.id/app/assignment-detail/1f32b368-f433-4373-9856-9fdc4bc5111f,47215
1f51ab54-6f08-4d64-8d5f-8123c9d00c12,PERIKANAN TANGKAP (JUNIRWAN),71031010050002,https://fasih-sm.bps.go.id/app/assignment-detail/1f51ab54-6f08-4d64-8d5f-8123c9d00c12,03110
1f584ed8-56b3-466d-9b5d-e0829b6bb18a,WARUNG SEMBAKO (MEIKE),71030500010003,https://fasih-sm.bps.go.id/app/assignment-detail/1f584ed8-56b3-466d-9b5d-e0829b6bb18a,147112
1f584ed8-56b3-466d-9b5d-e0829b6bb18a,JUAL BENSIN ENCERAN (MEIKE),71030500010003,https://fasih-sm.bps.go.id/app/assignment-detail/1f584ed8-56b3-466d-9b5d-e0829b6bb18a,247302
1f8385b6-2924-408f-b712-e6b6d012a1c1,PENYEWAAN RUMAH,71030900110009,https://fasih-sm.bps.go.id/app/assignment-detail/1f8385b6-2924-408f-b712-e6b6d012a1c1,68112
1fc70115-0ad8-4fb2-90ad-5423606d5e0f,PERKEBUNAN (NIKODEMUS),71030500030001,https://fasih-sm.bps.go.id/app/assignment-detail/1fc70115-0ad8-4fb2-90ad-5423606d5e0f,101283
1fcbaba2-6125-4d0a-8cb9-c83c3469c335,PERKEBUNAN (YOTNIUS),71031000140005,https://fasih-sm.bps.go.id/app/assignment-detail/1fcbaba2-6125-4d0a-8cb9-c83c3469c335,01261
201ddc1c-8398-414f-b732-a7a84c21e450,PERDAGANGAN IKAN,71031020030002,https://fasih-sm.bps.go.id/app/assignment-detail/201ddc1c-8398-414f-b732-a7a84c21e450,47215
203e0264-32c1-408c-ad44-5a96232afcbc,INDUSTRI KUE BASA (FATMAWATI RATUMBOBA),71030400070001,https://fasih-sm.bps.go.id/app/assignment-detail/203e0264-32c1-408c-ad44-5a96232afcbc,110792
20845f6e-90c8-4bc9-a742-4f7adf388b8e,KIOS SEMBAKO (ATRI LAMBAIYANG),71031000230003,https://fasih-sm.bps.go.id/app/assignment-detail/20845f6e-90c8-4bc9-a742-4f7adf388b8e,47111
20ce76c3-8e3b-442b-b3c8-719c629810f7,WARUNG (NATIDJAH V GOBEL),71030900130007,https://fasih-sm.bps.go.id/app/assignment-detail/20ce76c3-8e3b-442b-b3c8-719c629810f7,147112
20fea2b5-3949-4910-a786-b375ff97b4fb,USAHA TANAMAN PANGAN(JONIKE PANSARIANG) ,71031000280001,https://fasih-sm.bps.go.id/app/assignment-detail/20fea2b5-3949-4910-a786-b375ff97b4fb,01135
2161e306-76b1-4d53-b6fe-fede49290d68,UTP TANAMAN PANGAN (OKTA OGELANG),71031000100003,https://fasih-sm.bps.go.id/app/assignment-detail/2161e306-76b1-4d53-b6fe-fede49290d68,101135
231a124f-1b61-413f-863f-3a6e62d88c3d,PANGKALAN MINYAK TANAH STEVANDY,71030910040002,https://fasih-sm.bps.go.id/app/assignment-detail/231a124f-1b61-413f-863f-3a6e62d88c3d,147771
23b0c05b-25ab-4542-be2f-e6143489fa0c,PEMBUATAN FURNITUR (DON),71030500070002,https://fasih-sm.bps.go.id/app/assignment-detail/23b0c05b-25ab-4542-be2f-e6143489fa0c,131011
23d09262-90c2-40e2-99f1-77174671b25f,BUDIDAYA SAYUR MELINJO (FEMMY MANISE),71030800080002,https://fasih-sm.bps.go.id/app/assignment-detail/23d09262-90c2-40e2-99f1-77174671b25f,01253
258af4b4-6e19-4577-8a78-5bf7a77ee60a,PENJUAL IKAN(IRMA DAENGSALASA),71030910030009,https://fasih-sm.bps.go.id/app/assignment-detail/258af4b4-6e19-4577-8a78-5bf7a77ee60a,147215
2662da28-e580-48d6-8629-793e3983613c,TEPUNG SAGU,71031000040004,https://fasih-sm.bps.go.id/app/assignment-detail/2662da28-e580-48d6-8629-793e3983613c,10622
27360ec7-537e-4200-98b0-c31f36255e1d,INDUSTRI KOPRA (YUSURIL) ,71031000220001,https://fasih-sm.bps.go.id/app/assignment-detail/27360ec7-537e-4200-98b0-c31f36255e1d,10421
27a13c0e-6ff5-42ca-bf20-be0d38c0e1ee,INDUSTRI KOPRA ,71031020010002,https://fasih-sm.bps.go.id/app/assignment-detail/27a13c0e-6ff5-42ca-bf20-be0d38c0e1ee,10421
27a13c0e-6ff5-42ca-bf20-be0d38c0e1ee,PERDAGANGAN IKAN,71031020010002,https://fasih-sm.bps.go.id/app/assignment-detail/27a13c0e-6ff5-42ca-bf20-be0d38c0e1ee,47215
2815e93b-b4ba-41a8-a4fd-c2b01ace2295,JASA PENGOLAHAN SAGU (HERYANTO BARULA),71030800140001,https://fasih-sm.bps.go.id/app/assignment-detail/2815e93b-b4ba-41a8-a4fd-c2b01ace2295,01611
281a7801-3c70-4ce3-8054-c0c2096c02e6,USAHA HOLTIKULTURA (SAMANG ABAST),71031000100003,https://fasih-sm.bps.go.id/app/assignment-detail/281a7801-3c70-4ce3-8054-c0c2096c02e6,101230
281a7801-3c70-4ce3-8054-c0c2096c02e6,USAHA TANAMAN PANGAN (SAMANG ABAST),71031000100003,https://fasih-sm.bps.go.id/app/assignment-detail/281a7801-3c70-4ce3-8054-c0c2096c02e6,101135
286f86b9-dcd0-44f6-a234-b881826b5bb0,TERNAK AYAM ( JEFRI DALAWIR ),71030620040002,https://fasih-sm.bps.go.id/app/assignment-detail/286f86b9-dcd0-44f6-a234-b881826b5bb0,01463
2929fb11-bf6b-4527-b45a-f5d04c4993be,USAHA SUDIN NAHADING ,71030700150003,https://fasih-sm.bps.go.id/app/assignment-detail/2929fb11-bf6b-4527-b45a-f5d04c4993be,31012
2b0ba73a-71b1-44ba-b6ba-2e109546fb23,UTP TANAMAN PANGAN (PETRINA TENDA) ,71030600060001,https://fasih-sm.bps.go.id/app/assignment-detail/2b0ba73a-71b1-44ba-b6ba-2e109546fb23,01139
2bb619f9-6d9e-4819-b9b9-67953fa46b05,PERKEBUNAN PALA (AGUSTA MANINGGIR),71030800150001,https://fasih-sm.bps.go.id/app/assignment-detail/2bb619f9-6d9e-4819-b9b9-67953fa46b05,01283
2bb619f9-6d9e-4819-b9b9-67953fa46b05,Memetik kelapa (Agusta maninggir),71030800150001,https://fasih-sm.bps.go.id/app/assignment-detail/2bb619f9-6d9e-4819-b9b9-67953fa46b05,01261
2bb619f9-6d9e-4819-b9b9-67953fa46b05,Industri kopra (Agusta maninggir),71030800150001,https://fasih-sm.bps.go.id/app/assignment-detail/2bb619f9-6d9e-4819-b9b9-67953fa46b05,10421
2be30b42-ceed-436b-bb59-b194f47b7cae,USAHA ES MAMBO (ANAFORTA ALABIMBANG) ,71030920050003,https://fasih-sm.bps.go.id/app/assignment-detail/2be30b42-ceed-436b-bb59-b194f47b7cae,110504
2c9e6571-ae10-4fda-b6e9-f67d3a94f27d,PENDULANG EMAS ( ALPRIANTJE PANTAS ),71030620010002,https://fasih-sm.bps.go.id/app/assignment-detail/2c9e6571-ae10-4fda-b6e9-f67d3a94f27d,07221
2d0c228f-7a4b-45e5-acfe-d8604bf706da,PERKEBUNAN PALA (JULIWIANUS MENGKALOR),71030500140003,https://fasih-sm.bps.go.id/app/assignment-detail/2d0c228f-7a4b-45e5-acfe-d8604bf706da,01283
2e9c750e-40d4-4fc7-886a-6a511bd3c6e4,MENJUAL IKAN ( QASIM SALILO) ,71030910030005,https://fasih-sm.bps.go.id/app/assignment-detail/2e9c750e-40d4-4fc7-886a-6a511bd3c6e4,47215
2ed92569-a696-438c-9720-c7a66b4d2d2d,KOPRA (WIKLEM) ,71031000070001,https://fasih-sm.bps.go.id/app/assignment-detail/2ed92569-a696-438c-9720-c7a66b4d2d2d,10421
2f4350bd-eda7-4930-9657-e6d2791978a2, PULSA HANDPHONE (INDRA),71030800020002,https://fasih-sm.bps.go.id/app/assignment-detail/2f4350bd-eda7-4930-9657-e6d2791978a2,61209
2f62900c-e2ac-4a79-a34b-e1b50bdfbb6a,WARUNG SEMBAKO (NURJANA PANGADILANG) ,71031000030001,https://fasih-sm.bps.go.id/app/assignment-detail/2f62900c-e2ac-4a79-a34b-e1b50bdfbb6a,47112
309cf912-a1b9-4677-922f-165bc4b580c7,PERTANIAN PERKEBUNAN PALA (GLENJINO LIUNTOLOSANG),71030800100002,https://fasih-sm.bps.go.id/app/assignment-detail/309cf912-a1b9-4677-922f-165bc4b580c7,01283
32be1eda-0066-4579-8bf3-57db143680f8,RITTA KARTINI,71030910020001,https://fasih-sm.bps.go.id/app/assignment-detail/32be1eda-0066-4579-8bf3-57db143680f8,47215
3337b504-5f59-4ac8-9568-a76f19fec67d,INDUSTRI PENGOLAHAN KOPRA (FERDINAN BIMBAHATI),71030800080003,https://fasih-sm.bps.go.id/app/assignment-detail/3337b504-5f59-4ac8-9568-a76f19fec67d,10421
336f7b57-4756-4357-9c20-952b99fe8743,BELI BESI TUA(MUHAMMAD PONENGO) ,71031000280003,https://fasih-sm.bps.go.id/app/assignment-detail/336f7b57-4756-4357-9c20-952b99fe8743,47749
3399a616-6ba2-4648-8452-f7066d5f292e,PERRKEBUNAN (SURATMAN),71030500030001,https://fasih-sm.bps.go.id/app/assignment-detail/3399a616-6ba2-4648-8452-f7066d5f292e,101283
33e3b917-606e-49dc-892b-07f6770835da,TERNAK BABI,71030620040002,https://fasih-sm.bps.go.id/app/assignment-detail/33e3b917-606e-49dc-892b-07f6770835da,01450
349e8389-6b5b-4d10-b1bf-e2aaa7d6acd9,MENJUAL SAYUR PAKIS(YUSRI),71031000250001,https://fasih-sm.bps.go.id/app/assignment-detail/349e8389-6b5b-4d10-b1bf-e2aaa7d6acd9,47219
34cf2ca4-3775-4da0-8157-11af5a2eb340,PERDAGANGAN IKAN,71031020030001,https://fasih-sm.bps.go.id/app/assignment-detail/34cf2ca4-3775-4da0-8157-11af5a2eb340,47215
34cf2ca4-3775-4da0-8157-11af5a2eb340,PERIKANAN TANGKAP,71031020030001,https://fasih-sm.bps.go.id/app/assignment-detail/34cf2ca4-3775-4da0-8157-11af5a2eb340,03110
3508e58f-9512-43bd-98a8-3b6dc0467092,INDUSTRI KOPRA SARJONO,71030410030001,https://fasih-sm.bps.go.id/app/assignment-detail/3508e58f-9512-43bd-98a8-3b6dc0467092,10421
35c75356-be1b-45c0-aeb8-a4fa7f7ad0f0,TUKANG OJEK (MUHAMMAD ANTIGI),71030900070008,https://fasih-sm.bps.go.id/app/assignment-detail/35c75356-be1b-45c0-aeb8-a4fa7f7ad0f0,149296
361c9ba7-df39-4bcf-b535-8a3da606f782,INDUSTRI PENGOLAHAN KOPRA (NOVANTI),71030500190003,https://fasih-sm.bps.go.id/app/assignment-detail/361c9ba7-df39-4bcf-b535-8a3da606f782,10421
3676d3b9-c438-438c-a188-9c29eba3db08,JUAL KUE BASAH KERING TELMA,71030410030001,https://fasih-sm.bps.go.id/app/assignment-detail/3676d3b9-c438-438c-a188-9c29eba3db08,10792
37b8d824-93c9-43d7-84de-56ce001eaf57,SOPIR (YUSKE) ,71030900100008,https://fasih-sm.bps.go.id/app/assignment-detail/37b8d824-93c9-43d7-84de-56ce001eaf57,49213
38ef0292-f5a0-4842-8c71-c8ed82c78fdb,Penangkapan ikan dilaut,71030610090003,https://fasih-sm.bps.go.id/app/assignment-detail/38ef0292-f5a0-4842-8c71-c8ed82c78fdb,203110
396fbc62-246d-4a0d-aa30-5b883b595716,PERIKANAN (ALMUKLIS KAEMBA),71030600190001,https://fasih-sm.bps.go.id/app/assignment-detail/396fbc62-246d-4a0d-aa30-5b883b595716,03110
396fbc62-246d-4a0d-aa30-5b883b595716,JUALAN ONLINE (FENTI RUSLI MANGENSIHI),71030600190001,https://fasih-sm.bps.go.id/app/assignment-detail/396fbc62-246d-4a0d-aa30-5b883b595716,47711
39b23f94-d76c-431f-82ee-f6d5a697d0e6,WARUNG SEMBAKO (MUSLIMA) ,71031000220001,https://fasih-sm.bps.go.id/app/assignment-detail/39b23f94-d76c-431f-82ee-f6d5a697d0e6,47112
39b23f94-d76c-431f-82ee-f6d5a697d0e6,INDUSTRI KOPRA (MUSLIMA) ,71031000220001,https://fasih-sm.bps.go.id/app/assignment-detail/39b23f94-d76c-431f-82ee-f6d5a697d0e6,10421
3ba7cea5-8e09-4dbf-9135-2a2af12172e4,BUDIDAYA POHON SAGU (RAHIMA MAKIENGGUNG),71030800030002,https://fasih-sm.bps.go.id/app/assignment-detail/3ba7cea5-8e09-4dbf-9135-2a2af12172e4,10622
3be535bc-d869-49a9-b02c-1f1196bbf845,ANGKUTAN DARAT BENTOR(MAXMILIAN PANGANDAHENG),71030500100002,https://fasih-sm.bps.go.id/app/assignment-detail/3be535bc-d869-49a9-b02c-1f1196bbf845,49295
3be535bc-d869-49a9-b02c-1f1196bbf845,PERTANIAN PISANG (MONIKA BIDUAN),71030500100002,https://fasih-sm.bps.go.id/app/assignment-detail/3be535bc-d869-49a9-b02c-1f1196bbf845,301220
3c82e965-c31f-4d91-b2a8-10ba00b15517,USAHA PEMBUATAN MINUMAN NIRA (YABES LUMOMBO),71030910080009,https://fasih-sm.bps.go.id/app/assignment-detail/3c82e965-c31f-4d91-b2a8-10ba00b15517,101279
3c82e965-c31f-4d91-b2a8-10ba00b15517,USAHA PERKEBUNAN KELAPA (YABES LUMOMBO),71030910080009,https://fasih-sm.bps.go.id/app/assignment-detail/3c82e965-c31f-4d91-b2a8-10ba00b15517,01261
3df05535-6cec-4b78-9059-aef6aa11e327,JUAL KUE BASAH (DAMAYANTI ONTAMENG) ,71031100020004,https://fasih-sm.bps.go.id/app/assignment-detail/3df05535-6cec-4b78-9059-aef6aa11e327,110792
3e94bec9-0025-4074-8aa9-03c8d6772697,DEPOT AIR ISI ULANG,71030600100002,https://fasih-sm.bps.go.id/app/assignment-detail/3e94bec9-0025-4074-8aa9-03c8d6772697,11052
3f4be380-db4e-4983-8283-ae7a375474f7,INDUSTRI KOPRA ( RONALD),71031000140002,https://fasih-sm.bps.go.id/app/assignment-detail/3f4be380-db4e-4983-8283-ae7a375474f7,10421
3fb1e701-ba82-467b-96a4-4390af0cc0c6,KOS (ROBERT) ,71030900130006,https://fasih-sm.bps.go.id/app/assignment-detail/3fb1e701-ba82-467b-96a4-4390af0cc0c6,55909
43629abe-ae95-416d-903f-a0f676818b13,JASA LAYANAN KEAGAMAN,71030920040004,https://fasih-sm.bps.go.id/app/assignment-detail/43629abe-ae95-416d-903f-a0f676818b13,94910
43f2b560-fcc9-4db8-a36a-bb857af0d9d9,KIOS SEMBAKO (EDI),71030800030001,https://fasih-sm.bps.go.id/app/assignment-detail/43f2b560-fcc9-4db8-a36a-bb857af0d9d9,47112
44fdaf7a-f038-4d96-a35e-74ac48d5b807,PETANI PALA <AGUSTINUS LUWUNAUNG>,71030400170001,https://fasih-sm.bps.go.id/app/assignment-detail/44fdaf7a-f038-4d96-a35e-74ac48d5b807,01283
451a70d6-bfd2-4e4c-bd53-ee4258401f01,PERKEBUNAN (ARNOLD GAGHANA),71030400060001,https://fasih-sm.bps.go.id/app/assignment-detail/451a70d6-bfd2-4e4c-bd53-ee4258401f01,10421
4588594f-4e2e-481d-97ef-683522ecd3f8,PENJUAL KUE BASAH(MARDIA LAKORO),71030910030007,https://fasih-sm.bps.go.id/app/assignment-detail/4588594f-4e2e-481d-97ef-683522ecd3f8,47242
4a5ce59c-cd0a-46c5-9c6a-73b8e75a0f11,USAHA PERKEBUNAN ARMAN MONTOH,71031000260002,https://fasih-sm.bps.go.id/app/assignment-detail/4a5ce59c-cd0a-46c5-9c6a-73b8e75a0f11,10421
4a5ce59c-cd0a-46c5-9c6a-73b8e75a0f11,USAHA PENGOLAHAN TEMPURUNG ARMAN MONTOH,71031000260002,https://fasih-sm.bps.go.id/app/assignment-detail/4a5ce59c-cd0a-46c5-9c6a-73b8e75a0f11,20115
4a5ce59c-cd0a-46c5-9c6a-73b8e75a0f11,USAHA BATU ARMAN MONTOH,71031000260002,https://fasih-sm.bps.go.id/app/assignment-detail/4a5ce59c-cd0a-46c5-9c6a-73b8e75a0f11,08109
4a5ce59c-cd0a-46c5-9c6a-73b8e75a0f11,USAHA PENGGALIAN SIRTU ARMAN MONTOH,71031000260002,https://fasih-sm.bps.go.id/app/assignment-detail/4a5ce59c-cd0a-46c5-9c6a-73b8e75a0f11,08103
4a803ac3-ab50-4cc5-9aba-995c64a2de09,TOKEN LISTRIK (MAKDALENA),71030500160003,https://fasih-sm.bps.go.id/app/assignment-detail/4a803ac3-ab50-4cc5-9aba-995c64a2de09,35401
4c36f7c6-fda2-4a6e-92bf-40688631a90e,WARUNG SEMBAKO MILIK JEIN YUNINGSIH MAWALI ,71031000110001,https://fasih-sm.bps.go.id/app/assignment-detail/4c36f7c6-fda2-4a6e-92bf-40688631a90e,47112
4c36f7c6-fda2-4a6e-92bf-40688631a90e,JUALAN BAJU MILIK JEIN YUNINGSIH MAWALI ,71031000110001,https://fasih-sm.bps.go.id/app/assignment-detail/4c36f7c6-fda2-4a6e-92bf-40688631a90e,47711
4c36f7c6-fda2-4a6e-92bf-40688631a90e,USAHA JUAL BENSIN MILIK JEIN YUNINGSIH MAWALI ,71031000110001,https://fasih-sm.bps.go.id/app/assignment-detail/4c36f7c6-fda2-4a6e-92bf-40688631a90e,46710
4d7b0c95-2e60-47a5-863e-2c2ac8afc733,PERIKANAN TANGKAP (DENY),71030500040002,https://fasih-sm.bps.go.id/app/assignment-detail/4d7b0c95-2e60-47a5-863e-2c2ac8afc733,03110
4d7b0c95-2e60-47a5-863e-2c2ac8afc733,PETERNAKAN AYAM KAMPUNG (DEVINE),71030500040002,https://fasih-sm.bps.go.id/app/assignment-detail/4d7b0c95-2e60-47a5-863e-2c2ac8afc733,01464
4d8d110b-92c0-45f9-bc3b-3460a88182aa,WARUNG SEMBAKO(MAANI),71031000250001,https://fasih-sm.bps.go.id/app/assignment-detail/4d8d110b-92c0-45f9-bc3b-3460a88182aa,47112
4f935067-69bd-4851-8f87-9ad079e8ee43,PEDAGANG BARITO (MILKE JACOBS),71030800060002,https://fasih-sm.bps.go.id/app/assignment-detail/4f935067-69bd-4851-8f87-9ad079e8ee43,247219
4fc5fddb-0f57-4002-a5b4-e05fec3995f4,WARUNG SEMBAKO (JOHANA BAWELLE),71030900070010,https://fasih-sm.bps.go.id/app/assignment-detail/4fc5fddb-0f57-4002-a5b4-e05fec3995f4,247192
4fdc9e0c-60ac-4301-aade-c21e203e5427,JUALAN SAPU LIDI (WARSI PAGO),71031100050004,https://fasih-sm.bps.go.id/app/assignment-detail/4fdc9e0c-60ac-4301-aade-c21e203e5427,232903
500a0587-036b-4574-bf64-3aa8f5a2930c,KOPRA (BARIK),71031010020001,https://fasih-sm.bps.go.id/app/assignment-detail/500a0587-036b-4574-bf64-3aa8f5a2930c,10421
50351997-bda3-4bc8-9eea-ca17e64d36c5,MENJUAL IKAN HASIL TANGKAPAN PAJEKO( JANWAR BUDIMAN) ,71030910030005,https://fasih-sm.bps.go.id/app/assignment-detail/50351997-bda3-4bc8-9eea-ca17e64d36c5,47215
5172627d-6155-4a88-9e56-6936515e0469,PETANI PALA <FRANGKLIN LUWUNAUNG>,71030400170002,https://fasih-sm.bps.go.id/app/assignment-detail/5172627d-6155-4a88-9e56-6936515e0469,01283
5273d715-65d3-4cad-811f-9332ae54409d,JUALAN PANADA (LOESTIATY MACPAL),71030900080002,https://fasih-sm.bps.go.id/app/assignment-detail/5273d715-65d3-4cad-811f-9332ae54409d,110614
531d8928-a424-48f9-a4bf-87e710cde567,ANGKUTAN DARAT PENUMPANG (JHONI),71030800020004,https://fasih-sm.bps.go.id/app/assignment-detail/531d8928-a424-48f9-a4bf-87e710cde567,49214
53ce5e1d-3ce8-4596-aef2-7bd71488fe0a,TOKO SEMBAKO (DANNY DAVE TATU),71030500110001,https://fasih-sm.bps.go.id/app/assignment-detail/53ce5e1d-3ce8-4596-aef2-7bd71488fe0a,47112
540dd888-661b-4cf9-9f2d-81bb7a9a5f51,KEDAI ZANQI (INTAN SARI ZAMAN),71031000210003,https://fasih-sm.bps.go.id/app/assignment-detail/540dd888-661b-4cf9-9f2d-81bb7a9a5f51,56400
54fd99a9-d073-41db-b743-eb808915e3d8,JUAL BELI BOTOL KACA (WAWAN K ANTUNGO),71030900130007,https://fasih-sm.bps.go.id/app/assignment-detail/54fd99a9-d073-41db-b743-eb808915e3d8,46796
552bc6ae-86b7-4eb3-bb8e-af5ec8ecf2a9,PERKEBUNAN KELAPA (JULIANUS),71030800030004,https://fasih-sm.bps.go.id/app/assignment-detail/552bc6ae-86b7-4eb3-bb8e-af5ec8ecf2a9,01261
552bc6ae-86b7-4eb3-bb8e-af5ec8ecf2a9,PENGOLAHAN KOPRA (JULIANUS),71030800030004,https://fasih-sm.bps.go.id/app/assignment-detail/552bc6ae-86b7-4eb3-bb8e-af5ec8ecf2a9,10421
552d1c99-63eb-4454-b062-7fc8c732df90,KIOS SEMBAKO (SUKMAWATI ),71031000230003,https://fasih-sm.bps.go.id/app/assignment-detail/552d1c99-63eb-4454-b062-7fc8c732df90,147112
558e492a-f8c7-4e9d-ad03-11c33004cf6c,BANGUNAN USAHA MENI,71030700030002,https://fasih-sm.bps.go.id/app/assignment-detail/558e492a-f8c7-4e9d-ad03-11c33004cf6c,147112
56312d54-5f2a-4f81-9464-ac3b8bbca135,KUE BASAH (MAYA),71031000050004,https://fasih-sm.bps.go.id/app/assignment-detail/56312d54-5f2a-4f81-9464-ac3b8bbca135,10792
56490668-60f3-477a-82a9-6f1e4e702f5b,PERKEBUNAN PALA (NON),71030800010002,https://fasih-sm.bps.go.id/app/assignment-detail/56490668-60f3-477a-82a9-6f1e4e702f5b,01283
568cada2-ba61-4b70-8cc7-408f47080b3c,ANEKA GORENGAN (YULIANTI LAWENDATU) ,71030700130001,https://fasih-sm.bps.go.id/app/assignment-detail/568cada2-ba61-4b70-8cc7-408f47080b3c,310794
56c4e65a-9168-424f-8f56-fee87004d70f,MENANGKAP IKAN DAN MENJUAL ( DARLING DENDAPE) ,71030410060002,https://fasih-sm.bps.go.id/app/assignment-detail/56c4e65a-9168-424f-8f56-fee87004d70f,47215
56c4e65a-9168-424f-8f56-fee87004d70f,UTP PERKEBUNAN CINGKE (DARLING DENDAPE) ,71030410060002,https://fasih-sm.bps.go.id/app/assignment-detail/56c4e65a-9168-424f-8f56-fee87004d70f,01282
56c4e65a-9168-424f-8f56-fee87004d70f,INDUSTRI KOPRA (DARLING DENDAPE) ,71030410060002,https://fasih-sm.bps.go.id/app/assignment-detail/56c4e65a-9168-424f-8f56-fee87004d70f,10421
56c4e65a-9168-424f-8f56-fee87004d70f,UTP PERKEBUNAN KELAPA (DARLING DENDAPE) ,71030410060002,https://fasih-sm.bps.go.id/app/assignment-detail/56c4e65a-9168-424f-8f56-fee87004d70f,01261
56d5a051-8155-4e82-8f5d-938b9b60880b,USAHA INDUSTRI KOPRA FERRY MAHADUR,71031000120003,https://fasih-sm.bps.go.id/app/assignment-detail/56d5a051-8155-4e82-8f5d-938b9b60880b,10421
58208972-ff88-49a3-b393-caea13e770c5,PERKEBUNAN KELAPA (CHOLOMBUS),71030800010002,https://fasih-sm.bps.go.id/app/assignment-detail/58208972-ff88-49a3-b393-caea13e770c5,01261
58208972-ff88-49a3-b393-caea13e770c5,INDUSTRI PENGOLAHAN KOPRA (CHOLOMBUS),71030800010002,https://fasih-sm.bps.go.id/app/assignment-detail/58208972-ff88-49a3-b393-caea13e770c5,10421
58f23fb8-173e-4398-9d57-ef0ccdc02b11,UTP PERKEBUNAN <SPENER DOLONGSEDA>,71030700020005,https://fasih-sm.bps.go.id/app/assignment-detail/58f23fb8-173e-4398-9d57-ef0ccdc02b11,01261
58f23fb8-173e-4398-9d57-ef0ccdc02b11,INDUSTRI PENGOLAHAN KOPRA <SPENER DOLONGSEDA>,71030700020005,https://fasih-sm.bps.go.id/app/assignment-detail/58f23fb8-173e-4398-9d57-ef0ccdc02b11,10421
59a71a8d-7642-4b6e-a0f8-6b4c3faabbc9,KUE BASAH (ALWINA LAWENDATU),71030400110002,https://fasih-sm.bps.go.id/app/assignment-detail/59a71a8d-7642-4b6e-a0f8-6b4c3faabbc9,110792
59a71a8d-7642-4b6e-a0f8-6b4c3faabbc9,TANAMAN PANGAN ,71030400110002,https://fasih-sm.bps.go.id/app/assignment-detail/59a71a8d-7642-4b6e-a0f8-6b4c3faabbc9,101135
5a9489d3-d67f-44fa-a8aa-decaaae19484,UTP PERKEBUNAN KELAPA (INDRA HARDI MANAHUMBING),71031100050003,https://fasih-sm.bps.go.id/app/assignment-detail/5a9489d3-d67f-44fa-a8aa-decaaae19484,10421
5a9489d3-d67f-44fa-a8aa-decaaae19484,UPT PERKEBUNAN PALA (INDRA HARDI MANAHUMBING),71031100050003,https://fasih-sm.bps.go.id/app/assignment-detail/5a9489d3-d67f-44fa-a8aa-decaaae19484,10421
5b371660-f653-42cb-b870-efbfcf396917,PERKEBUNAN KELAPA (HERMON),71030800040002,https://fasih-sm.bps.go.id/app/assignment-detail/5b371660-f653-42cb-b870-efbfcf396917,101261
5b371660-f653-42cb-b870-efbfcf396917,PENGOLAHAN KOPRA (HERMON),71030800040002,https://fasih-sm.bps.go.id/app/assignment-detail/5b371660-f653-42cb-b870-efbfcf396917,110421
5b371660-f653-42cb-b870-efbfcf396917,PERTANIAN UBI KAYU (HERMON),71030800040002,https://fasih-sm.bps.go.id/app/assignment-detail/5b371660-f653-42cb-b870-efbfcf396917,101135
5c403b6b-e66f-491e-bace-edb086908c97,UTP PERKEBUNAN <ARMENIUS HENDRA LUKAS>,71030700010001,https://fasih-sm.bps.go.id/app/assignment-detail/5c403b6b-e66f-491e-bace-edb086908c97,01261
5c403b6b-e66f-491e-bace-edb086908c97,JASA ANGKUTAN UMUM <ARMENIUS HENDRA LUKAS>,71030700010001,https://fasih-sm.bps.go.id/app/assignment-detail/5c403b6b-e66f-491e-bace-edb086908c97,49214
5cbe846a-a825-4307-8e22-8d83c6958f06,PETAMBANG EMAS ( SIRITA ),71030620010004,https://fasih-sm.bps.go.id/app/assignment-detail/5cbe846a-a825-4307-8e22-8d83c6958f06,07221
5cbe846a-a825-4307-8e22-8d83c6958f06,INDUSTRI KOPRA ( SIRITA TUNGKANAUNG ),71030620010004,https://fasih-sm.bps.go.id/app/assignment-detail/5cbe846a-a825-4307-8e22-8d83c6958f06,10421
5d237d5d-2b2c-4c01-aa6d-37eab9301b4e,PERKEBUNAN POHON SAGU(DAVID SABARARA),71031000010001,https://fasih-sm.bps.go.id/app/assignment-detail/5d237d5d-2b2c-4c01-aa6d-37eab9301b4e,10622
5de50873-10bc-4de0-a275-daea7a09cd47,PERKEBUNAN PALA (ALPSON),71030800040002,https://fasih-sm.bps.go.id/app/assignment-detail/5de50873-10bc-4de0-a275-daea7a09cd47,101283
5de50873-10bc-4de0-a275-daea7a09cd47,PERKEBUNAN KELAPA (ALPSON),71030800040002,https://fasih-sm.bps.go.id/app/assignment-detail/5de50873-10bc-4de0-a275-daea7a09cd47,101261
5de50873-10bc-4de0-a275-daea7a09cd47,PENGOLAHAN KOPRA (ALPSON),71030800040002,https://fasih-sm.bps.go.id/app/assignment-detail/5de50873-10bc-4de0-a275-daea7a09cd47,110421
5e292e26-db61-4f8d-8ca3-83036819c8f8,PENJUAL KUE KEIK,71030900120012,https://fasih-sm.bps.go.id/app/assignment-detail/5e292e26-db61-4f8d-8ca3-83036819c8f8,210792
5e2d9f55-0f6e-48e3-9c3b-ec36f56b150e,PEDAGANG PISANG BUAH (SELFIE ADRIAN),71030700100001,https://fasih-sm.bps.go.id/app/assignment-detail/5e2d9f55-0f6e-48e3-9c3b-ec36f56b150e,101220
5e2d9f55-0f6e-48e3-9c3b-ec36f56b150e,INDUSTRI KOPRA (DHARMAN AGAMA),71030700100001,https://fasih-sm.bps.go.id/app/assignment-detail/5e2d9f55-0f6e-48e3-9c3b-ec36f56b150e,10421
5e349a64-ad9f-4b63-b15f-175ca96efdd5,PERKEBUNAN PALA (ALITJE),71030800040002,https://fasih-sm.bps.go.id/app/assignment-detail/5e349a64-ad9f-4b63-b15f-175ca96efdd5,101283
5e349a64-ad9f-4b63-b15f-175ca96efdd5,PERKEBUNAN KELAPA (ALITJE),71030800040002,https://fasih-sm.bps.go.id/app/assignment-detail/5e349a64-ad9f-4b63-b15f-175ca96efdd5,101261
5e349a64-ad9f-4b63-b15f-175ca96efdd5,PENGOLAHAN KOPRA (ALITJE),71030800040002,https://fasih-sm.bps.go.id/app/assignment-detail/5e349a64-ad9f-4b63-b15f-175ca96efdd5,110421
5e3c1e54-040e-4090-b6c8-caee0253087f,PENANGKAPAN IKAN (FAISAL),71031010010001,https://fasih-sm.bps.go.id/app/assignment-detail/5e3c1e54-040e-4090-b6c8-caee0253087f,03110
5e727672-7d4c-42fa-8d61-73aaf4c72099,PERKEBUNAN CENGKIH HELDI,71030410030001,https://fasih-sm.bps.go.id/app/assignment-detail/5e727672-7d4c-42fa-8d61-73aaf4c72099,01282
5e939b3c-6eb6-4281-9cc6-700057122e18,PENJUALAN POP ICE (SOLVI MACPAL) ,71031000110002,https://fasih-sm.bps.go.id/app/assignment-detail/5e939b3c-6eb6-4281-9cc6-700057122e18,56304
5f509c49-1c50-4bfc-9352-0222ee164875,USAHA GORENGAN (GHREISYE SASELAH),71030600200001,https://fasih-sm.bps.go.id/app/assignment-detail/5f509c49-1c50-4bfc-9352-0222ee164875,10750
5f6047b9-d1ba-4056-9d17-ac1483ccb3b5,TANAMAN PANGAN (FRENDING KIRIMANG),71030400110008,https://fasih-sm.bps.go.id/app/assignment-detail/5f6047b9-d1ba-4056-9d17-ac1483ccb3b5,101135
60138b2f-914d-4ffa-b496-0caf9ded3175,PERDAGANGAN IKAN,71031020010003,https://fasih-sm.bps.go.id/app/assignment-detail/60138b2f-914d-4ffa-b496-0caf9ded3175,47215
60138b2f-914d-4ffa-b496-0caf9ded3175,WARUNG KLONTONG,71031020010003,https://fasih-sm.bps.go.id/app/assignment-detail/60138b2f-914d-4ffa-b496-0caf9ded3175,47192
6205cef6-e0bf-4a1b-b521-f02727607868,PENGUMPULAN BATU DAN PASIR MILIK MUSLIMIN TAROREH ,71031000260003,https://fasih-sm.bps.go.id/app/assignment-detail/6205cef6-e0bf-4a1b-b521-f02727607868,08109
6217ecc5-2286-4313-a831-dc4c59d5c9a8,WARUNG SEMBAKO (ESTER KAPAI),71030400140001,https://fasih-sm.bps.go.id/app/assignment-detail/6217ecc5-2286-4313-a831-dc4c59d5c9a8,47112
62681ded-fdaf-4c2b-a3a8-ff587cafa2a8,USAHA KOPRA (NOFLIN),71030900100006,https://fasih-sm.bps.go.id/app/assignment-detail/62681ded-fdaf-4c2b-a3a8-ff587cafa2a8,101261
62e83303-fd28-4879-8c56-d494637abb1b,PENGOLAHAN KELAPA ( SWENGLY),71031100050002,https://fasih-sm.bps.go.id/app/assignment-detail/62e83303-fd28-4879-8c56-d494637abb1b,10421
63d1fd18-2ce7-49ca-8e8d-a116856d13e3,UTP PERKEBUNAN (KHRISTOFIEN MANDAK) ,71030920050004,https://fasih-sm.bps.go.id/app/assignment-detail/63d1fd18-2ce7-49ca-8e8d-a116856d13e3,01283
6558e1dd-df03-473f-a291-eb292a45786b,USAHA JUAL REBUNG (OLSIUS GURADI) ,71030920050001,https://fasih-sm.bps.go.id/app/assignment-detail/6558e1dd-df03-473f-a291-eb292a45786b,47216
65d3ae79-3f21-4261-ac9f-266bdd4dac6c,PERKEBUNAN CENGKIH (GUNTUR),71030700030002,https://fasih-sm.bps.go.id/app/assignment-detail/65d3ae79-3f21-4261-ac9f-266bdd4dac6c,101282
66ad8ed1-9468-4aa9-ace2-2332c436a134,KANTIN SMP NEGERI 2 TAHUNA (MISKE SASEA),71030910040003,https://fasih-sm.bps.go.id/app/assignment-detail/66ad8ed1-9468-4aa9-ace2-2332c436a134,56102
67073558-dd8a-4d86-a835-ead5e10b3c48,JUAL KUE BASAH (SUMARNI) ,71031000240003,https://fasih-sm.bps.go.id/app/assignment-detail/67073558-dd8a-4d86-a835-ead5e10b3c48,47242
67b26d6b-9267-4396-bbc7-7e437db9ea88,PERDANGAN ECERAN SEMBAKO DLL,71030400110005,https://fasih-sm.bps.go.id/app/assignment-detail/67b26d6b-9267-4396-bbc7-7e437db9ea88,47112
67cd2e97-24e3-4a6a-b2bf-eadc03448102,PRODUKSI BIJI PALA ,71030400080001,https://fasih-sm.bps.go.id/app/assignment-detail/67cd2e97-24e3-4a6a-b2bf-eadc03448102,01283
685d2168-e832-41f5-be17-68c72ff5c053,JASA ANGKUTAN DARAT BENTOR(JUVENTIUS HIMPONANG) ,71030500090001,https://fasih-sm.bps.go.id/app/assignment-detail/685d2168-e832-41f5-be17-68c72ff5c053,49295
6923ab68-a644-4565-b1bb-a14e78483dab,USAHA HOLTIKULTURA BUAH-BUAHAN (ERVIN),71030910060003,https://fasih-sm.bps.go.id/app/assignment-detail/6923ab68-a644-4565-b1bb-a14e78483dab,47212
69f68c1d-4a12-480a-b9e3-f57fc2e76531,INDUSTRI KOPRA (GEORGE DANDEL),71031000030003,https://fasih-sm.bps.go.id/app/assignment-detail/69f68c1d-4a12-480a-b9e3-f57fc2e76531,110421
6a3e175c-75ed-47c7-8ba6-0a8f43b502df,USAHA WARUNG SEMBAKO (STEVIE SANI),71030800100003,https://fasih-sm.bps.go.id/app/assignment-detail/6a3e175c-75ed-47c7-8ba6-0a8f43b502df,47112
6b107f96-23d6-43d3-85f2-82f2f67527f5,PETERNAK BABI (FERRI DORONTELIDE) ,71030500090001,https://fasih-sm.bps.go.id/app/assignment-detail/6b107f96-23d6-43d3-85f2-82f2f67527f5,01450
6b203ab9-feff-409b-b0a7-2f93242befc2,INDUSTRI KOPRA(STENLY),71031000250001,https://fasih-sm.bps.go.id/app/assignment-detail/6b203ab9-feff-409b-b0a7-2f93242befc2,10421
6b870a0d-9e57-48bd-b459-d4fea82a4728,JUAL AYAM POTONG (MILKA TAKALIWUNGANG),71030900090001,https://fasih-sm.bps.go.id/app/assignment-detail/6b870a0d-9e57-48bd-b459-d4fea82a4728,247214
6c84d63c-a9b1-4cda-9fe5-b5dc09ff8c9d,PETERNAKAN AYAM (DAN ENGELHART SAHADAGI),71030800040002,https://fasih-sm.bps.go.id/app/assignment-detail/6c84d63c-a9b1-4cda-9fe5-b5dc09ff8c9d,101464
6cca1958-1727-4431-a60c-b9a9ace301bd,KOS-KOSAN (JULIFINE TATENGKENG),71030910070001,https://fasih-sm.bps.go.id/app/assignment-detail/6cca1958-1727-4431-a60c-b9a9ace301bd,55909
6e0a4b2c-eaec-4e87-b799-a3889fc3824d,PERKEBUNAN (DOLFIUS LAHIWU),71031000030003,https://fasih-sm.bps.go.id/app/assignment-detail/6e0a4b2c-eaec-4e87-b799-a3889fc3824d,101261
6e82d46b-14f7-442c-9242-fd242359f7f8,PERKEBUNAN (ALEXON BAWOLE),71030500130002,https://fasih-sm.bps.go.id/app/assignment-detail/6e82d46b-14f7-442c-9242-fd242359f7f8,01283
6e82d46b-14f7-442c-9242-fd242359f7f8,TANAMAN PANGAN (ALEXON BAWOLE),71030500130002,https://fasih-sm.bps.go.id/app/assignment-detail/6e82d46b-14f7-442c-9242-fd242359f7f8,01139
6f32991d-865c-441e-b500-cc93acad1d85,UTP PERKEBUNAN KELAPA,71031000060002,https://fasih-sm.bps.go.id/app/assignment-detail/6f32991d-865c-441e-b500-cc93acad1d85,01261
6f8bc382-eab2-4f8f-99ed-f44828785e0b,PERKEBUNAN PALA (WILLIET),71030500120005,https://fasih-sm.bps.go.id/app/assignment-detail/6f8bc382-eab2-4f8f-99ed-f44828785e0b,01283
6f8bc382-eab2-4f8f-99ed-f44828785e0b,PENANGKAPAN IKAN SEGAR (WILLIET) ,71030500120005,https://fasih-sm.bps.go.id/app/assignment-detail/6f8bc382-eab2-4f8f-99ed-f44828785e0b,03110
6ffbff52-9ef3-4038-b974-205e6e8b248f,INDUSTRI PERAHU (MERDEKA SAMUDIN),71031010020002,https://fasih-sm.bps.go.id/app/assignment-detail/6ffbff52-9ef3-4038-b974-205e6e8b248f,30111
6ffbff52-9ef3-4038-b974-205e6e8b248f,PERIKANAN TANGKAP (MERDEKA SAMUDIN),71031010020002,https://fasih-sm.bps.go.id/app/assignment-detail/6ffbff52-9ef3-4038-b974-205e6e8b248f,03110
7084d780-7579-4a26-a320-d364a62b7cd2,PENGOLAHAN KUE BASAH ( RUCE LESAR) ,71030500090002,https://fasih-sm.bps.go.id/app/assignment-detail/7084d780-7579-4a26-a320-d364a62b7cd2,10792
70e2ad0b-3037-46bc-acb1-2d6a726848db,BANGUNAN USAHA SEMBAKO (NURJANA),71031000100002,https://fasih-sm.bps.go.id/app/assignment-detail/70e2ad0b-3037-46bc-acb1-2d6a726848db,47112
7256024c-90d4-40f1-a52d-cfdaa7c152f4,PERKEBUNAN PALA (SANTIAGO),71030800010004,https://fasih-sm.bps.go.id/app/assignment-detail/7256024c-90d4-40f1-a52d-cfdaa7c152f4,01283
7256024c-90d4-40f1-a52d-cfdaa7c152f4,PERKEBUNAN KELAPA (SANTIAGO),71030800010004,https://fasih-sm.bps.go.id/app/assignment-detail/7256024c-90d4-40f1-a52d-cfdaa7c152f4,01261
7256024c-90d4-40f1-a52d-cfdaa7c152f4,INDUSTRI PENGOLAHAN KOPRA (SANTIAGO),71030800010004,https://fasih-sm.bps.go.id/app/assignment-detail/7256024c-90d4-40f1-a52d-cfdaa7c152f4,10421
7256024c-90d4-40f1-a52d-cfdaa7c152f4,PERTANIAN UBI JALAR (SANTIAGO),71030800010004,https://fasih-sm.bps.go.id/app/assignment-detail/7256024c-90d4-40f1-a52d-cfdaa7c152f4,01139
72628d10-b687-4e24-a796-fff7c5a0c3f0,PENANGKAPAN IKAN (SARIFFUDIN) ,71031000210004,https://fasih-sm.bps.go.id/app/assignment-detail/72628d10-b687-4e24-a796-fff7c5a0c3f0,03110
72c6be7e-8568-45d2-b334-89cfaf6b6001,INDUSTRI KOPRA (BURHANUDIN) ,71031000220003,https://fasih-sm.bps.go.id/app/assignment-detail/72c6be7e-8568-45d2-b334-89cfaf6b6001,10421
72c6be7e-8568-45d2-b334-89cfaf6b6001,PERKEBUNAN PALA (BURHANUDIN) ,71031000220003,https://fasih-sm.bps.go.id/app/assignment-detail/72c6be7e-8568-45d2-b334-89cfaf6b6001,01283
74e73a96-dec7-40fd-a0e6-7ab7ef77762b,PRODUKSI BIJI PALA ( ABDON RAKINAUNG ),71030400090002,https://fasih-sm.bps.go.id/app/assignment-detail/74e73a96-dec7-40fd-a0e6-7ab7ef77762b,01283
7522047d-2aad-4c65-83e9-6ea61c70a571,SABLON BAJU ASTRID,71030910040005,https://fasih-sm.bps.go.id/app/assignment-detail/7522047d-2aad-4c65-83e9-6ea61c70a571,18111
752ae8b5-7056-4437-8386-8a996745c5e0,Penangkap ikan (Markus),71030500200003,https://fasih-sm.bps.go.id/app/assignment-detail/752ae8b5-7056-4437-8386-8a996745c5e0,03110
75c4be3e-245e-46ef-a827-4fe0a863cc48,TANAMAN PANGAN (JURIMTJE TATULUS),71030600170002,https://fasih-sm.bps.go.id/app/assignment-detail/75c4be3e-245e-46ef-a827-4fe0a863cc48,01139
776584b8-0bf9-4a2c-a07e-b4c15ab9db52,USAHA KANVAS IKAN (ARDIANTO) ,71030910030002,https://fasih-sm.bps.go.id/app/assignment-detail/776584b8-0bf9-4a2c-a07e-b4c15ab9db52,147215
7815c8a1-a351-4192-9ba8-4424573359c6,PETERNAKAN (YEITRO),71031000140005,https://fasih-sm.bps.go.id/app/assignment-detail/7815c8a1-a351-4192-9ba8-4424573359c6,01463
7815c8a1-a351-4192-9ba8-4424573359c6,PERKEBUNAN (YEITRO),71031000140005,https://fasih-sm.bps.go.id/app/assignment-detail/7815c8a1-a351-4192-9ba8-4424573359c6,01283
78c210c6-158d-4b83-bd44-560cdac9cf04,INDUSTRI KOPRA(ELYAS),71030500020003,https://fasih-sm.bps.go.id/app/assignment-detail/78c210c6-158d-4b83-bd44-560cdac9cf04,110421
78c210c6-158d-4b83-bd44-560cdac9cf04,PERIKANAN (ELYAS),71030500020003,https://fasih-sm.bps.go.id/app/assignment-detail/78c210c6-158d-4b83-bd44-560cdac9cf04,103110
78f4a2ba-d5cd-4984-8245-6408a2b3e1dc,PENGOLAHAN KOPRA (MAX GENUNG HORMATI) ,71030600140002,https://fasih-sm.bps.go.id/app/assignment-detail/78f4a2ba-d5cd-4984-8245-6408a2b3e1dc,10421
78f6102f-8a7d-4c96-9060-8210f4f7314c,TANAMAN HOLTIKULTURA ,71031020030002,https://fasih-sm.bps.go.id/app/assignment-detail/78f6102f-8a7d-4c96-9060-8210f4f7314c,01138
793c9bba-bcf4-4d49-9a51-be15ee8f21e2,JUALAN GORENGAN KELILING (SELFIATI),71030900080009,https://fasih-sm.bps.go.id/app/assignment-detail/793c9bba-bcf4-4d49-9a51-be15ee8f21e2,156102
79493c08-baaa-4222-aa62-bef11d4293c3, TOKO CERIA MART ( NAHA),71031000090004,https://fasih-sm.bps.go.id/app/assignment-detail/79493c08-baaa-4222-aa62-bef11d4293c3,47112
79cb1570-b038-4b0b-98e6-58d7b7e9d06d,INDUSTRI PENGASAPAN IKAN (FATMA MINGGU),71030600150002,https://fasih-sm.bps.go.id/app/assignment-detail/79cb1570-b038-4b0b-98e6-58d7b7e9d06d,10212
79cb1570-b038-4b0b-98e6-58d7b7e9d06d,HORTIKULTURA (IBRAHIM NAGARING),71030600150002,https://fasih-sm.bps.go.id/app/assignment-detail/79cb1570-b038-4b0b-98e6-58d7b7e9d06d,01133
7d9fd96d-d7a5-44d7-a03a-3ebb48c925d3,UTP PERKEBUNAN KELAPA (YANIS GARING),71030800080001,https://fasih-sm.bps.go.id/app/assignment-detail/7d9fd96d-d7a5-44d7-a03a-3ebb48c925d3,01261
7d9fd96d-d7a5-44d7-a03a-3ebb48c925d3,INDUSTRI PENGOLAHAN KOPRA (YANIS GARING),71030800080001,https://fasih-sm.bps.go.id/app/assignment-detail/7d9fd96d-d7a5-44d7-a03a-3ebb48c925d3,10421
7ebf5d9a-be65-48f5-816b-3719aaa76e92,PERKEBUNAN PALA (NIKODEMUS),71030800040002,https://fasih-sm.bps.go.id/app/assignment-detail/7ebf5d9a-be65-48f5-816b-3719aaa76e92,101283
7ebf5d9a-be65-48f5-816b-3719aaa76e92,PERKEBUNAN KELAPA (NIKODEMUS),71030800040002,https://fasih-sm.bps.go.id/app/assignment-detail/7ebf5d9a-be65-48f5-816b-3719aaa76e92,101261
7ebf5d9a-be65-48f5-816b-3719aaa76e92,PENGOLAHAN KOPRA (NIKODEMUS),71030800040002,https://fasih-sm.bps.go.id/app/assignment-detail/7ebf5d9a-be65-48f5-816b-3719aaa76e92,110421
7ebf5d9a-be65-48f5-816b-3719aaa76e92,USAHA TAMBAH ANGIN (NIKODEMUS),71030800040002,https://fasih-sm.bps.go.id/app/assignment-detail/7ebf5d9a-be65-48f5-816b-3719aaa76e92,95320
7f4cbcf5-c569-4b54-bc82-4a23c9852228,CAMU - CAMU TAHUNA,71030910080002,https://fasih-sm.bps.go.id/app/assignment-detail/7f4cbcf5-c569-4b54-bc82-4a23c9852228,510792
7f4cbcf5-c569-4b54-bc82-4a23c9852228,JUALAN SAYUR (ESTEVIN HARMAN),71030910080002,https://fasih-sm.bps.go.id/app/assignment-detail/7f4cbcf5-c569-4b54-bc82-4a23c9852228,147213
7f5d3916-4397-4c84-aed6-384d448c2537,SOPIR TAKSI <NOPE>,71030400170001,https://fasih-sm.bps.go.id/app/assignment-detail/7f5d3916-4397-4c84-aed6-384d448c2537,52323
7fa6910e-2807-4ac1-b022-f96d48c4f735,INDUSTRI PENGOLAHAN KOPRA (IRWAN PARASANA) ,71031100030004,https://fasih-sm.bps.go.id/app/assignment-detail/7fa6910e-2807-4ac1-b022-f96d48c4f735,10421
7fd48a0c-6549-4043-9ab7-17d1bd00914e,USAHA KUE KERING (RUKYA KAEHE),71031000030004,https://fasih-sm.bps.go.id/app/assignment-detail/7fd48a0c-6549-4043-9ab7-17d1bd00914e,110710
82c0612c-59de-4feb-bf02-e0eaaa67c76e,SEMBAKO (MALO) ,71030900110003,https://fasih-sm.bps.go.id/app/assignment-detail/82c0612c-59de-4feb-bf02-e0eaaa67c76e,47112
834a06c7-9353-4a5b-9ea8-6eac9149689f,KIOS SEMBAKO (NINI),71030900130011,https://fasih-sm.bps.go.id/app/assignment-detail/834a06c7-9353-4a5b-9ea8-6eac9149689f,147112
83eaea2b-bae2-4719-9499-66f1f8f4c125,PENJUAL KUE BASAH KELILING (JULIANTI MAKASAEHE),71031000230001,https://fasih-sm.bps.go.id/app/assignment-detail/83eaea2b-bae2-4719-9499-66f1f8f4c125,47242
842598b1-60e7-479e-b47b-c96164403098,BORONGAN BANGUNAN (SAHDI RATUNDELANG) ,71031100030004,https://fasih-sm.bps.go.id/app/assignment-detail/842598b1-60e7-479e-b47b-c96164403098,541011
842598b1-60e7-479e-b47b-c96164403098,INDUSTRI PENGOLAHAN KOPRA (SAHDI RATUNDELANG) ,71031100030004,https://fasih-sm.bps.go.id/app/assignment-detail/842598b1-60e7-479e-b47b-c96164403098,10421
86a0ec7d-0ad5-4dd2-8a49-888b6fdb9cbd,USAHA SERVIS HP (SUWANDI MAKI) ,71030910030001,https://fasih-sm.bps.go.id/app/assignment-detail/86a0ec7d-0ad5-4dd2-8a49-888b6fdb9cbd,95102
86b64271-fff4-4271-944a-61a74d0d6a2d,JARING PENANGKAP IKAN (DJEKSON) ,71030410020002,https://fasih-sm.bps.go.id/app/assignment-detail/86b64271-fff4-4271-944a-61a74d0d6a2d,03110
87e8d23b-da97-44d2-9588-3482c9a7e0fb,INDUSTRI KOPRA (SEVENDRIC DEO MANDAKE),71030600170001,https://fasih-sm.bps.go.id/app/assignment-detail/87e8d23b-da97-44d2-9588-3482c9a7e0fb,10421
88141673-83c3-4f0d-9eb7-3ea6f0d64344,PENJAHIT ( ANIE MOTJE AKULAH),71030500110001,https://fasih-sm.bps.go.id/app/assignment-detail/88141673-83c3-4f0d-9eb7-3ea6f0d64344,14120
893b7ab6-965b-4ce3-9d28-7e947aa00e63,PERKEBUNAN KELAPA (HANDRI) ,71030500120002,https://fasih-sm.bps.go.id/app/assignment-detail/893b7ab6-965b-4ce3-9d28-7e947aa00e63,101261
893b7ab6-965b-4ce3-9d28-7e947aa00e63,PERKEBUNAN PALA (HANDRI) ,71030500120002,https://fasih-sm.bps.go.id/app/assignment-detail/893b7ab6-965b-4ce3-9d28-7e947aa00e63,101283
8b2ab666-c623-4991-9439-a81b62e111ef,USAHA PERKEBUNAN KELAPA SAHADIA BININTU ,71031000020002,https://fasih-sm.bps.go.id/app/assignment-detail/8b2ab666-c623-4991-9439-a81b62e111ef,101261
8cadecca-31d0-44c5-94b2-fa5083e6695c,TANAMAN KANGKUNG MILIK SAFIRA BATULANA ,71031000110005,https://fasih-sm.bps.go.id/app/assignment-detail/8cadecca-31d0-44c5-94b2-fa5083e6695c,46313
8cadecca-31d0-44c5-94b2-fa5083e6695c,INDUSTRI KOPRA MILIK SUDIRMAN TULUSANG ,71031000110005,https://fasih-sm.bps.go.id/app/assignment-detail/8cadecca-31d0-44c5-94b2-fa5083e6695c,10421
8cadecca-31d0-44c5-94b2-fa5083e6695c,OJEK KELILING MILIK SUDIRMAN TULUSANG ,71031000110005,https://fasih-sm.bps.go.id/app/assignment-detail/8cadecca-31d0-44c5-94b2-fa5083e6695c,49296
8d0b72c1-6940-4d53-be34-a5d9200240b0,PERKEBUNAN PALA( KORNELIUS),71031000120001,https://fasih-sm.bps.go.id/app/assignment-detail/8d0b72c1-6940-4d53-be34-a5d9200240b0,01283
8da5d5e6-e9c6-4ff6-9ee7-f675f331eda2,PERKEBUNAN (NIMA BILALANG),71030400070001,https://fasih-sm.bps.go.id/app/assignment-detail/8da5d5e6-e9c6-4ff6-9ee7-f675f331eda2,101283
8e7a2718-2cb1-43c6-ad45-4c0132666fdb,MENJUAL IKAN,71030400170004,https://fasih-sm.bps.go.id/app/assignment-detail/8e7a2718-2cb1-43c6-ad45-4c0132666fdb,47215
8f51c5f3-6f97-4412-bb10-cc3aa68298ea,PETERNAKAN AYAM KAMPUNG (DESMON),71031000140005,https://fasih-sm.bps.go.id/app/assignment-detail/8f51c5f3-6f97-4412-bb10-cc3aa68298ea,01469
8f51c5f3-6f97-4412-bb10-cc3aa68298ea,Perkebunan kelapa,71031000140005,https://fasih-sm.bps.go.id/app/assignment-detail/8f51c5f3-6f97-4412-bb10-cc3aa68298ea,01261
8fe062f7-498f-4e90-bfbc-c66232850487,MENJUAL IKAN (IRMAWATI ISPAER),71031000230003,https://fasih-sm.bps.go.id/app/assignment-detail/8fe062f7-498f-4e90-bfbc-c66232850487,147215
91be142b-7915-4c19-a938-e1de152a717b,PAKAIAN JADI,71030900070007,https://fasih-sm.bps.go.id/app/assignment-detail/91be142b-7915-4c19-a938-e1de152a717b,147711
935d50a3-c4df-4836-b1fd-6e702c791825,TERNAK AYAM ( ROBERT BANDER ),71030620040002,https://fasih-sm.bps.go.id/app/assignment-detail/935d50a3-c4df-4836-b1fd-6e702c791825,01463
9381da1a-3c68-4079-9142-a16418785e48,USAHA MIE KUKUS (MIRNA),71030700030002,https://fasih-sm.bps.go.id/app/assignment-detail/9381da1a-3c68-4079-9142-a16418785e48,310614
9381da1a-3c68-4079-9142-a16418785e48,INDUSRI PENGOLAHAN KELAPA (HORNI),71030700030002,https://fasih-sm.bps.go.id/app/assignment-detail/9381da1a-3c68-4079-9142-a16418785e48,110421
9385dc02-7aed-4e31-a874-5a07b07ea06c,HORTIKULTURA (CHRISTOMUS SAMATARA),71030600150002,https://fasih-sm.bps.go.id/app/assignment-detail/9385dc02-7aed-4e31-a874-5a07b07ea06c,01220
9385dc02-7aed-4e31-a874-5a07b07ea06c,INDUSTRI KOPRA (CHRISTOMUS SAMATARA),71030600150002,https://fasih-sm.bps.go.id/app/assignment-detail/9385dc02-7aed-4e31-a874-5a07b07ea06c,10421
93fd8149-5cfe-4cb3-a2b7-d392fee96a9e,SOPIR (HERMAN TEMPOMONA) ,71030700060004,https://fasih-sm.bps.go.id/app/assignment-detail/93fd8149-5cfe-4cb3-a2b7-d392fee96a9e,449293
93fd8149-5cfe-4cb3-a2b7-d392fee96a9e,WARUNG SEMBAKO (ROSLITA AMUS) ,71030700060004,https://fasih-sm.bps.go.id/app/assignment-detail/93fd8149-5cfe-4cb3-a2b7-d392fee96a9e,47112
942f8a75-348f-414c-a640-834e8018bcb2,HOLTIKULTURA (ADELA TATALI),71031000120002,https://fasih-sm.bps.go.id/app/assignment-detail/942f8a75-348f-414c-a640-834e8018bcb2,01220
9523125c-bc7b-4d0c-89ad-bdccae83fb75,BENTOR (IRSAN DALOPE),71031000210003,https://fasih-sm.bps.go.id/app/assignment-detail/9523125c-bc7b-4d0c-89ad-bdccae83fb75,49296
95d6d3b0-0e63-4890-bcb4-9fa13162477b,INDUSTRI KOPRA (YULIANUS BENTALEN) ,71030700090002,https://fasih-sm.bps.go.id/app/assignment-detail/95d6d3b0-0e63-4890-bcb4-9fa13162477b,10421
95ff6a89-7b95-412e-a770-a32842274074,JUALAN ROTI (JULIA),71030900110010,https://fasih-sm.bps.go.id/app/assignment-detail/95ff6a89-7b95-412e-a770-a32842274074,10710
9653f12a-24af-4577-bb5a-b6eb111ad163,USAHA PERKEBUNAN PALA (SOLEMAN PAPENDANG),71030910050007,https://fasih-sm.bps.go.id/app/assignment-detail/9653f12a-24af-4577-bb5a-b6eb111ad163,01283
9745867b-dcbe-4933-ac3c-0b076c853634,INDUSTRI KOPRA (MAHDI ANTARANI) ,71031000110003,https://fasih-sm.bps.go.id/app/assignment-detail/9745867b-dcbe-4933-ac3c-0b076c853634,10421
97595fd0-2fc4-4f99-bd19-85273a24324f,JUALAN BENSIN ECERAN (ISMAIL) ,71031000130003,https://fasih-sm.bps.go.id/app/assignment-detail/97595fd0-2fc4-4f99-bd19-85273a24324f,47302
978a906e-f259-4385-a5b6-9edbd4484dcd,KOPRA,71030700060001,https://fasih-sm.bps.go.id/app/assignment-detail/978a906e-f259-4385-a5b6-9edbd4484dcd,110421
984076c7-00b2-40b0-b6d9-e5106185ba1a,RAISYAH CATERING ( AISYAH MANIKU ),71030910030006,https://fasih-sm.bps.go.id/app/assignment-detail/984076c7-00b2-40b0-b6d9-e5106185ba1a,56210
99201c47-cc0f-434b-950a-1fb3cc5ada90,PERKEBUNAN PALA,71030400140003,https://fasih-sm.bps.go.id/app/assignment-detail/99201c47-cc0f-434b-950a-1fb3cc5ada90,101135
998df36d-a4d7-4122-b369-f4558c26bb26,INDUSTRI KOPRA (JEFRI KAMURAHANG) ,71030700090002,https://fasih-sm.bps.go.id/app/assignment-detail/998df36d-a4d7-4122-b369-f4558c26bb26,10421
99b6da70-919f-402f-9b0b-a195f5301528,USAHA PERIKANAN (DJUMA MANDAHARI) ,71030910030002,https://fasih-sm.bps.go.id/app/assignment-detail/99b6da70-919f-402f-9b0b-a195f5301528,203110
99b6da70-919f-402f-9b0b-a195f5301528,USAHA JUAL PULSA (RATIH) ,71030910030002,https://fasih-sm.bps.go.id/app/assignment-detail/99b6da70-919f-402f-9b0b-a195f5301528,61201
99def32e-a40f-456b-95d2-1e84fba6ecd5,KOS KOSAN MARORE,71030900070009,https://fasih-sm.bps.go.id/app/assignment-detail/99def32e-a40f-456b-95d2-1e84fba6ecd5,155201
9a086553-ddf1-4481-bc29-677f80053a4e,PENGOLAHAN KOPRA (ISMAN WEDING) ,71030600120002,https://fasih-sm.bps.go.id/app/assignment-detail/9a086553-ddf1-4481-bc29-677f80053a4e,10421
9a9e8f5e-4557-43d1-87ce-7eeaab63c7f2,UTP PERKEBUNAN KELAPA <JURHAN KONDOALUMANG>,71030700010003,https://fasih-sm.bps.go.id/app/assignment-detail/9a9e8f5e-4557-43d1-87ce-7eeaab63c7f2,01261
9a9e8f5e-4557-43d1-87ce-7eeaab63c7f2,UTP PERKEBUNAN CENGKIH <JURHAN KONDOALUMANG>,71030700010003,https://fasih-sm.bps.go.id/app/assignment-detail/9a9e8f5e-4557-43d1-87ce-7eeaab63c7f2,01282
9ac7d941-6616-497c-be62-7a444e8049e8,KUE KERING (RATMIN) ,71031000220001,https://fasih-sm.bps.go.id/app/assignment-detail/9ac7d941-6616-497c-be62-7a444e8049e8,10710
9ad0bca7-5de0-44c2-9171-1d85eba78e21,NELAYAN TAMBARU MADUNDANG,71030400170001,https://fasih-sm.bps.go.id/app/assignment-detail/9ad0bca7-5de0-44c2-9171-1d85eba78e21,03110
9b0352b0-858a-4999-a3be-dc374d91a647,PENGOLAHAN KUE BASAH (ALCI),71030500060001,https://fasih-sm.bps.go.id/app/assignment-detail/9b0352b0-858a-4999-a3be-dc374d91a647,10792
9c34e93e-56e5-4098-8888-ff14cf695157,PENJUALAN VOUCHER WIFI (VARYL),71030800030002,https://fasih-sm.bps.go.id/app/assignment-detail/9c34e93e-56e5-4098-8888-ff14cf695157,61209
9c34e93e-56e5-4098-8888-ff14cf695157,JASA ANGKUT PENUMPANG (YAN),71030800030002,https://fasih-sm.bps.go.id/app/assignment-detail/9c34e93e-56e5-4098-8888-ff14cf695157,49214
9c34e93e-56e5-4098-8888-ff14cf695157,AGEN BRILINK (VARYL),71030800030002,https://fasih-sm.bps.go.id/app/assignment-detail/9c34e93e-56e5-4098-8888-ff14cf695157,64199
9c34e93e-56e5-4098-8888-ff14cf695157,INDUSTRI KUE BASAH DONAT (YUL),71030800030002,https://fasih-sm.bps.go.id/app/assignment-detail/9c34e93e-56e5-4098-8888-ff14cf695157,10792
9c7bef44-b2dd-4488-ba47-08e7d076197a,PERKEBUNAN KELAPA (FERDINAN),71030500190003,https://fasih-sm.bps.go.id/app/assignment-detail/9c7bef44-b2dd-4488-ba47-08e7d076197a,01261
9d6f8a02-e116-4131-97bf-e6c0ad5cd8ff,JUALAN REMPAH ECERAN (ROSTANCE SALINDEHO),71031000030004,https://fasih-sm.bps.go.id/app/assignment-detail/9d6f8a02-e116-4131-97bf-e6c0ad5cd8ff,47213
9d6f8a02-e116-4131-97bf-e6c0ad5cd8ff,BENGKEL (CHRISTOVORIUS),71031000030004,https://fasih-sm.bps.go.id/app/assignment-detail/9d6f8a02-e116-4131-97bf-e6c0ad5cd8ff,195311
9ddb8ee9-a1e0-4a96-97f6-6071640ca6aa,INDUSTRI PENGOLAHAN KOPRA (LENNY),71030920060005,https://fasih-sm.bps.go.id/app/assignment-detail/9ddb8ee9-a1e0-4a96-97f6-6071640ca6aa,10421
9ddb8ee9-a1e0-4a96-97f6-6071640ca6aa,UTP PERKEBUNAN (LENNY),71030920060005,https://fasih-sm.bps.go.id/app/assignment-detail/9ddb8ee9-a1e0-4a96-97f6-6071640ca6aa,01283
9e73f71c-7444-42dd-8267-231888495efb,PRODUKSI SAGU,71030400110004,https://fasih-sm.bps.go.id/app/assignment-detail/9e73f71c-7444-42dd-8267-231888495efb,210613
9e73f71c-7444-42dd-8267-231888495efb,MENGELOLA KELAPA MENJADI KOPRA,71030400110004,https://fasih-sm.bps.go.id/app/assignment-detail/9e73f71c-7444-42dd-8267-231888495efb,101261
9e8553f5-311d-438e-8049-88d0c3a6d3f4,PERKEBUNAN PALA (NATANIEL TATANGGIHE),71030800030004,https://fasih-sm.bps.go.id/app/assignment-detail/9e8553f5-311d-438e-8049-88d0c3a6d3f4,01283
9e8553f5-311d-438e-8049-88d0c3a6d3f4,PERTANIAN UBI KAYU (NATANIEL TATANGGIHE),71030800030004,https://fasih-sm.bps.go.id/app/assignment-detail/9e8553f5-311d-438e-8049-88d0c3a6d3f4,01135
9e8553f5-311d-438e-8049-88d0c3a6d3f4,PERKEBUNAN KELAPA(NATANIEL TATANGGIHE),71030800030004,https://fasih-sm.bps.go.id/app/assignment-detail/9e8553f5-311d-438e-8049-88d0c3a6d3f4,01261
9e8553f5-311d-438e-8049-88d0c3a6d3f4,PENGOLAHAN KOPRA(NATANIEL TATANGGIHE),71030800030004,https://fasih-sm.bps.go.id/app/assignment-detail/9e8553f5-311d-438e-8049-88d0c3a6d3f4,10421
9f045050-a527-4f8f-9a6b-cc69637fde10,WARUNG SEMBAKO (SALMI) ,71031000240004,https://fasih-sm.bps.go.id/app/assignment-detail/9f045050-a527-4f8f-9a6b-cc69637fde10,47112
a021b242-1349-4df1-90c1-5d7ace2d7199,JUAL KUE BAKPIA (YUNITA) ,71030500060004,https://fasih-sm.bps.go.id/app/assignment-detail/a021b242-1349-4df1-90c1-5d7ace2d7199,110792
a0c7a456-ee09-4d31-b4b9-9c1d010d3a9a,Industri kopra (Aripin Mamelas),71031000030002,https://fasih-sm.bps.go.id/app/assignment-detail/a0c7a456-ee09-4d31-b4b9-9c1d010d3a9a,10421
a220484a-5858-4617-9884-d242a6dfac06,PERKEBUNAN PALA (ALEX SALAWATI),71030800070002,https://fasih-sm.bps.go.id/app/assignment-detail/a220484a-5858-4617-9884-d242a6dfac06,01283
a226d03d-5e4b-4d3e-a901-216ccdb39ba8,PENGOLAHAN KOPRA (DESMAN MANENDA),71030600080001,https://fasih-sm.bps.go.id/app/assignment-detail/a226d03d-5e4b-4d3e-a901-216ccdb39ba8,10421
a36a8db5-ad46-4cf9-a188-0b7230097211,BKU INDUSTRI PENGOLAHAN KOPRA (ALFREIN ROMPIS),71030800100004,https://fasih-sm.bps.go.id/app/assignment-detail/a36a8db5-ad46-4cf9-a188-0b7230097211,10421
a4cad71a-1a3c-4429-9f07-5bbfc4b7f58a,INDUSTRI KOPRA (ORINTJE KANSIL),71030600160003,https://fasih-sm.bps.go.id/app/assignment-detail/a4cad71a-1a3c-4429-9f07-5bbfc4b7f58a,10421
a4cad71a-1a3c-4429-9f07-5bbfc4b7f58a,TANAMAN PANGAN (ORINTJE KANSIL),71030600160003,https://fasih-sm.bps.go.id/app/assignment-detail/a4cad71a-1a3c-4429-9f07-5bbfc4b7f58a,01139
a545c9f5-58e6-40d2-8ee6-3ee16b743a52,PERKEBUNAN PALA (MAURITS),71030500080003,https://fasih-sm.bps.go.id/app/assignment-detail/a545c9f5-58e6-40d2-8ee6-3ee16b743a52,01283
a581e1cf-f703-412a-8b7a-d05930aff01c,PERKEBUNAN PALA (PENGHIBURAN),71030800020001,https://fasih-sm.bps.go.id/app/assignment-detail/a581e1cf-f703-412a-8b7a-d05930aff01c,01283
a581e1cf-f703-412a-8b7a-d05930aff01c,TATA RIAS (PENGHIBURAN),71030800020001,https://fasih-sm.bps.go.id/app/assignment-detail/a581e1cf-f703-412a-8b7a-d05930aff01c,96220
a6208d62-8b2e-4d1c-ab5c-29ffd8580b27,PERIKANAN TANGKAP (YERTER),71031000050002,https://fasih-sm.bps.go.id/app/assignment-detail/a6208d62-8b2e-4d1c-ab5c-29ffd8580b27,03110
a64cc210-9eca-4217-9302-e12da4d72fba,JUAL AMU GORENG (AGUSTINA) ,71030500060005,https://fasih-sm.bps.go.id/app/assignment-detail/a64cc210-9eca-4217-9302-e12da4d72fba,10792
a64cc210-9eca-4217-9302-e12da4d72fba,Kebun pala (agustina) ,71030500060005,https://fasih-sm.bps.go.id/app/assignment-detail/a64cc210-9eca-4217-9302-e12da4d72fba,101283
a691223c-0932-4a7e-ac30-28a569a406cc,PERIKANAN (MARTHIN SINADIA) ,71030800110001,https://fasih-sm.bps.go.id/app/assignment-detail/a691223c-0932-4a7e-ac30-28a569a406cc,203110
a69b4a8e-c950-435c-a3ad-cd59abdd4650,UTP PETERNAKAN (JULIUS KAPAI),71030400140003,https://fasih-sm.bps.go.id/app/assignment-detail/a69b4a8e-c950-435c-a3ad-cd59abdd4650,01463
a7566664-bbe6-4408-9d14-431b2369fe45,INDUSTRI PENGOLAHAN KOPRA (NADIN DURUMIAS) ,71031100030005,https://fasih-sm.bps.go.id/app/assignment-detail/a7566664-bbe6-4408-9d14-431b2369fe45,10421
a7a3ecab-44df-4020-8e45-1cdb54ccdd4f,USAHA PERKEBUNAN PALA (ALEX MAKAOMING),71030910080004,https://fasih-sm.bps.go.id/app/assignment-detail/a7a3ecab-44df-4020-8e45-1cdb54ccdd4f,201283
a7e7f167-3f8b-477b-a4c4-f8f0b1be3b12,Memanen buah kelapa (matrei moses),71030800150003,https://fasih-sm.bps.go.id/app/assignment-detail/a7e7f167-3f8b-477b-a4c4-f8f0b1be3b12,01261
a7e7f167-3f8b-477b-a4c4-f8f0b1be3b12,Pembuatan kopra (matrei Moses),71030800150003,https://fasih-sm.bps.go.id/app/assignment-detail/a7e7f167-3f8b-477b-a4c4-f8f0b1be3b12,10421
a99bcc0f-5677-4084-b944-08341bb7c2c5,NASI KUNING (MARZYELIA),71030900080003,https://fasih-sm.bps.go.id/app/assignment-detail/a99bcc0f-5677-4084-b944-08341bb7c2c5,156101
aa11aad5-f382-426b-8d65-1f38e46ad733,JUAL BENSIR ECERAN (SUBARMAN SIOKONA),71030400070001,https://fasih-sm.bps.go.id/app/assignment-detail/aa11aad5-f382-426b-8d65-1f38e46ad733,247302
aa1ccbd8-2b38-4196-9932-143dde61647e,PENANGKAPAN IKAN (MASHURI MABIANG) ,71031100030005,https://fasih-sm.bps.go.id/app/assignment-detail/aa1ccbd8-2b38-4196-9932-143dde61647e,103110
aa2936b9-a6d5-4288-af60-4cc81c33297b,PERKEBUNAN PALA ( MAIYANTI Y A KATELUANG ),71030400090002,https://fasih-sm.bps.go.id/app/assignment-detail/aa2936b9-a6d5-4288-af60-4cc81c33297b,01283
aa2936b9-a6d5-4288-af60-4cc81c33297b,IDUSTRI KOPRA ( MAIYANTI Y A KATELUANG ),71030400090002,https://fasih-sm.bps.go.id/app/assignment-detail/aa2936b9-a6d5-4288-af60-4cc81c33297b,10421
aa49fa75-781c-4ce2-92b0-0e8a4e4b25c5,USAHA INDUSTRI PENGOLAHAN KUE BASAH ,71030910070007,https://fasih-sm.bps.go.id/app/assignment-detail/aa49fa75-781c-4ce2-92b0-0e8a4e4b25c5,10792
aa49fa75-781c-4ce2-92b0-0e8a4e4b25c5,USAHA MENJUAL KUE BASAH,71030910070007,https://fasih-sm.bps.go.id/app/assignment-detail/aa49fa75-781c-4ce2-92b0-0e8a4e4b25c5,47242
aa9577b4-0468-491e-bc04-36395b3847e8,OJEK KELILING (YOS) ,71030500120004,https://fasih-sm.bps.go.id/app/assignment-detail/aa9577b4-0468-491e-bc04-36395b3847e8,249296
aaf04725-5653-4eb2-8f61-3ce86ac2695f,PETANI PALA GOPRIT MANGELEP,71030400170001,https://fasih-sm.bps.go.id/app/assignment-detail/aaf04725-5653-4eb2-8f61-3ce86ac2695f,01283
ab50f427-edac-4db3-b5e1-a5979875997e,TEMPAT PANGKAS RAMBUT ,71031000050002,https://fasih-sm.bps.go.id/app/assignment-detail/ab50f427-edac-4db3-b5e1-a5979875997e,96210
ab6111eb-8193-4746-b51f-dc89bc963447,WARUNG KLONTONG FEBRIANI,71031000200001,https://fasih-sm.bps.go.id/app/assignment-detail/ab6111eb-8193-4746-b51f-dc89bc963447,47111
abd70375-ebd3-4abb-bf5e-e3749423b26f,PERIKANAN TANGKAP(OKNIEL ALEXSANDRO MARE),71030800070003,https://fasih-sm.bps.go.id/app/assignment-detail/abd70375-ebd3-4abb-bf5e-e3749423b26f,03110
ad251641-9d57-4684-a162-77acd36e0d27,WARUNG SEMBAKO (OLDEN AMBAT),71030910070010,https://fasih-sm.bps.go.id/app/assignment-detail/ad251641-9d57-4684-a162-77acd36e0d27,47112
ae4c098e-d9cc-442e-bb30-00ca04ac8216,UTP TANAMAN PANGAN (NONTJE DAMALANG),71030800060004,https://fasih-sm.bps.go.id/app/assignment-detail/ae4c098e-d9cc-442e-bb30-00ca04ac8216,01135
ae4c098e-d9cc-442e-bb30-00ca04ac8216,UTP HORTIKULTURA (NONTJE DAMALANG),71030800060004,https://fasih-sm.bps.go.id/app/assignment-detail/ae4c098e-d9cc-442e-bb30-00ca04ac8216,01253
ae5bffa9-ee60-4950-b476-72b97430e24f,WARUNG SEMBAKO (AGUSTINA MAKAWIMBANG),71030800140001,https://fasih-sm.bps.go.id/app/assignment-detail/ae5bffa9-ee60-4950-b476-72b97430e24f,147112
aea0dca0-b157-4c1c-84d2-5ee706f7e9ec,USAHA ARANG BATOK KELAPA YUSCHRISTI STEDY TAMPANGOEMA,71031000120003,https://fasih-sm.bps.go.id/app/assignment-detail/aea0dca0-b157-4c1c-84d2-5ee706f7e9ec,20115
aefca6bd-6447-4d38-a700-0e149bcc2f9f,USAHA KUE BASAH(ENOSIA MALOMIS) ,71031000280003,https://fasih-sm.bps.go.id/app/assignment-detail/aefca6bd-6447-4d38-a700-0e149bcc2f9f,10792
af6f4766-dba0-42f5-aef5-f4bfaf484d5a,INDUSTRI PENGOLAHAN KOPRA ,71030600190002,https://fasih-sm.bps.go.id/app/assignment-detail/af6f4766-dba0-42f5-aef5-f4bfaf484d5a,110421
af6f4766-dba0-42f5-aef5-f4bfaf484d5a,PERIKANAN,71030600190002,https://fasih-sm.bps.go.id/app/assignment-detail/af6f4766-dba0-42f5-aef5-f4bfaf484d5a,103110
b1da004f-4f57-475b-9934-a67e30ce2f51,PERKEBUNAN PALA(KOLNODIUS SANDIL),71030500090002,https://fasih-sm.bps.go.id/app/assignment-detail/b1da004f-4f57-475b-9934-a67e30ce2f51,01283
b4bdf768-ed14-43c8-a7fd-55d6eeebc523,PRODUKSI ES BATU (MARCELUS CICERO NANI) ,71030800110001,https://fasih-sm.bps.go.id/app/assignment-detail/b4bdf768-ed14-43c8-a7fd-55d6eeebc523,35302
b4f43843-8168-4367-9d20-31aece9c5ce1,USAHA KUE BASAH (MEIDY),71030910040004,https://fasih-sm.bps.go.id/app/assignment-detail/b4f43843-8168-4367-9d20-31aece9c5ce1,10792
b5130507-1f82-47d9-b675-adb03ae98a38,TANAMAN PANGAN (RUTLI),71031000230002,https://fasih-sm.bps.go.id/app/assignment-detail/b5130507-1f82-47d9-b675-adb03ae98a38,01135
b5130507-1f82-47d9-b675-adb03ae98a38,TANAMAN HOLTIKULTURA (RUTLI),71031000230002,https://fasih-sm.bps.go.id/app/assignment-detail/b5130507-1f82-47d9-b675-adb03ae98a38,01138
b54a95fb-7531-4932-862a-a14fdaf9ba9f,INDUSTRI KOPRA (TOMTILER PIALAMBUNG) ,71031100020004,https://fasih-sm.bps.go.id/app/assignment-detail/b54a95fb-7531-4932-862a-a14fdaf9ba9f,10421
b5794c39-422f-49a8-aa97-f3981888a651,TANAMAN PANGAN,71030400120002,https://fasih-sm.bps.go.id/app/assignment-detail/b5794c39-422f-49a8-aa97-f3981888a651,01135
b618f147-3619-408d-87c3-596f3905fe04,INDUSTRI KOPRA (SEM),71031000140001,https://fasih-sm.bps.go.id/app/assignment-detail/b618f147-3619-408d-87c3-596f3905fe04,110421
b662041b-8e6b-4998-8e3a-104c0b1b14cd,JUAL BENSIN ECERAN (RIKLES RASUBALA),71031000020001,https://fasih-sm.bps.go.id/app/assignment-detail/b662041b-8e6b-4998-8e3a-104c0b1b14cd,47301
b662041b-8e6b-4998-8e3a-104c0b1b14cd,PETERNAKAN AYAM KAMPUNG (RIKLES RASUBALA),71031000020001,https://fasih-sm.bps.go.id/app/assignment-detail/b662041b-8e6b-4998-8e3a-104c0b1b14cd,01464
b81a059e-d6e8-4c55-9cc4-c96af3d67b29,PERKEBUNAN PALA (AKMEINTJE) ,71030500120002,https://fasih-sm.bps.go.id/app/assignment-detail/b81a059e-d6e8-4c55-9cc4-c96af3d67b29,101283
b8777b42-7b9a-46d5-af59-ffafd20d6625,USAHA PERIKANAN TANGKAP (YUSMAN HOROMAENG) ,71030800050003,https://fasih-sm.bps.go.id/app/assignment-detail/b8777b42-7b9a-46d5-af59-ffafd20d6625,03110
b9ace17a-d245-4def-8163-a37570928f87,TERNAK (ALAN WIDIA HARIMINGGU) ,71031100060003,https://fasih-sm.bps.go.id/app/assignment-detail/b9ace17a-d245-4def-8163-a37570928f87,01450
ba6853b6-59fa-4cf7-a3cf-79b13c23b1f1,KERIPIK PISANG (SUMIATI),71030900080003,https://fasih-sm.bps.go.id/app/assignment-detail/ba6853b6-59fa-4cf7-a3cf-79b13c23b1f1,210794
bb339ddd-c588-4205-8754-4c82f79339d6,INDUSTRI KOPRA (HAKIM) ,71031000030001,https://fasih-sm.bps.go.id/app/assignment-detail/bb339ddd-c588-4205-8754-4c82f79339d6,10421
bb339ddd-c588-4205-8754-4c82f79339d6,PETERNAKAN AYAM (HAKIM) ,71031000030001,https://fasih-sm.bps.go.id/app/assignment-detail/bb339ddd-c588-4205-8754-4c82f79339d6,01463
bb339ddd-c588-4205-8754-4c82f79339d6,INDUSTRI PENGOLAHAN SAGU (HAKIM) ,71031000030001,https://fasih-sm.bps.go.id/app/assignment-detail/bb339ddd-c588-4205-8754-4c82f79339d6,10622
bb8b206f-0f72-4c32-b96d-602041668d6d,USAHA KOPRA ROSMINA TATULUS,71031000080004,https://fasih-sm.bps.go.id/app/assignment-detail/bb8b206f-0f72-4c32-b96d-602041668d6d,10421
bc0f3f0b-24dd-4409-9734-61ce28822f9c,INDUSTRI KOPRA (ALFIAN MATIHO),71030600180002,https://fasih-sm.bps.go.id/app/assignment-detail/bc0f3f0b-24dd-4409-9734-61ce28822f9c,10421
bc0f3f0b-24dd-4409-9734-61ce28822f9c,UTP PERIKANAN (ALFIAN MATIHO),71030600180002,https://fasih-sm.bps.go.id/app/assignment-detail/bc0f3f0b-24dd-4409-9734-61ce28822f9c,03120
bc1a5309-79f7-4071-b799-080ec52004cf,UTP PERKEBUNAN (DJEMI MANOY),71030900130001,https://fasih-sm.bps.go.id/app/assignment-detail/bc1a5309-79f7-4071-b799-080ec52004cf,10421
be12913b-d133-4972-a2ae-29c3689b9b15,USAHA HORTIKULTURA (DWI YUDA),71031000120001,https://fasih-sm.bps.go.id/app/assignment-detail/be12913b-d133-4972-a2ae-29c3689b9b15,01220
c000d06c-0cf8-4cd8-a442-ec77581e9a6f,JASA PEMANEN ( DEMSIK),71031100050001,https://fasih-sm.bps.go.id/app/assignment-detail/c000d06c-0cf8-4cd8-a442-ec77581e9a6f,01613
c0953c64-ae26-42d1-98d1-ac0d600292a0,WARUNG SEMBAKO <KATRINA HORMAN>,71030700010003,https://fasih-sm.bps.go.id/app/assignment-detail/c0953c64-ae26-42d1-98d1-ac0d600292a0,47112
c0953c64-ae26-42d1-98d1-ac0d600292a0,KUE BASAH <KATRINA HORMAN>,71030700010003,https://fasih-sm.bps.go.id/app/assignment-detail/c0953c64-ae26-42d1-98d1-ac0d600292a0,10792
c0953c64-ae26-42d1-98d1-ac0d600292a0,UTP PERKEBUNAN CENGKIH <SUSMAN SARAGETI>,71030700010003,https://fasih-sm.bps.go.id/app/assignment-detail/c0953c64-ae26-42d1-98d1-ac0d600292a0,01282
c0953c64-ae26-42d1-98d1-ac0d600292a0,USAHA KOPRA <SUSMAN SARAGETI>,71030700010003,https://fasih-sm.bps.go.id/app/assignment-detail/c0953c64-ae26-42d1-98d1-ac0d600292a0,10421
c246f412-114a-4bfa-8b63-6dbab0c26aab,Gerobak dorong dipasar (Latif Ahmad) ,71030900110005,https://fasih-sm.bps.go.id/app/assignment-detail/c246f412-114a-4bfa-8b63-6dbab0c26aab,149233
c2bff3c3-5919-4bc4-8f09-9185b2f8b185,USAHA MENJAHIT (ADRIANA MELDY MUHALING),71030400050002,https://fasih-sm.bps.go.id/app/assignment-detail/c2bff3c3-5919-4bc4-8f09-9185b2f8b185,14120
c2fe71fe-29c0-46c9-813a-980fe97e8830,WARUNG AZONK,71030900120005,https://fasih-sm.bps.go.id/app/assignment-detail/c2fe71fe-29c0-46c9-813a-980fe97e8830,256102
c354caf7-e255-4e42-a77b-62542314c060,PANJAT KELAPA (AMING) ,71031000130003,https://fasih-sm.bps.go.id/app/assignment-detail/c354caf7-e255-4e42-a77b-62542314c060,01261
c354caf7-e255-4e42-a77b-62542314c060,USAHA HORTIKULTURA (AMING) ,71031000130003,https://fasih-sm.bps.go.id/app/assignment-detail/c354caf7-e255-4e42-a77b-62542314c060,01132
c3c55f66-c96a-4a98-9266-e0d20ea24b3c,"JUAL BUAH, SAYURAN, SAGU (CORNELIA TAAS)",71030900070011,https://fasih-sm.bps.go.id/app/assignment-detail/c3c55f66-c96a-4a98-9266-e0d20ea24b3c,247219
c442f993-a4b5-4a4e-812c-7714549d610d,KOS-KOSAN (YUNITA) ,71030410030001,https://fasih-sm.bps.go.id/app/assignment-detail/c442f993-a4b5-4a4e-812c-7714549d610d,55909
c745d3fc-d79d-44e1-8406-00cb2fe3866d,MEMBUAT CILOK (RAHMITA) ,71031100030004,https://fasih-sm.bps.go.id/app/assignment-detail/c745d3fc-d79d-44e1-8406-00cb2fe3866d,10799
c7e6e208-c227-4c54-b4eb-e4e7514e61fc,INDUSTRI KOPRA,71031000100002,https://fasih-sm.bps.go.id/app/assignment-detail/c7e6e208-c227-4c54-b4eb-e4e7514e61fc,110421
c7e84c53-9dbe-4ca0-8df9-a3738d62a4c4,USAHA TANAMAN PANGAN (HUT YUSAK NESA),71030500150002,https://fasih-sm.bps.go.id/app/assignment-detail/c7e84c53-9dbe-4ca0-8df9-a3738d62a4c4,101139
c927a6f8-1faf-4b79-8056-02039a204e19,JUALAN KUE (SELPI MANDAK),71031100060005,https://fasih-sm.bps.go.id/app/assignment-detail/c927a6f8-1faf-4b79-8056-02039a204e19,210792
c930264e-7991-41eb-be2e-7534d8748f65,PERKEBUNAN PALA (FERTIANUS MAKANAUNG),71030500120001,https://fasih-sm.bps.go.id/app/assignment-detail/c930264e-7991-41eb-be2e-7534d8748f65,101283
c930264e-7991-41eb-be2e-7534d8748f65,PERIKANAN TANGKAP (FERTIANUS MAKANAUNG),71030500120001,https://fasih-sm.bps.go.id/app/assignment-detail/c930264e-7991-41eb-be2e-7534d8748f65,103110
c95bab9b-cda1-4863-b51b-58761197e7b6,UTP TANAMAN PANGAN (SUTRISNO KARUNGGSALA),71031000270003,https://fasih-sm.bps.go.id/app/assignment-detail/c95bab9b-cda1-4863-b51b-58761197e7b6,01139
ca22cb9b-f8c8-4fd0-b6f0-575b35945e5f,JUAL BUAH (MARTHA DARUI),71030600140003,https://fasih-sm.bps.go.id/app/assignment-detail/ca22cb9b-f8c8-4fd0-b6f0-575b35945e5f,147212
ca25134f-baf2-4773-878a-538751479898,Memetik kelapa (Yohanes tempomona),71030800120003,https://fasih-sm.bps.go.id/app/assignment-detail/ca25134f-baf2-4773-878a-538751479898,01261
ca5417f8-1dbe-4b0f-a208-efb3351731e7,MENJUAL SAYURAN DAN REMPAH-REMPAH MERIJANA,71030920010004,https://fasih-sm.bps.go.id/app/assignment-detail/ca5417f8-1dbe-4b0f-a208-efb3351731e7,147213
cc339d03-7696-4742-a937-c2ca7091e547,UTP PERKEBUNAN (ALBERT SANDALA),71031000140002,https://fasih-sm.bps.go.id/app/assignment-detail/cc339d03-7696-4742-a937-c2ca7091e547,01261
cc339d03-7696-4742-a937-c2ca7091e547,INDUSTRI KOPRA,71031000140002,https://fasih-sm.bps.go.id/app/assignment-detail/cc339d03-7696-4742-a937-c2ca7091e547,10421
cdb4624d-d8dc-44bd-b96e-c68b91e637af,USAHA JASA ANGKUT BARANG (SANTO PANDENSOLANG),71030800080002,https://fasih-sm.bps.go.id/app/assignment-detail/cdb4624d-d8dc-44bd-b96e-c68b91e637af,49231
ce3e02f6-b4bf-440f-8093-85105fb4b8ef,MWNJUAL SAYUR (ALWIA BUKUNGSENGGO),71031000230003,https://fasih-sm.bps.go.id/app/assignment-detail/ce3e02f6-b4bf-440f-8093-85105fb4b8ef,147213
cea0a54b-ab8e-44c0-a926-c9800ca7315c,INDUSTRI KOPRA (MENONGSANGIANG GANDALANGI),71030800140003,https://fasih-sm.bps.go.id/app/assignment-detail/cea0a54b-ab8e-44c0-a926-c9800ca7315c,01261
cfbc8702-bfe9-4e3b-9a90-3ac8309befa2,PENGOLAHAN KOPRA (WEMPRIT LOHOR) ,71030600060001,https://fasih-sm.bps.go.id/app/assignment-detail/cfbc8702-bfe9-4e3b-9a90-3ac8309befa2,10421
cfbc8702-bfe9-4e3b-9a90-3ac8309befa2,UTP TANAMAN PANGAN (WEMPRIT LOHOR) ,71030600060001,https://fasih-sm.bps.go.id/app/assignment-detail/cfbc8702-bfe9-4e3b-9a90-3ac8309befa2,01139
d0960166-b3e1-4e2c-b907-e4eef2f42c3d,INDUSTRI PENGOLAHAN KOPRA (ANDRIANO KAMANISANG) ,71031100020003,https://fasih-sm.bps.go.id/app/assignment-detail/d0960166-b3e1-4e2c-b907-e4eef2f42c3d,10421
d14c9670-8e02-4c5e-afab-125da48b8059,KOPRA,71030700060001,https://fasih-sm.bps.go.id/app/assignment-detail/d14c9670-8e02-4c5e-afab-125da48b8059,110421
d216e512-3a73-446b-8078-01a72544fa53,JUAL BELI PALA (REINHARD KASESIDE),71030500070001,https://fasih-sm.bps.go.id/app/assignment-detail/d216e512-3a73-446b-8078-01a72544fa53,47219
d344abc7-2690-47e5-b35a-09ff15ff8742,PERKEBUNAN PALA ( ANDRI LEMENG ),71030400090001,https://fasih-sm.bps.go.id/app/assignment-detail/d344abc7-2690-47e5-b35a-09ff15ff8742,01283
d3e0e714-c0eb-4201-a770-458acb52d096,Perikanan tangkap (peliks),71030500080003,https://fasih-sm.bps.go.id/app/assignment-detail/d3e0e714-c0eb-4201-a770-458acb52d096,03110
d401ae60-5fc9-4630-8efd-e2f8ccc03fe6,PERTANIAN PALA (FRITS),71030500190001,https://fasih-sm.bps.go.id/app/assignment-detail/d401ae60-5fc9-4630-8efd-e2f8ccc03fe6,01283
d401ae60-5fc9-4630-8efd-e2f8ccc03fe6,PERTANIAN UBI KAYU (FRITS),71030500190001,https://fasih-sm.bps.go.id/app/assignment-detail/d401ae60-5fc9-4630-8efd-e2f8ccc03fe6,01135
d4c6497a-9b7e-42a2-8786-2dae8bf1a710,PERKEBUNAN KELAPA (NEIS),71030800010004,https://fasih-sm.bps.go.id/app/assignment-detail/d4c6497a-9b7e-42a2-8786-2dae8bf1a710,01261
d4c6497a-9b7e-42a2-8786-2dae8bf1a710,INDUSTRI PENGOLAHAN KOPRA (NEIS),71030800010004,https://fasih-sm.bps.go.id/app/assignment-detail/d4c6497a-9b7e-42a2-8786-2dae8bf1a710,10421
d563ebf8-9a4a-4521-9c46-e3d1b3c3e4d2,JUAL PULSA (MARIA) ,71031000210001,https://fasih-sm.bps.go.id/app/assignment-detail/d563ebf8-9a4a-4521-9c46-e3d1b3c3e4d2,35401
d5cff2b9-aad8-46ae-855b-54c534e132e9,PERKEBUNAN PALA (MANANSANG MANDIANGAN),71030500140002,https://fasih-sm.bps.go.id/app/assignment-detail/d5cff2b9-aad8-46ae-855b-54c534e132e9,01283
d5cff2b9-aad8-46ae-855b-54c534e132e9,INDUSTRI PENGOLAHAN KOPRA (MANANSANG MANDIANGAN),71030500140002,https://fasih-sm.bps.go.id/app/assignment-detail/d5cff2b9-aad8-46ae-855b-54c534e132e9,110421
d5d5b18b-57ad-43dd-aa9e-84df1f6828bd,WARUNG MAKAN (TIWI),71031000050002,https://fasih-sm.bps.go.id/app/assignment-detail/d5d5b18b-57ad-43dd-aa9e-84df1f6828bd,56101
d64fdf46-65bc-49b5-8bde-47ec5f14a6bc,PENAMBANG EMAS ( JUSAK SULUNGUNAUNG ),71030620030003,https://fasih-sm.bps.go.id/app/assignment-detail/d64fdf46-65bc-49b5-8bde-47ec5f14a6bc,07221
d67c5302-29ce-4ca9-a39b-bac3a44b5b75,PERKEBUNAN PALA,71030910020002,https://fasih-sm.bps.go.id/app/assignment-detail/d67c5302-29ce-4ca9-a39b-bac3a44b5b75,01283
d7b314e0-5207-4fb2-b7e7-cf4c7bc35f9c,USAHA ANGKUTAN PENUMPANG ,71030900080007,https://fasih-sm.bps.go.id/app/assignment-detail/d7b314e0-5207-4fb2-b7e7-cf4c7bc35f9c,49213
d7cc2a2c-231e-406a-bef8-deba79ef8287,WARUNG SEMBAKO (MAGDALENA MAKAGIANSAR),71030500110002,https://fasih-sm.bps.go.id/app/assignment-detail/d7cc2a2c-231e-406a-bef8-deba79ef8287,47112
d7d76552-73e1-4b44-8ffe-8308e9be70cc,SOPIR(RIZKI PALENDENG),71030910030007,https://fasih-sm.bps.go.id/app/assignment-detail/d7d76552-73e1-4b44-8ffe-8308e9be70cc,52211
d8398932-6ed2-4902-94c3-dfe6f60f4a53,PENGOLAHAN KOPRA <JULINTJE RALENDESANG>,71030700010001,https://fasih-sm.bps.go.id/app/assignment-detail/d8398932-6ed2-4902-94c3-dfe6f60f4a53,10421
d92b6f92-286c-45f8-aee0-9a454f47cb65,MEMETIK PALA(DEBORA GERENSIANG),71030800120003,https://fasih-sm.bps.go.id/app/assignment-detail/d92b6f92-286c-45f8-aee0-9a454f47cb65,01283
dbd5c0f2-b73d-48ed-ba63-53f980410f0a,INDUSTRI KOPRA PRETS,71030410030001,https://fasih-sm.bps.go.id/app/assignment-detail/dbd5c0f2-b73d-48ed-ba63-53f980410f0a,10421
dbe0df3a-4bca-4f6e-9479-d75c5096e85f,PERKEBUNAN PALA (ALDI),71030800010003,https://fasih-sm.bps.go.id/app/assignment-detail/dbe0df3a-4bca-4f6e-9479-d75c5096e85f,01283
dc0bf163-266d-46a5-a764-e437b3d7f2fa,JASA ANGKUTAN MOBIL (DINRIS HARINDAH) ,71030700130001,https://fasih-sm.bps.go.id/app/assignment-detail/dc0bf163-266d-46a5-a764-e437b3d7f2fa,249293
dc8e1088-68c4-4c74-ae45-111d77e765d1,PERDAGANGAN IKAN,71031020010002,https://fasih-sm.bps.go.id/app/assignment-detail/dc8e1088-68c4-4c74-ae45-111d77e765d1,47215
dcb949b1-e014-4667-9184-12b1272e5358,PERIKANAN TANGKAP (ANZELMUS A BUDIMAN),71030800070003,https://fasih-sm.bps.go.id/app/assignment-detail/dcb949b1-e014-4667-9184-12b1272e5358,03110
df97d55d-f787-45b2-9de6-d3fb113e78a5,MENJUAL MAKANAN MASAK,71030400110008,https://fasih-sm.bps.go.id/app/assignment-detail/df97d55d-f787-45b2-9de6-d3fb113e78a5,256101
dfcfaf35-d5c0-417a-b4eb-861cb14c08b5,TANAMAN PANGAN (LUAS TUALING),71030500140003,https://fasih-sm.bps.go.id/app/assignment-detail/dfcfaf35-d5c0-417a-b4eb-861cb14c08b5,01139
e00844eb-276e-429c-9f7b-2ad9449a04f3,USAHA SEMBAKO (JULTJE RAKILAO),71030800150003,https://fasih-sm.bps.go.id/app/assignment-detail/e00844eb-276e-429c-9f7b-2ad9449a04f3,47112
e00844eb-276e-429c-9f7b-2ad9449a04f3,JUAL PULSA LISTRIK (MONICA LUMONDO),71030800150003,https://fasih-sm.bps.go.id/app/assignment-detail/e00844eb-276e-429c-9f7b-2ad9449a04f3,35401
e00844eb-276e-429c-9f7b-2ad9449a04f3,Perkebunan ,71030800150003,https://fasih-sm.bps.go.id/app/assignment-detail/e00844eb-276e-429c-9f7b-2ad9449a04f3,01283
e00844eb-276e-429c-9f7b-2ad9449a04f3,Kopra,71030800150003,https://fasih-sm.bps.go.id/app/assignment-detail/e00844eb-276e-429c-9f7b-2ad9449a04f3,10421
e05c6a6d-6b16-4396-bc4d-949e4159b421,JUAL DAGING AYAM (FARIDA SULASTRI TATENGKENG),71031000030002,https://fasih-sm.bps.go.id/app/assignment-detail/e05c6a6d-6b16-4396-bc4d-949e4159b421,147214
e0a96317-9a6e-4e08-9bc8-a50062d5e088,INDUSTRI PENGOLAHAN KOPRA (AYUB),71030800010002,https://fasih-sm.bps.go.id/app/assignment-detail/e0a96317-9a6e-4e08-9bc8-a50062d5e088,10421
e12fba13-aeff-4d35-b308-c2b06a681d2f,SEWA PANJAT KELAPA (ABDUL RAIS MAHADIN),71031000130002,https://fasih-sm.bps.go.id/app/assignment-detail/e12fba13-aeff-4d35-b308-c2b06a681d2f,01619
e13c06ce-c81e-462b-bf3e-db724d874b9d,USAHA JUALAN ALAT PANCING SARCE KAHUMBAHU ,71031000120003,https://fasih-sm.bps.go.id/app/assignment-detail/e13c06ce-c81e-462b-bf3e-db724d874b9d,47620
e15770d5-47bf-43d1-9fbe-0bf8491b9778,KIOS KLONTONG (NOVITA),71031000250001,https://fasih-sm.bps.go.id/app/assignment-detail/e15770d5-47bf-43d1-9fbe-0bf8491b9778,47112
e1e0a6be-a5e9-4ab4-b1fd-cd2beaaf2c0b,JUAL GADO-GADO ( PARNO ),71030900140005,https://fasih-sm.bps.go.id/app/assignment-detail/e1e0a6be-a5e9-4ab4-b1fd-cd2beaaf2c0b,147112
e2bda109-d67e-4e0a-888a-ecdb06805550,UTP TANAMAN PANGAN (PORNIKA),71030620060002,https://fasih-sm.bps.go.id/app/assignment-detail/e2bda109-d67e-4e0a-888a-ecdb06805550,01139
e3561f64-ef7c-4c31-a0cd-89322d6d840b,UTP PERIKANAN,71030610030002,https://fasih-sm.bps.go.id/app/assignment-detail/e3561f64-ef7c-4c31-a0cd-89322d6d840b,03110
e411eafb-e8b4-49f6-865a-cf2f22eaf7e2,UTP PERKEBUNAN PALA ( HORMAN),71031100020002,https://fasih-sm.bps.go.id/app/assignment-detail/e411eafb-e8b4-49f6-865a-cf2f22eaf7e2,101283
e53a2aba-7cc1-41d8-a6d0-098e7e93b188,PENGOLAHAN KOPRA,71030600100001,https://fasih-sm.bps.go.id/app/assignment-detail/e53a2aba-7cc1-41d8-a6d0-098e7e93b188,10421
e6184b54-cb65-49ed-90b2-0926eb1617d5,UTP PERKEBUNAN (ALDUS BASAR) ,71030700090002,https://fasih-sm.bps.go.id/app/assignment-detail/e6184b54-cb65-49ed-90b2-0926eb1617d5,101261
e65334d9-fbef-4722-91e0-820914c7c43f,MEMBUAT KUE BASAH(RUSMIATI AWUMBAS),71030910030010,https://fasih-sm.bps.go.id/app/assignment-detail/e65334d9-fbef-4722-91e0-820914c7c43f,210792
e65334d9-fbef-4722-91e0-820914c7c43f,penjual kue basah(Rusmiati awumbas),71030910030010,https://fasih-sm.bps.go.id/app/assignment-detail/e65334d9-fbef-4722-91e0-820914c7c43f,147249
e68b8152-a572-4442-8f3a-7a0fa672b81f,BENSIN ECERAN(KATRINTJE MATHEOS),71030700020002,https://fasih-sm.bps.go.id/app/assignment-detail/e68b8152-a572-4442-8f3a-7a0fa672b81f,47302
e7fa714e-007b-4a52-8594-e0424537e875,USAHA MENJAHIT (YULIRCE LALENOH),71030910050007,https://fasih-sm.bps.go.id/app/assignment-detail/e7fa714e-007b-4a52-8594-e0424537e875,14120
e7fa714e-007b-4a52-8594-e0424537e875,USAHA PISANG GORENG (YULIRCE LALENOH),71030910050007,https://fasih-sm.bps.go.id/app/assignment-detail/e7fa714e-007b-4a52-8594-e0424537e875,56101
e869f933-d6c7-4781-9604-a151a6ca6f54,INDUSTRI KOPRA (YOUHENRIK PATUWO),71030600160003,https://fasih-sm.bps.go.id/app/assignment-detail/e869f933-d6c7-4781-9604-a151a6ca6f54,10421
e8c9b701-1d6f-42cf-ba79-0ce3bf2b034d,WARUNG SEMBAKO (SURIANI TARIMAKASE),71031000250001,https://fasih-sm.bps.go.id/app/assignment-detail/e8c9b701-1d6f-42cf-ba79-0ce3bf2b034d,47112
e986401d-9245-47e8-96dd-522d47f85782,JASA PENGGERGAJIAN KAYU GELONDONGAN (LERIHON),71030500040004,https://fasih-sm.bps.go.id/app/assignment-detail/e986401d-9245-47e8-96dd-522d47f85782,116101
ea1567e1-b479-45fb-908e-43f12ec0e5bf,INDUSTRI KOPRA (RODIA HALOR),71030700100002,https://fasih-sm.bps.go.id/app/assignment-detail/ea1567e1-b479-45fb-908e-43f12ec0e5bf,10421
ea5e0de2-1b05-4ed8-b9f0-13cdc402c32e,UTP PERIKANAN ,71030610050003,https://fasih-sm.bps.go.id/app/assignment-detail/ea5e0de2-1b05-4ed8-b9f0-13cdc402c32e,03110
ea7faea1-48d2-4f2a-a4ba-76eb4bbe6e8a,INDUSTRI PENGOLAHAN KOPRA (SAMUEL MAKALIKIS),71030600150003,https://fasih-sm.bps.go.id/app/assignment-detail/ea7faea1-48d2-4f2a-a4ba-76eb4bbe6e8a,10421
ea7faea1-48d2-4f2a-a4ba-76eb4bbe6e8a,PERKEBUNAN (SAMUEL MAKALIKIS),71030600150003,https://fasih-sm.bps.go.id/app/assignment-detail/ea7faea1-48d2-4f2a-a4ba-76eb4bbe6e8a,01261
eac7ed39-ec6e-4a20-bf5d-f8669b725924,PERIKANAN (JUFRI),71030500020003,https://fasih-sm.bps.go.id/app/assignment-detail/eac7ed39-ec6e-4a20-bf5d-f8669b725924,103110
eaee61ff-0acd-4855-b8ca-3780ef43ef41,PERIKANAN TANGKAP,71031020020002,https://fasih-sm.bps.go.id/app/assignment-detail/eaee61ff-0acd-4855-b8ca-3780ef43ef41,03110
eaee61ff-0acd-4855-b8ca-3780ef43ef41,PERDAGANGAN IKAN,71031020020002,https://fasih-sm.bps.go.id/app/assignment-detail/eaee61ff-0acd-4855-b8ca-3780ef43ef41,47215
ebcc9523-9505-46f5-8c36-39c965e4280b,INDUSTRI PENGOLAHAN KOPRA (YULINA),71030920060002,https://fasih-sm.bps.go.id/app/assignment-detail/ebcc9523-9505-46f5-8c36-39c965e4280b,10421
ed1f71b1-a5b1-45a2-8d98-3810ae2497eb,INDUSTRI KOPRA (JOSOPINA ) ,71030500060004,https://fasih-sm.bps.go.id/app/assignment-detail/ed1f71b1-a5b1-45a2-8d98-3810ae2497eb,110421
ed1f71b1-a5b1-45a2-8d98-3810ae2497eb,Kebun Pala (Josopina) ,71030500060004,https://fasih-sm.bps.go.id/app/assignment-detail/ed1f71b1-a5b1-45a2-8d98-3810ae2497eb,101283
eda45fcf-042f-4a5c-87e3-6d68019a26fb,USAHA PERKEBUNAN PALA (MAXWELL LENDEHIANG) ,71030800050003,https://fasih-sm.bps.go.id/app/assignment-detail/eda45fcf-042f-4a5c-87e3-6d68019a26fb,01283
edd87ed4-56b0-4484-9b6a-616a910a68da,PERIKANAN (ANANIAS),71030500020002,https://fasih-sm.bps.go.id/app/assignment-detail/edd87ed4-56b0-4484-9b6a-616a910a68da,103110
efb3aecf-9409-40f3-9c65-9b184ad054f5,USAHA PERIKANAN TANGKAP (SAMUEL),71030910060002,https://fasih-sm.bps.go.id/app/assignment-detail/efb3aecf-9409-40f3-9c65-9b184ad054f5,47215
efb3aecf-9409-40f3-9c65-9b184ad054f5,Menjual Ikan Keliling (Yurina),71030910060002,https://fasih-sm.bps.go.id/app/assignment-detail/efb3aecf-9409-40f3-9c65-9b184ad054f5,47215
efed32ff-1f25-47cf-8c6b-e94cbcb1c49b,USAHA PERKEBUNAN KELAPA ANDERSON LUNGKANG,71030910010003,https://fasih-sm.bps.go.id/app/assignment-detail/efed32ff-1f25-47cf-8c6b-e94cbcb1c49b,01261
efed32ff-1f25-47cf-8c6b-e94cbcb1c49b,USAHA INDUSTRI PENGOLAHA KOPRA ANDERSON LUNGKANG,71030910010003,https://fasih-sm.bps.go.id/app/assignment-detail/efed32ff-1f25-47cf-8c6b-e94cbcb1c49b,01261
efed32ff-1f25-47cf-8c6b-e94cbcb1c49b,USAHA PERIKAN LAUT ANDERSON LUNGKANG,71030910010003,https://fasih-sm.bps.go.id/app/assignment-detail/efed32ff-1f25-47cf-8c6b-e94cbcb1c49b,03110
f1675f86-0b93-4998-8f8e-d2c23e92d86b,PERKEBUNAN PALA (ARIEL MANGEMBULUDE ),71030800030004,https://fasih-sm.bps.go.id/app/assignment-detail/f1675f86-0b93-4998-8f8e-d2c23e92d86b,01283
f1675f86-0b93-4998-8f8e-d2c23e92d86b,PERKEBUNAN KELAPA (ARIEL MANGEMBULUDE),71030800030004,https://fasih-sm.bps.go.id/app/assignment-detail/f1675f86-0b93-4998-8f8e-d2c23e92d86b,01261
f1675f86-0b93-4998-8f8e-d2c23e92d86b,PENGOLAHAN KOPRA(ARIEL MANGEMBULUDE),71030800030004,https://fasih-sm.bps.go.id/app/assignment-detail/f1675f86-0b93-4998-8f8e-d2c23e92d86b,10421
f1675f86-0b93-4998-8f8e-d2c23e92d86b,PERTANIAN UBI JALAR(ARIEL MANGEMBULUDE),71030800030004,https://fasih-sm.bps.go.id/app/assignment-detail/f1675f86-0b93-4998-8f8e-d2c23e92d86b,01139
f20d5766-3925-49b5-8037-80f911b261a6,INDUSTRI KOPRA (HAJIBAL),71031000090004,https://fasih-sm.bps.go.id/app/assignment-detail/f20d5766-3925-49b5-8037-80f911b261a6,10421
f20d5766-3925-49b5-8037-80f911b261a6,HOLTIKULTURA (CICIANTI),71031000090004,https://fasih-sm.bps.go.id/app/assignment-detail/f20d5766-3925-49b5-8037-80f911b261a6,10421
f236b4a8-17a4-4e01-884e-77459a7dfbb0,PERIKANAN (JUMADI),71031010040004,https://fasih-sm.bps.go.id/app/assignment-detail/f236b4a8-17a4-4e01-884e-77459a7dfbb0,03110
f25e0a08-530c-4a4a-902d-3ce8cbfeaaa3,USAHA PENGGALIAN PASIR JAINA ANTAHARI ,71031000260002,https://fasih-sm.bps.go.id/app/assignment-detail/f25e0a08-530c-4a4a-902d-3ce8cbfeaaa3,08104
f3c24526-e388-486f-949a-2e20279a309d,INDUSTRI KOPRA (FERY),71031000100002,https://fasih-sm.bps.go.id/app/assignment-detail/f3c24526-e388-486f-949a-2e20279a309d,110421
f3c3f15f-bf4a-466d-9c79-0b5b7c1d8227,USAHA PERKEBUNAN KELAPA ( NELSON BUDIMAN) ,71030800080003,https://fasih-sm.bps.go.id/app/assignment-detail/f3c3f15f-bf4a-466d-9c79-0b5b7c1d8227,01261
f49d22af-83cd-47d4-8e3c-933f5628cf83,PERKEBUNAN (MEYKEL LAHEKADE),71030500130004,https://fasih-sm.bps.go.id/app/assignment-detail/f49d22af-83cd-47d4-8e3c-933f5628cf83,01283
f59bd26b-d298-4893-8f0b-4a9e670d638b,PERIKANAN (BENG),71030500020002,https://fasih-sm.bps.go.id/app/assignment-detail/f59bd26b-d298-4893-8f0b-4a9e670d638b,103110
f6e36e7b-37bb-4e3f-bf2b-e4aeeebfe55b,INDUSTRI PENGOLAHAN KOPRA (SONY TUMBALE),71030410030003,https://fasih-sm.bps.go.id/app/assignment-detail/f6e36e7b-37bb-4e3f-bf2b-e4aeeebfe55b,10421
f818eeab-dc47-40a0-bebb-7b453996d2e5,USAHA PERTERNAKAN MARKUS ODAMENG,71030700080002,https://fasih-sm.bps.go.id/app/assignment-detail/f818eeab-dc47-40a0-bebb-7b453996d2e5,101450
f82f771d-19da-4523-a5b4-cd7c9ee2cfb7,UTP PERIKANAN (WILMAR HOROHIUNG),71030800080001,https://fasih-sm.bps.go.id/app/assignment-detail/f82f771d-19da-4523-a5b4-cd7c9ee2cfb7,03110
f95a984e-2f6a-4514-a5f7-587ceb0b5629,PERRANIAN (FERNICE),71030500020002,https://fasih-sm.bps.go.id/app/assignment-detail/f95a984e-2f6a-4514-a5f7-587ceb0b5629,101139
f9afa5b8-0e7f-467d-9026-97af3eaff2eb,PERIKANAN (GOLFRIET MANOPPO),71030600150003,https://fasih-sm.bps.go.id/app/assignment-detail/f9afa5b8-0e7f-467d-9026-97af3eaff2eb,03110
f9ff6a60-d977-48d2-8b2a-b1aed5a69902,PETANI PALA <FRANS MENGELEP>,71030400170001,https://fasih-sm.bps.go.id/app/assignment-detail/f9ff6a60-d977-48d2-8b2a-b1aed5a69902,01283
fa0fa730-77e4-4def-9f7f-df414e9640be,UBI KAYU BRADIMAN ,71031000090002,https://fasih-sm.bps.go.id/app/assignment-detail/fa0fa730-77e4-4def-9f7f-df414e9640be,01135
fa0fa730-77e4-4def-9f7f-df414e9640be,TANAMAN PANGAN <BRADIMAN>,71031000090002,https://fasih-sm.bps.go.id/app/assignment-detail/fa0fa730-77e4-4def-9f7f-df414e9640be,01135
fb16bd1a-806c-4ccd-bd29-d53f49fc63ba,JUAL IKAN SORSIN MATULENDE,71030600140003,https://fasih-sm.bps.go.id/app/assignment-detail/fb16bd1a-806c-4ccd-bd29-d53f49fc63ba,47215
fc9d5dce-52c7-4d0d-af72-0db78f805b67,USAHA PERKEBUNAN ( FIRON MAMUKO),71030920030004,https://fasih-sm.bps.go.id/app/assignment-detail/fc9d5dce-52c7-4d0d-af72-0db78f805b67,01283
fc9d5dce-52c7-4d0d-af72-0db78f805b67,USAHA JUAL ES MAMBO( KATRINA MAKAWIMBANG),71030920030004,https://fasih-sm.bps.go.id/app/assignment-detail/fc9d5dce-52c7-4d0d-af72-0db78f805b67,10504
fc9d5dce-52c7-4d0d-af72-0db78f805b67,INDUSTRI KOPRA( FIRON MAMUKO),71030920030004,https://fasih-sm.bps.go.id/app/assignment-detail/fc9d5dce-52c7-4d0d-af72-0db78f805b67,10421
fc9d5dce-52c7-4d0d-af72-0db78f805b67,USAHA PERKEBUANN( FIRON MAMUKO),71030920030004,https://fasih-sm.bps.go.id/app/assignment-detail/fc9d5dce-52c7-4d0d-af72-0db78f805b67,01261
fc9d5dce-52c7-4d0d-af72-0db78f805b67,USAHA AGEN ( KATRINA MAKAWIMBANG),71030920030004,https://fasih-sm.bps.go.id/app/assignment-detail/fc9d5dce-52c7-4d0d-af72-0db78f805b67,66141
fcc41270-6da4-4dde-9b86-41bb214ce970,JASA NAIK KELAPA,71030920060007,https://fasih-sm.bps.go.id/app/assignment-detail/fcc41270-6da4-4dde-9b86-41bb214ce970,01613
fd384aea-418a-492f-9e86-3f7538d17e47,INDUSTRI KOPRA MILIK JUNAEDI MANGEMPAUS ,71031000110005,https://fasih-sm.bps.go.id/app/assignment-detail/fd384aea-418a-492f-9e86-3f7538d17e47,10421
fd5ea67d-4d34-4d11-82bd-1600b8526f3c,MENJUAL KUE BASAH (YUSRIYATI PONTOH),71030910030004,https://fasih-sm.bps.go.id/app/assignment-detail/fd5ea67d-4d34-4d11-82bd-1600b8526f3c,47242
