assignment_id,SLS,nama_usaha_bang,jenis_prelist,ada_bang_usaha_label,link_fasih
0370b6ca-6331-47a8-9e9b-ec9f5392e9a5,71030500060002,SD GMIST BETHEL DAGHO (NONA HARTINA SJURIA ROMPIS) ,UMKM,0. Tidak Ditemukan,https://fasih-sm.bps.go.id/app/assignment-detail/0370b6ca-6331-47a8-9e9b-ec9f5392e9a5
068dd347-6d61-4ed7-a7e2-9420bf6bbcf3,71030900120010,CLERIZA MAKAWAEHE,OSS Perorangan,0. Tidak Ditemukan,https://fasih-sm.bps.go.id/app/assignment-detail/068dd347-6d61-4ed7-a7e2-9420bf6bbcf3
0cbc9178-d59e-49b8-8728-6e4f2cc10871,71030600150003,WARUNG SEMBAKO (RENI EFLIN TAMPATONDA),UMKM,0. Tidak Ditemukan,https://fasih-sm.bps.go.id/app/assignment-detail/0cbc9178-d59e-49b8-8728-6e4f2cc10871
109b2125-ae27-4f47-9344-b73ec9481681,71030910040003,KIOS MEGI (VEIBE GONI),UMKM,0. Tidak Ditemukan,https://fasih-sm.bps.go.id/app/assignment-detail/109b2125-ae27-4f47-9344-b73ec9481681
17f087b7-7448-434f-a7d8-1a97dfac1121,71030620010006,USAHA BENGKEL MOTOR IRVAN,UMKM,0. Tidak Ditemukan,https://fasih-sm.bps.go.id/app/assignment-detail/17f087b7-7448-434f-a7d8-1a97dfac1121
364464b2-b5b6-48e1-bc9c-bc277f85c4a6,71031000050002,TOKO STENLY TANDRIS),UMKM,0. Tidak Ditemukan,https://fasih-sm.bps.go.id/app/assignment-detail/364464b2-b5b6-48e1-bc9c-bc277f85c4a6
4340d7f5-1078-40bd-b27f-57536fbe83e2,71030900100003,,UMKM,0. Tidak Ditemukan,https://fasih-sm.bps.go.id/app/assignment-detail/4340d7f5-1078-40bd-b27f-57536fbe83e2
44bb5bab-1ff8-445b-85a9-21992360d3aa,71031000090003,PENJUAL PULSA LISTRIK DAN HP (HENRA),UMKM,0. Tidak Ditemukan,https://fasih-sm.bps.go.id/app/assignment-detail/44bb5bab-1ff8-445b-85a9-21992360d3aa
5fc13f44-90bf-4b80-ae9c-cba86ac4e69b,71030620010006,TAMBANG RAKYAT (JHON),UMKM,0. Tidak Ditemukan,https://fasih-sm.bps.go.id/app/assignment-detail/5fc13f44-90bf-4b80-ae9c-cba86ac4e69b
66789f8f-4ac2-4ef9-a1bd-08189988f7a3,71031000280001,PARA PARA KOPRA SAMPING RUMAH JANABU MAKITULUNG,bangunan_lain,0. Tidak Ditemukan,https://fasih-sm.bps.go.id/app/assignment-detail/66789f8f-4ac2-4ef9-a1bd-08189988f7a3
74f6d2d8-1e68-43e2-8ba4-302ad81950a7,71030910080002,MEGARIA LINK (APRILIO PASCABRATA MUSA),UMKM,0. Tidak Ditemukan,https://fasih-sm.bps.go.id/app/assignment-detail/74f6d2d8-1e68-43e2-8ba4-302ad81950a7
81e688ac-9eac-43f8-9e56-c653cf51ba0d,71030500110001,PEDAGANG ECERAN SAYUR-SAYURAN DAN BUAH-BUAHAN (NAHSYIUN ONTO ),UMKM,0. Tidak Ditemukan,https://fasih-sm.bps.go.id/app/assignment-detail/81e688ac-9eac-43f8-9e56-c653cf51ba0d
8517013b-66d8-4d09-a6f5-55e1e73f3ae0,71030600090002,USAHA JUAL BENSIN PERTALITE (MARTHA TAKAHEGESANG) ,UMKM,0. Tidak Ditemukan,https://fasih-sm.bps.go.id/app/assignment-detail/8517013b-66d8-4d09-a6f5-55e1e73f3ae0
9bc008ca-d377-4268-bd3f-f7c6e110e010,71030400120004,INDUSTRI KOPRA (AGUSTINUS MAKAPATO),UMKM,0. Tidak Ditemukan,https://fasih-sm.bps.go.id/app/assignment-detail/9bc008ca-d377-4268-bd3f-f7c6e110e010
9c6883ce-bfc7-4042-bc12-ed4c79a8f51a,71030400120001,JUAL PULSA (ALMINTJE),UMKM,0. Tidak Ditemukan,https://fasih-sm.bps.go.id/app/assignment-detail/9c6883ce-bfc7-4042-bc12-ed4c79a8f51a
b33a3a7e-a29d-4fb3-bc3d-7a8fb6610b86,71030900120007,SELVIE FILKE TUMBEL,OSS Perorangan,0. Tidak Ditemukan,https://fasih-sm.bps.go.id/app/assignment-detail/b33a3a7e-a29d-4fb3-bc3d-7a8fb6610b86
b4587433-a158-4ffc-a303-74f79ae44108,71031000060004,JUAL IKAN (JAMILA UDINGAN) ,UMKM,0. Tidak Ditemukan,https://fasih-sm.bps.go.id/app/assignment-detail/b4587433-a158-4ffc-a303-74f79ae44108
bcbb6834-4094-466d-8ec2-b72ed65eb4e6,71030910050007,WARUNG SEMBAKO (SYANE),UMKM,0. Tidak Ditemukan,https://fasih-sm.bps.go.id/app/assignment-detail/bcbb6834-4094-466d-8ec2-b72ed65eb4e6
c42c1784-3e8f-4f0c-ae32-af39023a4079,71030900080007,WARUNG SEMBAKO CHORNELIA PARAENG,UMKM,0. Tidak Ditemukan,https://fasih-sm.bps.go.id/app/assignment-detail/c42c1784-3e8f-4f0c-ae32-af39023a4079
c9d94846-8236-4d18-b323-9d9c2baa6a2e,71030900130003,MAKANAN RANTANG MA MEIKE ,UMKM,0. Tidak Ditemukan,https://fasih-sm.bps.go.id/app/assignment-detail/c9d94846-8236-4d18-b323-9d9c2baa6a2e
c9ff2465-2144-449c-a476-7c9f2682d734,71030910010002,PENDIDIKAN KRISTEN SEKOLAH DASAR GMIST NASARETH LESA,UMKM,0. Tidak Ditemukan,https://fasih-sm.bps.go.id/app/assignment-detail/c9ff2465-2144-449c-a476-7c9f2682d734
ca257300-9962-4d8f-bfcb-84757045cec5,71030500060002,LOS PASAR KUE (PEBRUARINCE RAKINAUNG) ,UMKM,0. Tidak Ditemukan,https://fasih-sm.bps.go.id/app/assignment-detail/ca257300-9962-4d8f-bfcb-84757045cec5
d4fd8e12-0b10-4110-80c0-337ded57a3a9,71031100081001,,UMKM,0. Tidak Ditemukan,https://fasih-sm.bps.go.id/app/assignment-detail/d4fd8e12-0b10-4110-80c0-337ded57a3a9
d7583434-c239-4883-8d80-6164624c5987,71031000210003,BENSIN (MUSTAFA MANGAMBA),UMKM,0. Tidak Ditemukan,https://fasih-sm.bps.go.id/app/assignment-detail/d7583434-c239-4883-8d80-6164624c5987
f5ebe04d-7329-442b-912d-d8e65b7d5a80,71030500180002,MCK UMUM,bangunan_lain,0. Tidak Ditemukan,https://fasih-sm.bps.go.id/app/assignment-detail/f5ebe04d-7329-442b-912d-d8e65b7d5a80
1f651a2c-1440-42a0-9172-261ba6e33827,71031000030004,RUMAH MAKAN HATTARUA (NARIBA PASALIA),UMKM,0. Tidak Ditemukan,https://fasih-sm.bps.go.id/app/assignment-detail/1f651a2c-1440-42a0-9172-261ba6e33827
201b0da1-8d60-44ab-9458-39dbadc3350c,71030800090003,KOPRA (AGUSTAF AGAMA),UMKM,0. Tidak Ditemukan,https://fasih-sm.bps.go.id/app/assignment-detail/201b0da1-8d60-44ab-9458-39dbadc3350c
52f974d6-824c-4ed8-9ad5-c12947d89ef4,71031000090001,KOPERASI SIMPAN PINJAM (SEMUEL TATUWO),UMKM,0. Tidak Ditemukan,https://fasih-sm.bps.go.id/app/assignment-detail/52f974d6-824c-4ed8-9ad5-c12947d89ef4
55664495-fbcb-4a08-944c-5d68fb91269e,71030400130001,PERDAGANGAN ECERAN PERALATAN RUMAH TANGGA (RUKANI) ,UMKM,0. Tidak Ditemukan,https://fasih-sm.bps.go.id/app/assignment-detail/55664495-fbcb-4a08-944c-5d68fb91269e
656eefd8-e926-41cb-8ce3-86f51af1cf78,71030910040007,WILSON (KAOS KAKI) (WILSON HORMATI) ,UMKM,0. Tidak Ditemukan,https://fasih-sm.bps.go.id/app/assignment-detail/656eefd8-e926-41cb-8ce3-86f51af1cf78
7308dd35-22c8-478c-b426-2eb94aaa3547,71031000240002,INDUSTRI KOPRA (KASMAT) ,UMKM,0. Tidak Ditemukan,https://fasih-sm.bps.go.id/app/assignment-detail/7308dd35-22c8-478c-b426-2eb94aaa3547
7494b072-4cd3-4619-84cb-d944214efb1b,71030910040008,KEDAI MA ITA ( SRI SUMINY TAUMOLOBA) ,UMKM,0. Tidak Ditemukan,https://fasih-sm.bps.go.id/app/assignment-detail/7494b072-4cd3-4619-84cb-d944214efb1b
93721f58-72fd-4e8c-a4c1-07ba7ea91970,71030800180001,PENGOLAHAN KOPRA (MARIA SALIMAHATI),UMKM,0. Tidak Ditemukan,https://fasih-sm.bps.go.id/app/assignment-detail/93721f58-72fd-4e8c-a4c1-07ba7ea91970
9472e8b5-0523-4d41-a5de-12cd5e595491,71030400110008,TPK MATULENDE,UMKM,0. Tidak Ditemukan,https://fasih-sm.bps.go.id/app/assignment-detail/9472e8b5-0523-4d41-a5de-12cd5e595491
a4dd7c11-bb07-466a-903e-9c2c7a63bcbd,71030910040007,CAFE CARLOTA (REICHAL JIMMY KELVYN KASE) ,UMKM,0. Tidak Ditemukan,https://fasih-sm.bps.go.id/app/assignment-detail/a4dd7c11-bb07-466a-903e-9c2c7a63bcbd
b071c61f-941f-4340-bb0b-b6c4b0213b02,71030900100006,KANTIN MAKANAN (BEATRIX ULI),UMKM,0. Tidak Ditemukan,https://fasih-sm.bps.go.id/app/assignment-detail/b071c61f-941f-4340-bb0b-b6c4b0213b02
da6cd27a-78c3-43be-a0db-effd72139a76,71031000230003,WARUNG MAKAN (HARTINI),UMKM,0. Tidak Ditemukan,https://fasih-sm.bps.go.id/app/assignment-detail/da6cd27a-78c3-43be-a0db-effd72139a76
e09a2201-3738-4183-9765-ce4e100913de,71030800020004,YAYASAN TK SYALOM PANDEROHOKANG (CILVIA LAHOSE),UMKM,0. Tidak Ditemukan,https://fasih-sm.bps.go.id/app/assignment-detail/e09a2201-3738-4183-9765-ce4e100913de
e809b81a-dd09-42f0-85e3-845923ee86a4,71030910030004,KIOS SEMBAKO (KUSMIATI MARDJAN),UMKM,0. Tidak Ditemukan,https://fasih-sm.bps.go.id/app/assignment-detail/e809b81a-dd09-42f0-85e3-845923ee86a4
38eaaa79-4e73-4601-a2a8-fa01c70d1cf3,71030800110005,BENGKEL MOTOR (YEFREN TAUNAUMANG),UMKM,0. Tidak Ditemukan,https://fasih-sm.bps.go.id/app/assignment-detail/38eaaa79-4e73-4601-a2a8-fa01c70d1cf3
77c30ee3-af9e-4b5e-a60d-2bf04f7aeca8,71030500110001,PEDAGANG ECERAN SAYUR-SAYURAN (ELSYE YACOBUS),UMKM,0. Tidak Ditemukan,https://fasih-sm.bps.go.id/app/assignment-detail/77c30ee3-af9e-4b5e-a60d-2bf04f7aeca8
a7b4cd7c-7e3d-47c2-a13c-8db8ab18ea0f,71030700040001,WARUNG SEMBAKO (JANLID VIDO CIPTO LAUNA),UMKM,0. Tidak Ditemukan,https://fasih-sm.bps.go.id/app/assignment-detail/a7b4cd7c-7e3d-47c2-a13c-8db8ab18ea0f
ae7bd48a-e3ae-4cec-9619-5c51089b4c0a,71030500110001,WARUNG SEMBAKO (NOVITA KANTOHE),UMKM,0. Tidak Ditemukan,https://fasih-sm.bps.go.id/app/assignment-detail/ae7bd48a-e3ae-4cec-9619-5c51089b4c0a
c57510fa-9157-4e96-8d9d-c1fda367d71d,71030800080001,KIOS KLONTONG (YUL SIRAPE),UMKM,0. Tidak Ditemukan,https://fasih-sm.bps.go.id/app/assignment-detail/c57510fa-9157-4e96-8d9d-c1fda367d71d
f6e36fb6-1d31-401f-8774-bd12095ece3e,71030900070011,PENJUAL KELAPA CUKUR (SRI AWUMBAS),UMKM,0. Tidak Ditemukan,https://fasih-sm.bps.go.id/app/assignment-detail/f6e36fb6-1d31-401f-8774-bd12095ece3e
1f926700-8a36-4b9a-a730-131fdece432a,71030900070003,"GALILEO, CV",UMKM,0. Tidak Ditemukan,https://fasih-sm.bps.go.id/app/assignment-detail/1f926700-8a36-4b9a-a730-131fdece432a
005aea2a-92fe-48fe-96d1-62e7dac5d9c4,71030910080002,BENSIN ENCERAN (MARNI ABAS),UMKM,0. Tidak Ditemukan,https://fasih-sm.bps.go.id/app/assignment-detail/005aea2a-92fe-48fe-96d1-62e7dac5d9c4
02ae0eb4-d8ab-47ba-86a6-9e366bb28661,71030910030005,CAFE ANAK SULTAN,UMKM,0. Tidak Ditemukan,https://fasih-sm.bps.go.id/app/assignment-detail/02ae0eb4-d8ab-47ba-86a6-9e366bb28661
06f7bfbe-7df3-43cf-bf0a-186033f2bc21,71031100050001,,UMKM,0. Tidak Ditemukan,https://fasih-sm.bps.go.id/app/assignment-detail/06f7bfbe-7df3-43cf-bf0a-186033f2bc21
1677f5b6-5c38-4a1f-9e62-dd19b181eff2,71031000210003,TK ATARJI (JAMALIA YANIS),UMKM,0. Tidak Ditemukan,https://fasih-sm.bps.go.id/app/assignment-detail/1677f5b6-5c38-4a1f-9e62-dd19b181eff2
17c7c243-a108-438b-8b95-3fe46d5f43a0,71030800130001,TUKANG POTONG KAYU (OTARIS TAHENDUNG),UMKM,0. Tidak Ditemukan,https://fasih-sm.bps.go.id/app/assignment-detail/17c7c243-a108-438b-8b95-3fe46d5f43a0
1dbc1191-10d8-41b8-9d7d-81d08ea24ec9,71030910080003,KANTIN(ENDANG),UMKM,0. Tidak Ditemukan,https://fasih-sm.bps.go.id/app/assignment-detail/1dbc1191-10d8-41b8-9d7d-81d08ea24ec9
1fe73e9d-1b54-408d-a7bc-5afaaec53727,71030900140005,USAHA MAKANAN ( ENDA )(HENDRA LIMONU),UMKM,0. Tidak Ditemukan,https://fasih-sm.bps.go.id/app/assignment-detail/1fe73e9d-1b54-408d-a7bc-5afaaec53727
2c860c5b-609e-4f65-89c0-c217b60861d9,71030900140007,GUDANG MEGARIA,bangunan_lain,0. Tidak Ditemukan,https://fasih-sm.bps.go.id/app/assignment-detail/2c860c5b-609e-4f65-89c0-c217b60861d9
316c369b-b32e-4f8f-ad7b-1a422d35db7d,71030800090003,MINUMAN ALKOHOL (SELSI TONDONDAME),UMKM,0. Tidak Ditemukan,https://fasih-sm.bps.go.id/app/assignment-detail/316c369b-b32e-4f8f-ad7b-1a422d35db7d
37abfc5c-b453-4d60-9607-1ed5355fd72c,71030600170002,KOPRA (JUN TATULUS),UMKM,0. Tidak Ditemukan,https://fasih-sm.bps.go.id/app/assignment-detail/37abfc5c-b453-4d60-9607-1ed5355fd72c
3bd3d052-78b5-4fdb-a2ff-77fe196e0d0f,71030400130001,JUAL BELI HASIL PERTANIAN JELITA MANTIQHA,UMKM,0. Tidak Ditemukan,https://fasih-sm.bps.go.id/app/assignment-detail/3bd3d052-78b5-4fdb-a2ff-77fe196e0d0f
3d091e32-72df-411d-ba03-54a265e20dcd,71030900110012,"SEJAHTERA UTAMA, CV",UMKM,0. Tidak Ditemukan,https://fasih-sm.bps.go.id/app/assignment-detail/3d091e32-72df-411d-ba03-54a265e20dcd
4a8aad82-af90-4aec-bd6d-a6c0d4be14f9,71030410040001,PENJUALAN PULSA JENI,UMKM,0. Tidak Ditemukan,https://fasih-sm.bps.go.id/app/assignment-detail/4a8aad82-af90-4aec-bd6d-a6c0d4be14f9
4b297e02-c742-43e6-be01-48978346220f,71030600170001,PUSTU ,bangunan_lain,0. Tidak Ditemukan,https://fasih-sm.bps.go.id/app/assignment-detail/4b297e02-c742-43e6-be01-48978346220f
5ebe560b-b792-48fd-abed-c66ffaae4b3e,71030400110008,WARUNG SEMBAKO (TONY),UMKM,0. Tidak Ditemukan,https://fasih-sm.bps.go.id/app/assignment-detail/5ebe560b-b792-48fd-abed-c66ffaae4b3e
6566dc52-2952-4223-83a3-fe59f44ff591,71031000280003,KOPRA (SUPRATMAN)(SUPRATMAN MANENGGEK) ,UMKM,0. Tidak Ditemukan,https://fasih-sm.bps.go.id/app/assignment-detail/6566dc52-2952-4223-83a3-fe59f44ff591
66360ecb-7290-4a76-961d-bd094e1b65fa,71031100050001,INDUSTRI PENGOLAHAN KOPRA,UMKM,0. Tidak Ditemukan,https://fasih-sm.bps.go.id/app/assignment-detail/66360ecb-7290-4a76-961d-bd094e1b65fa
6b862569-710a-4021-8723-65dd3d834649,71030910030002,MTS NEGERI TAHUNA (KOMITE) ,UMKM,0. Tidak Ditemukan,https://fasih-sm.bps.go.id/app/assignment-detail/6b862569-710a-4021-8723-65dd3d834649
79259a42-e0cc-41c3-a547-c6565305753a,71030910080002,KOSAN BAPAK ISMANTO (ISMANTO NURSALAM),UMKM,0. Tidak Ditemukan,https://fasih-sm.bps.go.id/app/assignment-detail/79259a42-e0cc-41c3-a547-c6565305753a
7abd5f3b-fd1e-4c0e-bd23-ca7b1b45e151,71030500110001,TRANSPORTASI MOBIL (FRANGKI DONALD ONTHONI),UMKM,0. Tidak Ditemukan,https://fasih-sm.bps.go.id/app/assignment-detail/7abd5f3b-fd1e-4c0e-bd23-ca7b1b45e151
827f5bda-b8a2-45a7-a94f-1575eadd32d6,71031000260002,PENGOLAHAN KOPRA JABIR,UMKM,0. Tidak Ditemukan,https://fasih-sm.bps.go.id/app/assignment-detail/827f5bda-b8a2-45a7-a94f-1575eadd32d6
837bcfe1-47d0-4851-bd49-5ba38a4605a3,71030900120001,PANGKAS RAMBUT SURABAYA ZAKKI ,UMKM,0. Tidak Ditemukan,https://fasih-sm.bps.go.id/app/assignment-detail/837bcfe1-47d0-4851-bd49-5ba38a4605a3
8f37be3b-8057-430f-87b8-b950c55a21f5,71031000140001,PENGOLAHAN KOPRA (YOHANIS),UMKM,0. Tidak Ditemukan,https://fasih-sm.bps.go.id/app/assignment-detail/8f37be3b-8057-430f-87b8-b950c55a21f5
8fec5862-dd37-4f85-b167-c15a1df71529,71030900130006,KANTOR PERTANIAN,bangunan_lain,0. Tidak Ditemukan,https://fasih-sm.bps.go.id/app/assignment-detail/8fec5862-dd37-4f85-b167-c15a1df71529
93bdc113-7aae-4f1d-9c4a-42ac9a4bbb3d,71030600170003,KOPRA (AYUB),UMKM,0. Tidak Ditemukan,https://fasih-sm.bps.go.id/app/assignment-detail/93bdc113-7aae-4f1d-9c4a-42ac9a4bbb3d
957dae8a-068d-455e-b2ee-ef98d0ddcec0,71031100020001,TK KALVARI KENDAHE,UMKM,0. Tidak Ditemukan,https://fasih-sm.bps.go.id/app/assignment-detail/957dae8a-068d-455e-b2ee-ef98d0ddcec0
991737b5-1487-4e8f-be1b-d9a31c07e048,71030500160003,WARUNG SEMBAKO (USI),UMKM,0. Tidak Ditemukan,https://fasih-sm.bps.go.id/app/assignment-detail/991737b5-1487-4e8f-be1b-d9a31c07e048
a2df75d9-0353-4703-a003-7c9b2bba78ee,71030500090002,BENSIN ECERAN ( RINDA BUDINGKALOR) ,UMKM,0. Tidak Ditemukan,https://fasih-sm.bps.go.id/app/assignment-detail/a2df75d9-0353-4703-a003-7c9b2bba78ee
a464a465-b5a8-46e7-87b5-a5e4199019b5,71031100080004,WARUNG SEMBAKO (JULENI),UMKM,0. Tidak Ditemukan,https://fasih-sm.bps.go.id/app/assignment-detail/a464a465-b5a8-46e7-87b5-a5e4199019b5
ae1e5909-9ebb-4c03-a08e-a7a0495ca5f1,71030500110001,PENGOLAHAN KUE BASAH (YOLANDA VERONICA DAMAR),UMKM,0. Tidak Ditemukan,https://fasih-sm.bps.go.id/app/assignment-detail/ae1e5909-9ebb-4c03-a08e-a7a0495ca5f1
b077fa51-7536-49cc-b8cb-022c1317a356,71030400120001,USAHA PEMBUATAN PINTU JENDELA DAN LEMARI (MARWAN),UMKM,0. Tidak Ditemukan,https://fasih-sm.bps.go.id/app/assignment-detail/b077fa51-7536-49cc-b8cb-022c1317a356
b1c5245b-edc2-49b0-99fd-924ddae5554a,71031000230003,USAHA JUALPAKAIAN (MARTJE LALELAH),UMKM,0. Tidak Ditemukan,https://fasih-sm.bps.go.id/app/assignment-detail/b1c5245b-edc2-49b0-99fd-924ddae5554a
be10def7-b90e-4bb6-a303-3c824cb5ccd4,71031100010001,USAHA KANTIN ,UMKM,0. Tidak Ditemukan,https://fasih-sm.bps.go.id/app/assignment-detail/be10def7-b90e-4bb6-a303-3c824cb5ccd4
bf10a8dc-073d-46cc-8421-ac25dd33ba8b,71030900130007,MESS PEGAWAI STASIUN PSDKP TAHUNA,bangunan_lain,0. Tidak Ditemukan,https://fasih-sm.bps.go.id/app/assignment-detail/bf10a8dc-073d-46cc-8421-ac25dd33ba8b
c5236164-5420-4274-bb85-3e6bcd3ee80f,71030500110002,BENGKEL MOTOR (FERI),UMKM,0. Tidak Ditemukan,https://fasih-sm.bps.go.id/app/assignment-detail/c5236164-5420-4274-bb85-3e6bcd3ee80f
d2810eff-12ca-4fea-bf10-ebac60741321,71031000250001,BANGUNAN UNIT PENUNJANG ,bangunan_lain,0. Tidak Ditemukan,https://fasih-sm.bps.go.id/app/assignment-detail/d2810eff-12ca-4fea-bf10-ebac60741321
d79e2e57-145c-4256-a0c6-77f9731b288b,71031000050001,REPARASI HP (SYAHRIL),UMKM,0. Tidak Ditemukan,https://fasih-sm.bps.go.id/app/assignment-detail/d79e2e57-145c-4256-a0c6-77f9731b288b
e1cead11-a8ce-441c-8428-7b696b2dfb6e,71030400170001,BENSIN BENYAMIN MAKALUASE,UMKM,0. Tidak Ditemukan,https://fasih-sm.bps.go.id/app/assignment-detail/e1cead11-a8ce-441c-8428-7b696b2dfb6e
e7acabf6-2ca6-4dce-81d4-c92ce4f53573,71031100010001,WARUNG SEMBAKO (ANISE) ,UMKM,0. Tidak Ditemukan,https://fasih-sm.bps.go.id/app/assignment-detail/e7acabf6-2ca6-4dce-81d4-c92ce4f53573
e867ccb8-143e-4db4-a516-5ec21ac37067,71031000240003,INDUSTRI KOPRA (SUDIRMAN) ,UMKM,0. Tidak Ditemukan,https://fasih-sm.bps.go.id/app/assignment-detail/e867ccb8-143e-4db4-a516-5ec21ac37067
e8e9f4f5-5c37-4eea-bffc-4435e0e6d8dd,71031100010001,PUSKESMAS KENDAHE,OSS Badan Usaha,0. Tidak Ditemukan,https://fasih-sm.bps.go.id/app/assignment-detail/e8e9f4f5-5c37-4eea-bffc-4435e0e6d8dd
ecdccb97-03b5-4cb5-9f9e-80ded4ac612c,71031000280001,WARUNG SEMBAKO (SARAPUDIN) ,UMKM,0. Tidak Ditemukan,https://fasih-sm.bps.go.id/app/assignment-detail/ecdccb97-03b5-4cb5-9f9e-80ded4ac612c
fed767ce-3a39-45e8-9f92-aef351018cde,71030910040005,"BINA KARYA TEKNIK, CV",UMKM,0. Tidak Ditemukan,https://fasih-sm.bps.go.id/app/assignment-detail/fed767ce-3a39-45e8-9f92-aef351018cde
0cf17f23-da6b-4d51-93ef-a79e0e7eadbe,71030800080001,WARUNG MAKAN (FEMMY MALEMBORISE),UMKM,0. Tidak Ditemukan,https://fasih-sm.bps.go.id/app/assignment-detail/0cf17f23-da6b-4d51-93ef-a79e0e7eadbe
7076ddd6-38bc-4986-ab90-e18f71479ed3,71030900080008,DEVI FRANSISCA INEKE MANAGHUPIA,OSS Perorangan,0. Tidak Ditemukan,https://fasih-sm.bps.go.id/app/assignment-detail/7076ddd6-38bc-4986-ab90-e18f71479ed3
8be6ba91-41a9-407e-a510-6358e4dbcad2,71030500090003,WARUNG SEMBAKO(AGNES),UMKM,0. Tidak Ditemukan,https://fasih-sm.bps.go.id/app/assignment-detail/8be6ba91-41a9-407e-a510-6358e4dbcad2
8d2852da-ea23-494a-ba2b-48b7b23665a2,71031000140002,MENJUAL REMPAH-REMPAH (JOICE WAROKA),UMKM,0. Tidak Ditemukan,https://fasih-sm.bps.go.id/app/assignment-detail/8d2852da-ea23-494a-ba2b-48b7b23665a2
be924875-7c79-42a9-bc00-faa65e0b28dc,71030600150001,KOBER MARANATHA BENTUNG,UMKM,0. Tidak Ditemukan,https://fasih-sm.bps.go.id/app/assignment-detail/be924875-7c79-42a9-bc00-faa65e0b28dc
f8fe3b29-3e43-432d-82ad-bc7a48ad7eb2,71030900080002,"LIOTA JAYA KONSTRUKSI, CV",OSS Badan Usaha,0. Tidak Ditemukan,https://fasih-sm.bps.go.id/app/assignment-detail/f8fe3b29-3e43-432d-82ad-bc7a48ad7eb2
50624eb0-2365-41cb-a051-c8d0a1eef34a,71030920050007,ES TELER (RISKA ANGGREITA) ,UMKM,0. Tidak Ditemukan,https://fasih-sm.bps.go.id/app/assignment-detail/50624eb0-2365-41cb-a051-c8d0a1eef34a
b619cb68-4448-4b4c-97a5-cb9f93671b6b,71030900070009,"EMPAT PILAR SANGIHE, PT",UMKM,0. Tidak Ditemukan,https://fasih-sm.bps.go.id/app/assignment-detail/b619cb68-4448-4b4c-97a5-cb9f93671b6b
08ed02a1-0544-4ca0-9b41-fbfb33232fd4,71030500110001,JASA PENJAHIT (DINTJE PANAWAR),UMKM,0. Tidak Ditemukan,https://fasih-sm.bps.go.id/app/assignment-detail/08ed02a1-0544-4ca0-9b41-fbfb33232fd4
0f70d520-15a8-46bb-9867-bf1e02bbc6b3,71030400100001,MAGRIKS TAMBARU,OSS Perorangan,0. Tidak Ditemukan,https://fasih-sm.bps.go.id/app/assignment-detail/0f70d520-15a8-46bb-9867-bf1e02bbc6b3
1128ef5d-1295-40f8-a8c1-d942d05dbd7d,71031000050002,TUKANG JAHIT (HOPNI),UMKM,0. Tidak Ditemukan,https://fasih-sm.bps.go.id/app/assignment-detail/1128ef5d-1295-40f8-a8c1-d942d05dbd7d
19f0b840-ae24-4b86-9ebf-6a3bf7fe0d15,71030900100007,KANTIN SDN 4 TAHUNA (MARIANSI AHAD ),UMKM,0. Tidak Ditemukan,https://fasih-sm.bps.go.id/app/assignment-detail/19f0b840-ae24-4b86-9ebf-6a3bf7fe0d15
1b4a3a0d-c8d3-48b6-85ab-4cb0083a2b97,71030800090003,PULSA (MEYKE TOBIAS),UMKM,0. Tidak Ditemukan,https://fasih-sm.bps.go.id/app/assignment-detail/1b4a3a0d-c8d3-48b6-85ab-4cb0083a2b97
20c5752c-247a-4d37-91f0-3bc44a5f7f23,71030900120005,KIOS EVLOGIA CHRISTIAN IMANUEL KATIANDAGHO,UMKM,0. Tidak Ditemukan,https://fasih-sm.bps.go.id/app/assignment-detail/20c5752c-247a-4d37-91f0-3bc44a5f7f23
23a24151-4aca-452e-825f-546a9d08ad5e,71030600080001,MENJUAL BENSIN (MARZAMAN LIGANDA),UMKM,0. Tidak Ditemukan,https://fasih-sm.bps.go.id/app/assignment-detail/23a24151-4aca-452e-825f-546a9d08ad5e
26ed4c65-bff1-4bc7-a337-e37df8ff2d7b,71030400140003,PEMBUATAN KOPRA BAPAK AFTER,UMKM,0. Tidak Ditemukan,https://fasih-sm.bps.go.id/app/assignment-detail/26ed4c65-bff1-4bc7-a337-e37df8ff2d7b
282c1013-6f01-4252-a567-81b197153d07,71030900100002,SIANTO TANDAYU,OSS Perorangan,0. Tidak Ditemukan,https://fasih-sm.bps.go.id/app/assignment-detail/282c1013-6f01-4252-a567-81b197153d07
2d0664aa-669b-4655-a044-43da7ef1d76f,71030910040006,SMK NEGERI 2 TAHUNA,UMKM,0. Tidak Ditemukan,https://fasih-sm.bps.go.id/app/assignment-detail/2d0664aa-669b-4655-a044-43da7ef1d76f
3b100c3a-79c3-4c4d-99fe-b89c9c8c900b,71030700060003,WARUNG SEMBAKO FATRISIA MANANOHAS,UMKM,0. Tidak Ditemukan,https://fasih-sm.bps.go.id/app/assignment-detail/3b100c3a-79c3-4c4d-99fe-b89c9c8c900b
40895d1b-a35a-4de0-a067-374e489bfa0f,71030910030002,TEMPAT JUALAN BUAH SEGAR (ASMUN AKUBA) ,UMKM,0. Tidak Ditemukan,https://fasih-sm.bps.go.id/app/assignment-detail/40895d1b-a35a-4de0-a067-374e489bfa0f
40fd1344-842a-4129-974f-fb4e8102e9c6,71030600140004,NAIL ART (AURIA),UMKM,0. Tidak Ditemukan,https://fasih-sm.bps.go.id/app/assignment-detail/40fd1344-842a-4129-974f-fb4e8102e9c6
4576448d-7c38-4570-8522-25eb1a79a0ae,71030610040004,MENJUAL KUE BASAH TRANSIT TOMAS,UMKM,0. Tidak Ditemukan,https://fasih-sm.bps.go.id/app/assignment-detail/4576448d-7c38-4570-8522-25eb1a79a0ae
46445447-551b-4d44-a557-dfbea3c5c85d,71030900100007,JUALAN AYAM DAGING DAN BAKSO (APRISILIA ANGRAINI MARIA SAMAU),UMKM,0. Tidak Ditemukan,https://fasih-sm.bps.go.id/app/assignment-detail/46445447-551b-4d44-a557-dfbea3c5c85d
5211b83b-c7e8-45ef-97b9-56accd869195,71030610090003,TK GMIST SION PINTARENG,UMKM,0. Tidak Ditemukan,https://fasih-sm.bps.go.id/app/assignment-detail/5211b83b-c7e8-45ef-97b9-56accd869195
5254230e-f045-47d3-a4e3-81ba34d94280,71030910040005,MAKANAN MASAK (SRI MAHARANI SURATINOYO),UMKM,0. Tidak Ditemukan,https://fasih-sm.bps.go.id/app/assignment-detail/5254230e-f045-47d3-a4e3-81ba34d94280
5bb2475b-2b8d-4dbe-8b7d-b63b7d5b4996,71030400120002,DAGHO,UMKM,0. Tidak Ditemukan,https://fasih-sm.bps.go.id/app/assignment-detail/5bb2475b-2b8d-4dbe-8b7d-b63b7d5b4996
62b6a881-0223-4479-aa59-97df1f0f9d23,71030410040002,KIOS SEMBAKO (ONAYA),UMKM,0. Tidak Ditemukan,https://fasih-sm.bps.go.id/app/assignment-detail/62b6a881-0223-4479-aa59-97df1f0f9d23
6a0d15dd-b8d1-4fcb-9b0b-3a3c23efc0c0,71030900120005,PISCOK BUNGALAWANG FRANSISKA PAOLIN TUMBALE ,UMKM,0. Tidak Ditemukan,https://fasih-sm.bps.go.id/app/assignment-detail/6a0d15dd-b8d1-4fcb-9b0b-3a3c23efc0c0
6c170637-84d1-4097-9783-20b1663ee94c,71031000100002,INDUSTRI KOPRA (SAHAK),UMKM,0. Tidak Ditemukan,https://fasih-sm.bps.go.id/app/assignment-detail/6c170637-84d1-4097-9783-20b1663ee94c
6c5a8bca-d4fa-4859-9c1d-0efc149fc6a7,71031000280001,PENJUAL IKAN (SARIP) ,UMKM,0. Tidak Ditemukan,https://fasih-sm.bps.go.id/app/assignment-detail/6c5a8bca-d4fa-4859-9c1d-0efc149fc6a7
73098b8d-0cff-44ec-a691-244a3c93f74c,71030400120001,JUAL PAKAIAN(PELMI),UMKM,0. Tidak Ditemukan,https://fasih-sm.bps.go.id/app/assignment-detail/73098b8d-0cff-44ec-a691-244a3c93f74c
7408e7e9-e194-44e1-bce6-077e64e5b287,71030910040001,WARUNG SEMBAKO (YOMUSLIM),UMKM,0. Tidak Ditemukan,https://fasih-sm.bps.go.id/app/assignment-detail/7408e7e9-e194-44e1-bce6-077e64e5b287
7cdd1f45-fb53-425f-a2cf-5300e5f8701a,71030900070006,KING'S FOOD (BILLY MARAMIS),UMKM,0. Tidak Ditemukan,https://fasih-sm.bps.go.id/app/assignment-detail/7cdd1f45-fb53-425f-a2cf-5300e5f8701a
860bdb2e-7c68-44f3-9d59-2ece5ef79407,71031000230001,TOKO SEMBAKO (YULISTA),UMKM,0. Tidak Ditemukan,https://fasih-sm.bps.go.id/app/assignment-detail/860bdb2e-7c68-44f3-9d59-2ece5ef79407
8737d40a-8856-467c-849e-278caad0f82a,71030400100001,PERDAGANGA IKAN,UMKM,0. Tidak Ditemukan,https://fasih-sm.bps.go.id/app/assignment-detail/8737d40a-8856-467c-849e-278caad0f82a
8a802b12-f4ca-4766-837a-0396f55b9961,71030900140011,PENGEPUL KOPRA SUMBER REJEKI TAHUNA,UMKM,0. Tidak Ditemukan,https://fasih-sm.bps.go.id/app/assignment-detail/8a802b12-f4ca-4766-837a-0396f55b9961
980bc23b-caaf-41a0-9053-14e3eb2d16a5,71030400100001,,UMKM,0. Tidak Ditemukan,https://fasih-sm.bps.go.id/app/assignment-detail/980bc23b-caaf-41a0-9053-14e3eb2d16a5
9f8a7a6e-c32c-41eb-9b0a-b9c2ac973b25,71030400080001,JUAL KUE BASAH EFLIN BUKA ,UMKM,0. Tidak Ditemukan,https://fasih-sm.bps.go.id/app/assignment-detail/9f8a7a6e-c32c-41eb-9b0a-b9c2ac973b25
a3427bf2-0b8e-4c33-af7c-aad423c980a1,71030900100001,KUE BASAH (MAHARANI YUDHIESTIA RODINGAN) ,UMKM,0. Tidak Ditemukan,https://fasih-sm.bps.go.id/app/assignment-detail/a3427bf2-0b8e-4c33-af7c-aad423c980a1
a7327eaa-f332-4cd5-9ff6-a28f417007f4,71030800170001,KIOS SEMBAKO (HIDRUS),UMKM,0. Tidak Ditemukan,https://fasih-sm.bps.go.id/app/assignment-detail/a7327eaa-f332-4cd5-9ff6-a28f417007f4
b33ea702-2693-4f86-84e4-02c5e2141a54,71030900110009,GEMIST KALVARI T,bangunan_lain,0. Tidak Ditemukan,https://fasih-sm.bps.go.id/app/assignment-detail/b33ea702-2693-4f86-84e4-02c5e2141a54
b35c0315-d143-4d06-bb42-91c1899bd414,71031000140003,USAHA TV KABEL (LISKE),UMKM,0. Tidak Ditemukan,https://fasih-sm.bps.go.id/app/assignment-detail/b35c0315-d143-4d06-bb42-91c1899bd414
b4f5f7f7-d29f-4941-b3e1-4b065483035b,71030400080001, KUE BASAH MISKE LILAMBOBA,UMKM,0. Tidak Ditemukan,https://fasih-sm.bps.go.id/app/assignment-detail/b4f5f7f7-d29f-4941-b3e1-4b065483035b
c2b7fe27-abd4-46c2-a8ab-cc47404aa157,71031000230003,OJEK (BAHARUDIN),UMKM,0. Tidak Ditemukan,https://fasih-sm.bps.go.id/app/assignment-detail/c2b7fe27-abd4-46c2-a8ab-cc47404aa157
c383a599-f722-4784-b05a-2b9107f8cf9e,71031000070003,INDUSTRI PENGOLAHAN KOPRA (HANS) ,UMKM,0. Tidak Ditemukan,https://fasih-sm.bps.go.id/app/assignment-detail/c383a599-f722-4784-b05a-2b9107f8cf9e
cfaa3e89-195c-460a-9c4e-cec0f101d714,71031000210001,BENGKEL (STEVANI PATRAS) ,UMKM,0. Tidak Ditemukan,https://fasih-sm.bps.go.id/app/assignment-detail/cfaa3e89-195c-460a-9c4e-cec0f101d714
d7cea7af-9b69-4af7-bd5a-fc809ad6500a,71030900120004,DAPUR UENG,UMKM,0. Tidak Ditemukan,https://fasih-sm.bps.go.id/app/assignment-detail/d7cea7af-9b69-4af7-bd5a-fc809ad6500a
dab0f501-d874-42d7-aa65-6e4e90f9966f,71030600150001,ANGKUTAN PEDESAAN (YO),UMKM,0. Tidak Ditemukan,https://fasih-sm.bps.go.id/app/assignment-detail/dab0f501-d874-42d7-aa65-6e4e90f9966f
dbc53de4-92e0-4bed-8656-0089f52d2a23,71030610040003,ADHIYANTO DARMO SINADIA,OSS Perorangan,0. Tidak Ditemukan,https://fasih-sm.bps.go.id/app/assignment-detail/dbc53de4-92e0-4bed-8656-0089f52d2a23
e1282ca1-b7e6-4700-959a-fc964e5885a2,71031000190002,INDUSTRI PANDAI BESI ,UMKM,0. Tidak Ditemukan,https://fasih-sm.bps.go.id/app/assignment-detail/e1282ca1-b7e6-4700-959a-fc964e5885a2
e192b0cc-3558-489f-8495-d5d5de4510b7,71031000090003,MENJUAL PULSA LISTRIK DAN PULSA LAMPU ,UMKM,0. Tidak Ditemukan,https://fasih-sm.bps.go.id/app/assignment-detail/e192b0cc-3558-489f-8495-d5d5de4510b7
e267356a-051a-4580-b835-4b5c57938f45,71031000090002,TEMPAT KOST ALONA,UMKM,0. Tidak Ditemukan,https://fasih-sm.bps.go.id/app/assignment-detail/e267356a-051a-4580-b835-4b5c57938f45
f7709546-dd28-4ba9-bf18-23f687a8f5f4,71030910080003,ARFI HIKAM FATAHILLAH JANIS,OSS Perorangan,0. Tidak Ditemukan,https://fasih-sm.bps.go.id/app/assignment-detail/f7709546-dd28-4ba9-bf18-23f687a8f5f4
f8dceb31-78e0-46ac-ab0b-dbac74d5f042,71030900120004,KIOS BERKAT,UMKM,0. Tidak Ditemukan,https://fasih-sm.bps.go.id/app/assignment-detail/f8dceb31-78e0-46ac-ab0b-dbac74d5f042
396f4e58-8321-4978-812c-5c26084f00de,71030600200001,JUAL PULSA (SET),UMKM,0. Tidak Ditemukan,https://fasih-sm.bps.go.id/app/assignment-detail/396f4e58-8321-4978-812c-5c26084f00de
1d5cfd6b-7f3d-44a3-958d-037d19fe2cd3,71031000140002,JUALAN SAYUR (MEIKE PARIMALANG),UMKM,0. Tidak Ditemukan,https://fasih-sm.bps.go.id/app/assignment-detail/1d5cfd6b-7f3d-44a3-958d-037d19fe2cd3
671e7b6f-6848-49b0-be9b-e46638e7d8a1,71030800080001,USAHA TOKO PAKAIAN (SITTI HALIA AMIN DONGGO),UMKM,0. Tidak Ditemukan,https://fasih-sm.bps.go.id/app/assignment-detail/671e7b6f-6848-49b0-be9b-e46638e7d8a1
d40c1dce-1d75-47f7-851b-abb894386cd4,71030500110001,PEDAGANG ECERAN SAYUR-SAYURAN DAN BUAH-BUAHAN (ASNA MANUSE ),UMKM,0. Tidak Ditemukan,https://fasih-sm.bps.go.id/app/assignment-detail/d40c1dce-1d75-47f7-851b-abb894386cd4
e49b86b4-1a57-4be1-8ebf-921672998632,71030800020001,SMP NEGERI 2 MANGANITU,UMKM,0. Tidak Ditemukan,https://fasih-sm.bps.go.id/app/assignment-detail/e49b86b4-1a57-4be1-8ebf-921672998632
ee90f188-6439-4bc9-9140-a21e58b26b42,71030620010003,PENGOLAHAN KELAPA (ALPIUS),UMKM,0. Tidak Ditemukan,https://fasih-sm.bps.go.id/app/assignment-detail/ee90f188-6439-4bc9-9140-a21e58b26b42
1883101c-1564-48ce-bb7b-8930fd6dd794,71030800180002,USAHA JUAL BIBIT IKAN NILA (HENDRIK TONDO),UMKM,0. Tidak Ditemukan,https://fasih-sm.bps.go.id/app/assignment-detail/1883101c-1564-48ce-bb7b-8930fd6dd794
19167535-76b1-4d10-b0d9-47730c05097b,71031000050005,KOLAM RENANG (SINTIA ),UMKM,0. Tidak Ditemukan,https://fasih-sm.bps.go.id/app/assignment-detail/19167535-76b1-4d10-b0d9-47730c05097b
198a878b-0bb3-4801-a321-78865aa873c2,71030900070006,ALVARET FOTOCOPY (BRIGITA JOHANA LOHONAUMAN),UMKM,0. Tidak Ditemukan,https://fasih-sm.bps.go.id/app/assignment-detail/198a878b-0bb3-4801-a321-78865aa873c2
1caf050d-8353-4963-8bb1-e62532cc3917,71031100010002,WARUNG SEMBAKO (INGGRIT),UMKM,0. Tidak Ditemukan,https://fasih-sm.bps.go.id/app/assignment-detail/1caf050d-8353-4963-8bb1-e62532cc3917
38cb51e9-0eb9-425e-82a8-f25abbc5f3fd,71030500110001,TRANSPORTASI MOBIL (NOVIANUS AOMO),UMKM,0. Tidak Ditemukan,https://fasih-sm.bps.go.id/app/assignment-detail/38cb51e9-0eb9-425e-82a8-f25abbc5f3fd
3f3ce4d8-7b07-43fd-9bd1-cf3ae37e3c9b,71030400120001,WARUNG KECIL (PETRINA PETONENGAN),UMKM,0. Tidak Ditemukan,https://fasih-sm.bps.go.id/app/assignment-detail/3f3ce4d8-7b07-43fd-9bd1-cf3ae37e3c9b
43ece1c2-00bc-42db-8f49-01eba0a0f014,71030610040004,WARUNG BENSIN (STEVA PONTOH) ,UMKM,0. Tidak Ditemukan,https://fasih-sm.bps.go.id/app/assignment-detail/43ece1c2-00bc-42db-8f49-01eba0a0f014
44dd8846-c13a-437d-8c99-b822fa3e9fad,71030500070003,AGEN JNE TAMAKO (RAMENGSILI WELONG),UMKM,0. Tidak Ditemukan,https://fasih-sm.bps.go.id/app/assignment-detail/44dd8846-c13a-437d-8c99-b822fa3e9fad
47897b45-4c9b-4a0e-8907-f8a313537205,71030400150001,PENJUAL BENSIN ENCERAN (HALIMA KAWANGUNG) ,UMKM,0. Tidak Ditemukan,https://fasih-sm.bps.go.id/app/assignment-detail/47897b45-4c9b-4a0e-8907-f8a313537205
4c048550-ba75-4201-9380-af8ef20ba812,71030910040001,WARUNG SEMBAKO (JUSUF),UMKM,0. Tidak Ditemukan,https://fasih-sm.bps.go.id/app/assignment-detail/4c048550-ba75-4201-9380-af8ef20ba812
5132c943-15f4-436e-bd6a-4cd379afc74b,71030800060002,INDUSTRI PENGOLAHAN KOPRA (SUSANA DAROMES),UMKM,0. Tidak Ditemukan,https://fasih-sm.bps.go.id/app/assignment-detail/5132c943-15f4-436e-bd6a-4cd379afc74b
5364a22c-fade-4fd5-8591-f4a4e92a236a,71030600140004,INDUSTRI KUE (ESTERFIN PONTOH),UMKM,0. Tidak Ditemukan,https://fasih-sm.bps.go.id/app/assignment-detail/5364a22c-fade-4fd5-8591-f4a4e92a236a
5ad15202-1554-461e-83e3-b7ea81787911,71031100030005,WARUNG SEMBAKO (ILHAM TATOYA) ,UMKM,0. Tidak Ditemukan,https://fasih-sm.bps.go.id/app/assignment-detail/5ad15202-1554-461e-83e3-b7ea81787911
6738ecf6-6635-4f65-898e-216dd7a4e44b,71030500110001,PEDAGANG ECERAN KHUSUS PAKAIAN (MARYAM),UMKM,0. Tidak Ditemukan,https://fasih-sm.bps.go.id/app/assignment-detail/6738ecf6-6635-4f65-898e-216dd7a4e44b
7372b616-6f3f-4131-a01e-964f69e338a8,71030500060002,LOS PASAR KUE (YOTINEK TATEMBA) ,UMKM,0. Tidak Ditemukan,https://fasih-sm.bps.go.id/app/assignment-detail/7372b616-6f3f-4131-a01e-964f69e338a8
78bf039e-dcc8-43ab-895c-722c73095825,71030400100001,TOKO PAKAIAN,UMKM,0. Tidak Ditemukan,https://fasih-sm.bps.go.id/app/assignment-detail/78bf039e-dcc8-43ab-895c-722c73095825
7ad3d856-dfb5-4134-b161-d3b8e27e48ca,71031000120001,BATU PICAH (SIDIK LUMONDO),UMKM,0. Tidak Ditemukan,https://fasih-sm.bps.go.id/app/assignment-detail/7ad3d856-dfb5-4134-b161-d3b8e27e48ca
7d6bc79b-9e8b-424e-a8d8-2e3af0234dae,71030620010006,SMP NEGERI 1 TABSELTRA,UMKM,0. Tidak Ditemukan,https://fasih-sm.bps.go.id/app/assignment-detail/7d6bc79b-9e8b-424e-a8d8-2e3af0234dae
8d99df75-e0d7-444b-87ab-e570a4f48859,71030910040002,TP PKK KABUPATEN KEPULAUAN SANGIHE,UMKM,0. Tidak Ditemukan,https://fasih-sm.bps.go.id/app/assignment-detail/8d99df75-e0d7-444b-87ab-e570a4f48859
9164fb9c-48c5-4dfe-bfb9-6217b57fa7ff,71030500120001,GEREJA GMIST FIRDAUS NAGHA 2,bangunan_lain,0. Tidak Ditemukan,https://fasih-sm.bps.go.id/app/assignment-detail/9164fb9c-48c5-4dfe-bfb9-6217b57fa7ff
96306d70-b1c2-4383-8c9a-a3b829e075ad,71030900100003,GARTIA KOMPUTER,UMKM,0. Tidak Ditemukan,https://fasih-sm.bps.go.id/app/assignment-detail/96306d70-b1c2-4383-8c9a-a3b829e075ad
99f92193-f530-4782-93ca-879cfd1e03cb,71031000050002,TOKO PAKAIAN (FITRIANI),UMKM,0. Tidak Ditemukan,https://fasih-sm.bps.go.id/app/assignment-detail/99f92193-f530-4782-93ca-879cfd1e03cb
af5f2da3-d9b3-41dd-bc39-557874c4216e,71031000050002,WARUNG MAKAN (SUKARDI),UMKM,0. Tidak Ditemukan,https://fasih-sm.bps.go.id/app/assignment-detail/af5f2da3-d9b3-41dd-bc39-557874c4216e
b0ff7618-9968-4be9-9c84-dcf8c512caf8,71030900110005,JERRY YANTO MAKALISANG,OSS Perorangan,0. Tidak Ditemukan,https://fasih-sm.bps.go.id/app/assignment-detail/b0ff7618-9968-4be9-9c84-dcf8c512caf8
b61da461-189d-4e22-a0f8-c36f2be6b975,71030410030001,INDUSTRI KOPRA WEMBLI,UMKM,0. Tidak Ditemukan,https://fasih-sm.bps.go.id/app/assignment-detail/b61da461-189d-4e22-a0f8-c36f2be6b975
b8988a49-2ab2-4b2e-a9af-2142ce3a4156,71030900110005,RUMAH MAKAN MIYO (RUT YUNIWATI) ,UMKM,0. Tidak Ditemukan,https://fasih-sm.bps.go.id/app/assignment-detail/b8988a49-2ab2-4b2e-a9af-2142ce3a4156
badd9909-d236-4091-88f3-0efa5437ca6b,71030910030009,TOKO PELITA MOTOR (SALEH ISA BACHMID ),UMKM,0. Tidak Ditemukan,https://fasih-sm.bps.go.id/app/assignment-detail/badd9909-d236-4091-88f3-0efa5437ca6b
c117c469-a8ac-4387-a93e-dd91e5e0bf5f,71030600140004,JUAL PERTALITE ECERAN (JULIANTJE DALOPE),UMKM,0. Tidak Ditemukan,https://fasih-sm.bps.go.id/app/assignment-detail/c117c469-a8ac-4387-a93e-dd91e5e0bf5f
d51af83b-d26f-42c8-8d76-d48a9ec518f4,71031000240001,PEDAGANG ECERAN SEMBAKO (SUYANTO) ,UMKM,0. Tidak Ditemukan,https://fasih-sm.bps.go.id/app/assignment-detail/d51af83b-d26f-42c8-8d76-d48a9ec518f4
e0788632-2581-4c30-9059-da98fc76324b,71031000110002,WARUNG SEMBAKO (NDO) ,UMKM,0. Tidak Ditemukan,https://fasih-sm.bps.go.id/app/assignment-detail/e0788632-2581-4c30-9059-da98fc76324b
fab5596e-102f-452f-b01b-4f6b4610da34,71031000280001,PEDAGANG REMPAH REMPAH (LIA) ,UMKM,0. Tidak Ditemukan,https://fasih-sm.bps.go.id/app/assignment-detail/fab5596e-102f-452f-b01b-4f6b4610da34
06421fde-e8c2-4e1c-8728-87dd446467e3,71030910040005,SOPIR ANGKUTAN KOTA (NICODEMUS),UMKM,0. Tidak Ditemukan,https://fasih-sm.bps.go.id/app/assignment-detail/06421fde-e8c2-4e1c-8728-87dd446467e3
2b30de3d-a9a6-4bdf-8888-1a9513fa2e05,71030500110001,PENGOLAHAN KUE BASAH (CHESTIEN TATUIL ),UMKM,0. Tidak Ditemukan,https://fasih-sm.bps.go.id/app/assignment-detail/2b30de3d-a9a6-4bdf-8888-1a9513fa2e05
4ac9b6eb-b345-4382-87a3-147544dde809,71030400050003,SD GMIST EMAUS BEBALANG,UMKM,0. Tidak Ditemukan,https://fasih-sm.bps.go.id/app/assignment-detail/4ac9b6eb-b345-4382-87a3-147544dde809
7275b184-870f-4479-8dd4-bc03914fb021,71030800020004,JUAL BENSIN (YULIA BAWOTONG),UMKM,0. Tidak Ditemukan,https://fasih-sm.bps.go.id/app/assignment-detail/7275b184-870f-4479-8dd4-bc03914fb021
be8c9d10-e02e-4bbf-a12a-94d596a70eff,71031000140002,KUE BASAH (YULIN MAMONDOL),UMKM,0. Tidak Ditemukan,https://fasih-sm.bps.go.id/app/assignment-detail/be8c9d10-e02e-4bbf-a12a-94d596a70eff
bf5e5a08-4d01-4bfb-9b7b-a87debb3adc6,71031000140002,MENJUAL KUE BASAH (SITTI MARYAM SANGGEL ),UMKM,0. Tidak Ditemukan,https://fasih-sm.bps.go.id/app/assignment-detail/bf5e5a08-4d01-4bfb-9b7b-a87debb3adc6
e30006e7-f01b-4000-9964-57b54f05bf4c,71030900070011,PENJUAL DAGING BABI (RUTLI KABAENA )(RUTLI KABAENA),UMKM,0. Tidak Ditemukan,https://fasih-sm.bps.go.id/app/assignment-detail/e30006e7-f01b-4000-9964-57b54f05bf4c
f3d5d8e0-ae6c-4a8c-aa34-51d5605eda45,71030920040004,RUMAH INVENTARIS,bangunan_lain,0. Tidak Ditemukan,https://fasih-sm.bps.go.id/app/assignment-detail/f3d5d8e0-ae6c-4a8c-aa34-51d5605eda45
f4ab419e-1869-499e-b520-9c648adb7f93,71031000030001,WARUNG SEMBAKO (SAFRUDIN) ,OSS Perorangan,0. Tidak Ditemukan,https://fasih-sm.bps.go.id/app/assignment-detail/f4ab419e-1869-499e-b520-9c648adb7f93
0a9b6f38-80c6-40f3-98f5-1af2a21d8ef6,71030500160002,RUMAH INVENTARIS RUKUN SESALUHANG,bangunan_lain,0. Tidak Ditemukan,https://fasih-sm.bps.go.id/app/assignment-detail/0a9b6f38-80c6-40f3-98f5-1af2a21d8ef6
5b39211d-cc7b-4b77-81f8-31dcc9be38d9,71030900120005,TK GMIST EKKLESIA,UMKM,0. Tidak Ditemukan,https://fasih-sm.bps.go.id/app/assignment-detail/5b39211d-cc7b-4b77-81f8-31dcc9be38d9
928bc0dc-35eb-4891-973f-e7a891dcebe0,71030600100002,DEPOT AIR ISI ULANG ,UMKM,0. Tidak Ditemukan,https://fasih-sm.bps.go.id/app/assignment-detail/928bc0dc-35eb-4891-973f-e7a891dcebe0
b492336a-fbbe-48bc-9d75-95a3a2fa5221,71030900140010,HOTEL HAYANA (FRANGKY SANDY MAINDOKA),UMKM,0. Tidak Ditemukan,https://fasih-sm.bps.go.id/app/assignment-detail/b492336a-fbbe-48bc-9d75-95a3a2fa5221
eb9900ef-2146-4c9c-b54d-f729a41e9765,71031000010003,PANDAI BESI (AHMAD RUITAN),UMKM,0. Tidak Ditemukan,https://fasih-sm.bps.go.id/app/assignment-detail/eb9900ef-2146-4c9c-b54d-f729a41e9765
08e32d9d-f3c4-4a15-a583-b70c7244f338,71031100050001,INDUSTRI PENGOLAHAN KOPRA ,UMKM,0. Tidak Ditemukan,https://fasih-sm.bps.go.id/app/assignment-detail/08e32d9d-f3c4-4a15-a583-b70c7244f338
098451a9-501c-4133-9287-6a36852eb526,71030500060002,LOS PASAR IKAN SEGAR (PASTI LIKUNUSA) ,UMKM,0. Tidak Ditemukan,https://fasih-sm.bps.go.id/app/assignment-detail/098451a9-501c-4133-9287-6a36852eb526
0ae94132-5b19-432a-9e81-44daf95c0973,71031000050001,IKAN ASAP (MARSITA MANDAK),UMKM,0. Tidak Ditemukan,https://fasih-sm.bps.go.id/app/assignment-detail/0ae94132-5b19-432a-9e81-44daf95c0973
1b783e8d-f7de-4c1f-a235-e27e7b9e4c12,71030500120003,KIOS SEMBAKO (DENI LOKONG) ,UMKM,0. Tidak Ditemukan,https://fasih-sm.bps.go.id/app/assignment-detail/1b783e8d-f7de-4c1f-a235-e27e7b9e4c12
2a3ae0bb-cf9b-481a-a071-1b49dcb3f7a2,71030900080008,SUPIR ANGKUTAN (GORNY),UMKM,0. Tidak Ditemukan,https://fasih-sm.bps.go.id/app/assignment-detail/2a3ae0bb-cf9b-481a-a071-1b49dcb3f7a2
36715167-ecb3-45b6-8c01-4518a32c8575,71031000040002,TOKO SEMBAKO (RONALD),UMKM,0. Tidak Ditemukan,https://fasih-sm.bps.go.id/app/assignment-detail/36715167-ecb3-45b6-8c01-4518a32c8575
3ca3e949-e238-41d0-b8b5-fa60d318bf93,71030910040001,RENGAS MOTOR,UMKM,0. Tidak Ditemukan,https://fasih-sm.bps.go.id/app/assignment-detail/3ca3e949-e238-41d0-b8b5-fa60d318bf93
490171f8-e0ab-42a6-b200-dc4b45402cf5,71030400090002,BENSIN ECERAN (FENNY HESTI TAKASABARE) ,UMKM,0. Tidak Ditemukan,https://fasih-sm.bps.go.id/app/assignment-detail/490171f8-e0ab-42a6-b200-dc4b45402cf5
4d9db646-d88f-4275-8e2b-0d9a7e780071,71031000050004,ES BATU (ANI MANDAHARI),UMKM,0. Tidak Ditemukan,https://fasih-sm.bps.go.id/app/assignment-detail/4d9db646-d88f-4275-8e2b-0d9a7e780071
6b963513-f125-40f5-8c69-b14023f4c9e3,71031100010001,PENGOLAHAN KOPRA (YAKOB ) ,UMKM,0. Tidak Ditemukan,https://fasih-sm.bps.go.id/app/assignment-detail/6b963513-f125-40f5-8c69-b14023f4c9e3
749b3150-b490-4099-a6bd-3231059f9d28,71030800050001,WARUNG CHIA,UMKM,0. Tidak Ditemukan,https://fasih-sm.bps.go.id/app/assignment-detail/749b3150-b490-4099-a6bd-3231059f9d28
783c1499-4feb-46ef-991d-a6a5f4562e81,71030600140003,TOKO SEMBAKO (IVAN),UMKM,0. Tidak Ditemukan,https://fasih-sm.bps.go.id/app/assignment-detail/783c1499-4feb-46ef-991d-a6a5f4562e81
8bd26d75-e968-4a6d-a39f-2931253f0fd1,71031000030002,KUE KERING (JISMAWATI),OSS Perorangan,0. Tidak Ditemukan,https://fasih-sm.bps.go.id/app/assignment-detail/8bd26d75-e968-4a6d-a39f-2931253f0fd1
9180bd77-55b1-4a26-aa3c-b72438e57f05,71030910040001,PENGUSAHA ANGKUTAN DEMINDER,UMKM,0. Tidak Ditemukan,https://fasih-sm.bps.go.id/app/assignment-detail/9180bd77-55b1-4a26-aa3c-b72438e57f05
96ff9498-69b4-4769-aa2d-326096de3600,71030910030005,TEMPAT PS ( JULISTYANTI LOLEH ) ,UMKM,0. Tidak Ditemukan,https://fasih-sm.bps.go.id/app/assignment-detail/96ff9498-69b4-4769-aa2d-326096de3600
97b2cf7d-8754-4e07-8db9-62e22e722ae0,71031100010001,PENGOLAHAN KOPRA (JERRI ) ,UMKM,0. Tidak Ditemukan,https://fasih-sm.bps.go.id/app/assignment-detail/97b2cf7d-8754-4e07-8db9-62e22e722ae0
99f37c31-ce56-4dae-9d12-8d83fbcd2087,71030400110002,PENGGERGAJIAN KAYU ATAU PAPAN (DENANG),UMKM,0. Tidak Ditemukan,https://fasih-sm.bps.go.id/app/assignment-detail/99f37c31-ce56-4dae-9d12-8d83fbcd2087
a39521d2-285e-4341-9a68-330ad55cf0df,71030900080006,KIOS GRACE JUAL PETI ,bangunan_lain,0. Tidak Ditemukan,https://fasih-sm.bps.go.id/app/assignment-detail/a39521d2-285e-4341-9a68-330ad55cf0df
a803725d-9da5-4544-8500-0e6de09a6df1,71030500110001,DEMSY SUMENDAP,UMKM,0. Tidak Ditemukan,https://fasih-sm.bps.go.id/app/assignment-detail/a803725d-9da5-4544-8500-0e6de09a6df1
acad75bf-ba27-486a-8422-6084f9c94c25,71031000240001,PENJUAL SAYUR (PATMIN) ,UMKM,0. Tidak Ditemukan,https://fasih-sm.bps.go.id/app/assignment-detail/acad75bf-ba27-486a-8422-6084f9c94c25
b0fc7495-d93f-4cf5-b6c2-7efc7fc043ea,71030700060002,SEKRETARIAT MTK,bangunan_lain,0. Tidak Ditemukan,https://fasih-sm.bps.go.id/app/assignment-detail/b0fc7495-d93f-4cf5-b6c2-7efc7fc043ea
b64766aa-ea52-4fb9-9386-670270361bbf,71031000070001,RA AISYIYAH MORONGE,UMKM,0. Tidak Ditemukan,https://fasih-sm.bps.go.id/app/assignment-detail/b64766aa-ea52-4fb9-9386-670270361bbf
bb27518f-d89f-4513-a588-afe96e36a5ca,71031000230001,WARUNG KLONTONG (MARIATI TADETE),UMKM,0. Tidak Ditemukan,https://fasih-sm.bps.go.id/app/assignment-detail/bb27518f-d89f-4513-a588-afe96e36a5ca
beac5bb9-ac09-4f0d-b7f0-61f6c5f0ed8a,71030600100002,WARUNG SEMBAKO,UMKM,0. Tidak Ditemukan,https://fasih-sm.bps.go.id/app/assignment-detail/beac5bb9-ac09-4f0d-b7f0-61f6c5f0ed8a
bef08746-37d5-41bc-b04b-496685441df1,71030900110009,SAMSARED BENGRIT BARAHAMA,OSS Perorangan,0. Tidak Ditemukan,https://fasih-sm.bps.go.id/app/assignment-detail/bef08746-37d5-41bc-b04b-496685441df1
c288c57b-9b19-47f9-92e5-deed8f5256b7,71030410040001,INDUSTRI KOPRA VIDMOND VIDMOND BUDIMAN ,UMKM,0. Tidak Ditemukan,https://fasih-sm.bps.go.id/app/assignment-detail/c288c57b-9b19-47f9-92e5-deed8f5256b7
eadbfaee-0dd5-4c3b-8749-1359cac3ce2e,71031100010002,ANGKUTAN PERDESAAN (MICHAEL),UMKM,0. Tidak Ditemukan,https://fasih-sm.bps.go.id/app/assignment-detail/eadbfaee-0dd5-4c3b-8749-1359cac3ce2e
edd27b95-a779-4880-946f-206184a681cf,71031000280001,PENJUAL IKAN (RISNA) ,UMKM,0. Tidak Ditemukan,https://fasih-sm.bps.go.id/app/assignment-detail/edd27b95-a779-4880-946f-206184a681cf
fb1d8c43-69b5-41f7-b81a-5751c601fb34,71030600170003,WARUNG SEMBAKO (ARKHIMEDES),UMKM,0. Tidak Ditemukan,https://fasih-sm.bps.go.id/app/assignment-detail/fb1d8c43-69b5-41f7-b81a-5751c601fb34
07426783-4929-4982-9c26-7e97a419c854,71030800110003,Kolam Mandi Manganitu,UMKM,0. Tidak Ditemukan,https://fasih-sm.bps.go.id/app/assignment-detail/07426783-4929-4982-9c26-7e97a419c854
13b68ec1-d8fb-4a83-af68-f11fdb6bfb76,71030500110001,WARUNG SEMBAKO (MARSIANA TAGENGGE),UMKM,0. Tidak Ditemukan,https://fasih-sm.bps.go.id/app/assignment-detail/13b68ec1-d8fb-4a83-af68-f11fdb6bfb76
22d9a2ec-994e-4256-9ba6-bb4924338c17,71030910070001,Mitra Mart,UMKM,0. Tidak Ditemukan,https://fasih-sm.bps.go.id/app/assignment-detail/22d9a2ec-994e-4256-9ba6-bb4924338c17
25258d73-f42f-401c-b86d-7d3e8a86722d,71030800080001,JUAL IKAN (YASNI TAKASABARE),UMKM,0. Tidak Ditemukan,https://fasih-sm.bps.go.id/app/assignment-detail/25258d73-f42f-401c-b86d-7d3e8a86722d
2a3ea48c-8b17-4f8e-9ee6-77bf3024689a,71030500110001,PERDAGANGAN IKAN SEGAR (PERDERICE TONDONDAME) ,UMKM,0. Tidak Ditemukan,https://fasih-sm.bps.go.id/app/assignment-detail/2a3ea48c-8b17-4f8e-9ee6-77bf3024689a
2acf03b6-75b5-48e6-87af-6b4015bebd8f,71030400120001,TOKO KELONTONG (KISWATI),UMKM,0. Tidak Ditemukan,https://fasih-sm.bps.go.id/app/assignment-detail/2acf03b6-75b5-48e6-87af-6b4015bebd8f
35a06090-a0ac-4e38-a34a-0d84da07665c,71031000140002,PEMBUATAN ARANG (HAGO),UMKM,0. Tidak Ditemukan,https://fasih-sm.bps.go.id/app/assignment-detail/35a06090-a0ac-4e38-a34a-0d84da07665c
460f6e3a-57b6-4e21-b4d3-d8e0083193aa,71030900130007,HENRA SARTONO BIRAHIM,OSS Perorangan,0. Tidak Ditemukan,https://fasih-sm.bps.go.id/app/assignment-detail/460f6e3a-57b6-4e21-b4d3-d8e0083193aa
762de2c4-e885-4311-9439-fe6e15d4b140,71030500060006,SD YPK DAGHO,UMKM,0. Tidak Ditemukan,https://fasih-sm.bps.go.id/app/assignment-detail/762de2c4-e885-4311-9439-fe6e15d4b140
8c4b41b0-ba7d-4d61-bf6d-85a7a2d60629,71030600080003,KELOMPOK TANI SINAI,UMKM,0. Tidak Ditemukan,https://fasih-sm.bps.go.id/app/assignment-detail/8c4b41b0-ba7d-4d61-bf6d-85a7a2d60629
8fbec9e9-bb61-4358-9616-f08154539831,71030500160002,KOBER MUTIARA HATI,UMKM,0. Tidak Ditemukan,https://fasih-sm.bps.go.id/app/assignment-detail/8fbec9e9-bb61-4358-9616-f08154539831
9d5212df-8ff5-4ad5-bd0b-f19b096572bf,71030700020004,SDN INPRES KAHENESANG,UMKM,0. Tidak Ditemukan,https://fasih-sm.bps.go.id/app/assignment-detail/9d5212df-8ff5-4ad5-bd0b-f19b096572bf
bdefb6d1-41e6-4551-a170-50ec6a60ed1e,71030500110001,WARUNG SEMBAKO (VIBIA NEIDI KABURUANG),UMKM,0. Tidak Ditemukan,https://fasih-sm.bps.go.id/app/assignment-detail/bdefb6d1-41e6-4551-a170-50ec6a60ed1e
2c2b812e-d5af-4a99-a083-228f98c1bc60,71030400070001,NURJANAH SAHUR,OSS Perorangan,0. Tidak Ditemukan,https://fasih-sm.bps.go.id/app/assignment-detail/2c2b812e-d5af-4a99-a083-228f98c1bc60
2cccec9e-3692-48b5-b399-595dd4d209fa,71031000240002,WARUNG MAKAN (DAHLIATI DAHULA) ,UMKM,0. Tidak Ditemukan,https://fasih-sm.bps.go.id/app/assignment-detail/2cccec9e-3692-48b5-b399-595dd4d209fa
339b208f-e5f9-481e-8153-d551011f663a,71030910050009,RUMAH MAKAN KAMPUNG KODOK (MIEN LARENAUNG),UMKM,0. Tidak Ditemukan,https://fasih-sm.bps.go.id/app/assignment-detail/339b208f-e5f9-481e-8153-d551011f663a
843ea31e-cac4-44b7-a870-dd142d4c02b6,71030400120001,BANGUNAN GUDANG,bangunan_lain,0. Tidak Ditemukan,https://fasih-sm.bps.go.id/app/assignment-detail/843ea31e-cac4-44b7-a870-dd142d4c02b6
a5632981-b3f8-461c-878a-03455539e947,71030500160001,JEIFER JUNERENLI KASEUNAUNG,OSS Perorangan,0. Tidak Ditemukan,https://fasih-sm.bps.go.id/app/assignment-detail/a5632981-b3f8-461c-878a-03455539e947
a94f3a7c-f713-45a9-92f4-3475110a8a09,71030600180001,PENGOLAHAN KOPRA (DEMANG),UMKM,0. Tidak Ditemukan,https://fasih-sm.bps.go.id/app/assignment-detail/a94f3a7c-f713-45a9-92f4-3475110a8a09
01f5e08b-e534-43b8-b423-baba77c0af54,71030600080001,SOPIR ANGKUTAN PEDESAAN (GUSTIN),UMKM,0. Tidak Ditemukan,https://fasih-sm.bps.go.id/app/assignment-detail/01f5e08b-e534-43b8-b423-baba77c0af54
1de172ed-9fe3-4ac9-a887-b796e4c808cd,71030500110002,PERDAGANGAN IKAN SEGAR DIPASAR (CHRISTIN YOEL),UMKM,0. Tidak Ditemukan,https://fasih-sm.bps.go.id/app/assignment-detail/1de172ed-9fe3-4ac9-a887-b796e4c808cd
224a4b37-b018-4fbc-8cd2-5620e1c3b5be,71030620010001,USAHA ANGKUTAN DARAT (REFORM),UMKM,0. Tidak Ditemukan,https://fasih-sm.bps.go.id/app/assignment-detail/224a4b37-b018-4fbc-8cd2-5620e1c3b5be
274c8930-c6ce-4157-959e-e868ed679b56,71031000050005,BECAK MOTOR (TARJI),UMKM,0. Tidak Ditemukan,https://fasih-sm.bps.go.id/app/assignment-detail/274c8930-c6ce-4157-959e-e868ed679b56
30352ac4-50a5-467a-a70a-1bbdf9f52dcd,71030600130002,PERAHU TERPATUH ,UMKM,0. Tidak Ditemukan,https://fasih-sm.bps.go.id/app/assignment-detail/30352ac4-50a5-467a-a70a-1bbdf9f52dcd
529530e2-7553-4bad-a7cf-096b24a91f81,71031000280001,BANGUNAN GUDANG SAMPING RUMAH MASRURI SARIBULAN,bangunan_lain,0. Tidak Ditemukan,https://fasih-sm.bps.go.id/app/assignment-detail/529530e2-7553-4bad-a7cf-096b24a91f81
556015fc-e112-4f96-8561-b51a9a2f8c84,71030900070006,CAFE GLORIA (RAFIKA LELAPARI),UMKM,0. Tidak Ditemukan,https://fasih-sm.bps.go.id/app/assignment-detail/556015fc-e112-4f96-8561-b51a9a2f8c84
56dccd8f-1c6d-499c-a865-48ce7e172433,71030920010002,DEPOT ISI ULANG (PAULINA CHRISTIN MANDAK),UMKM,0. Tidak Ditemukan,https://fasih-sm.bps.go.id/app/assignment-detail/56dccd8f-1c6d-499c-a865-48ce7e172433
57d711c7-c8f1-4220-a1d7-1da0aa2b8a86,71031000050004,PULSA (SAHRIL AWUMBAS),UMKM,0. Tidak Ditemukan,https://fasih-sm.bps.go.id/app/assignment-detail/57d711c7-c8f1-4220-a1d7-1da0aa2b8a86
5c1e0f6c-56a7-4f99-88cc-949573b47a83,71030920040004,SUKIRNO (SUKIRNO ),UMKM,0. Tidak Ditemukan,https://fasih-sm.bps.go.id/app/assignment-detail/5c1e0f6c-56a7-4f99-88cc-949573b47a83
5f962e7f-f4cb-4d16-9d94-5491f77fb0bf,71030910070005,PANGKALAN MINYAK TANAH (JOS ELNICH BUDIKASE),UMKM,0. Tidak Ditemukan,https://fasih-sm.bps.go.id/app/assignment-detail/5f962e7f-f4cb-4d16-9d94-5491f77fb0bf
5fa3239e-71d5-4f24-9d89-9ac569e4493f,71030500110001,JUAL ES ANEKA RASA (NICHIO HOSITA ABRAM),UMKM,0. Tidak Ditemukan,https://fasih-sm.bps.go.id/app/assignment-detail/5fa3239e-71d5-4f24-9d89-9ac569e4493f
668c5552-03e6-4b0e-a1c3-45e1b45de8af,71030500060005,SDN INPRES DAGHO,UMKM,0. Tidak Ditemukan,https://fasih-sm.bps.go.id/app/assignment-detail/668c5552-03e6-4b0e-a1c3-45e1b45de8af
72aff76a-6763-42d6-b7b8-8e1f6f8ad631,71030600090003,USAHA JUAL PERTALITE ENCERAN (SELSIUS TAHENDUNG) ,UMKM,0. Tidak Ditemukan,https://fasih-sm.bps.go.id/app/assignment-detail/72aff76a-6763-42d6-b7b8-8e1f6f8ad631
75b6bd96-7576-448c-b28b-cf0231eed2c7,71030500070006,JUAL BENSIN (OTNIEL) ,UMKM,0. Tidak Ditemukan,https://fasih-sm.bps.go.id/app/assignment-detail/75b6bd96-7576-448c-b28b-cf0231eed2c7
8a4a7065-e4ef-4a7d-87cc-07b282bbee77,71031000050002,APMS PETTA,UMKM,0. Tidak Ditemukan,https://fasih-sm.bps.go.id/app/assignment-detail/8a4a7065-e4ef-4a7d-87cc-07b282bbee77
8aa8bcd2-2618-4b93-9d21-26fd4f040d3d,71030910040001,KIOS SEMBAKO BUNIANI KATIANDAGHO,UMKM,0. Tidak Ditemukan,https://fasih-sm.bps.go.id/app/assignment-detail/8aa8bcd2-2618-4b93-9d21-26fd4f040d3d
964b2dc4-344a-44d7-98ff-a0ba1edb40d9,71030600140004,WARUNG MAKAN (MBA),UMKM,0. Tidak Ditemukan,https://fasih-sm.bps.go.id/app/assignment-detail/964b2dc4-344a-44d7-98ff-a0ba1edb40d9
97df9c94-359f-4d9c-bbce-3747734a2ad1,71031000230001,MENJUAL PULSA (MASHUDI),UMKM,0. Tidak Ditemukan,https://fasih-sm.bps.go.id/app/assignment-detail/97df9c94-359f-4d9c-bbce-3747734a2ad1
a136f40b-f77b-451e-b155-5c2da967eee2,71030500110001,ANGKUTAN DARAT PENUMPANG (FRIEND HEART LENONAUNG ),UMKM,0. Tidak Ditemukan,https://fasih-sm.bps.go.id/app/assignment-detail/a136f40b-f77b-451e-b155-5c2da967eee2
a64468fd-ab4f-4f4a-897e-ccc1347ee5a3,71030800030001,WARUNG SEMBAKO (YOKSAN),UMKM,0. Tidak Ditemukan,https://fasih-sm.bps.go.id/app/assignment-detail/a64468fd-ab4f-4f4a-897e-ccc1347ee5a3
d108188f-7056-4470-a07f-4b79dbdd9d9c,71030900070002,,UMKM,0. Tidak Ditemukan,https://fasih-sm.bps.go.id/app/assignment-detail/d108188f-7056-4470-a07f-4b79dbdd9d9c
d5afb69c-a401-4e69-853c-3353af2edc60,71030900080008,PENJUAL DAGING BABI ,UMKM,0. Tidak Ditemukan,https://fasih-sm.bps.go.id/app/assignment-detail/d5afb69c-a401-4e69-853c-3353af2edc60
dcc44810-8ed2-4886-bda2-28c5cd4921d1,71030910030009,PANGKALAN MINYAK TANAH (HASNA SASIKOME ),UMKM,0. Tidak Ditemukan,https://fasih-sm.bps.go.id/app/assignment-detail/dcc44810-8ed2-4886-bda2-28c5cd4921d1
dd420059-2345-4141-93e3-ab16586f41f8,71030800090002,WARUNG SEMBAKO (ORPA BANGKARULE),UMKM,0. Tidak Ditemukan,https://fasih-sm.bps.go.id/app/assignment-detail/dd420059-2345-4141-93e3-ab16586f41f8
4ed31123-bffd-411c-aafa-16d6f90fc596,71031000030001,RUMAH MAKAN (SURYANI) ,UMKM,0. Tidak Ditemukan,https://fasih-sm.bps.go.id/app/assignment-detail/4ed31123-bffd-411c-aafa-16d6f90fc596
6cd97675-45d6-4ec0-baa2-7bbb33b5a5c3,71030900100005,H-ACCESORIES (EVRON MAATIPUDE) ,UMKM,0. Tidak Ditemukan,https://fasih-sm.bps.go.id/app/assignment-detail/6cd97675-45d6-4ec0-baa2-7bbb33b5a5c3
a1f12d17-e17b-4ec7-9587-8f673faabcd1,71030800120003,ANGKUTAN PERDESAAN (JUDA),UMKM,0. Tidak Ditemukan,https://fasih-sm.bps.go.id/app/assignment-detail/a1f12d17-e17b-4ec7-9587-8f673faabcd1
cc0d5951-2f42-48a9-9638-4f3ce2a3bdfd,71030900070013,PENJUAL IKAN (KRISTINCE AER) (KRISTINCE AER,UMKM,0. Tidak Ditemukan,https://fasih-sm.bps.go.id/app/assignment-detail/cc0d5951-2f42-48a9-9638-4f3ce2a3bdfd
fc088a1f-bcbd-4488-aa24-68d8efb2474c,71031100020004,CAHAYA MART (BERWIN SAMALAM) ,UMKM,0. Tidak Ditemukan,https://fasih-sm.bps.go.id/app/assignment-detail/fc088a1f-bcbd-4488-aa24-68d8efb2474c
6e1318cd-d1ff-48a7-b3ab-f2178323d31f,71030910070004,SALON KECANTIKAN (JULIANTI REVITA MANGISO),UMKM,0. Tidak Ditemukan,https://fasih-sm.bps.go.id/app/assignment-detail/6e1318cd-d1ff-48a7-b3ab-f2178323d31f
89d69b2d-9b78-4311-8266-3ee69f4a64af,71030700060002,WARUNG SEMBAKO (YOLANDA DALOPE) ,UMKM,0. Tidak Ditemukan,https://fasih-sm.bps.go.id/app/assignment-detail/89d69b2d-9b78-4311-8266-3ee69f4a64af
925f1857-fe21-4252-8462-893d830c727e,71030800060005,PENGOLAHAN SAGU (STEVEN MANDALIKA),UMKM,0. Tidak Ditemukan,https://fasih-sm.bps.go.id/app/assignment-detail/925f1857-fe21-4252-8462-893d830c727e
a4cac1df-30e0-44f9-a9be-54983111f956,71031100060001,USAHA ANGKUTAN (HEPPY),UMKM,0. Tidak Ditemukan,https://fasih-sm.bps.go.id/app/assignment-detail/a4cac1df-30e0-44f9-a9be-54983111f956
a94dfb34-e945-43cc-81ec-9fb8dc31e5e9,71030500110001,WARUNG SEMBAKO (GRETHA JEANE LOMBONGADIL),UMKM,0. Tidak Ditemukan,https://fasih-sm.bps.go.id/app/assignment-detail/a94dfb34-e945-43cc-81ec-9fb8dc31e5e9
b3b7d463-b16f-4819-b196-510696afd37f,71030500110001,WARUNG SEMBAKO (FENTJE SERAT),UMKM,0. Tidak Ditemukan,https://fasih-sm.bps.go.id/app/assignment-detail/b3b7d463-b16f-4819-b196-510696afd37f
b513371e-762a-4ebf-b4ae-2a8d2fd08fc9,71031000010003,PANDAI BESI (HANDRI MULI),UMKM,0. Tidak Ditemukan,https://fasih-sm.bps.go.id/app/assignment-detail/b513371e-762a-4ebf-b4ae-2a8d2fd08fc9
f313bd1d-e61e-49a6-8a3c-d9bc901e61ea,71031000230003,JALIA MANGUMPAUS (JALIA MANGUMPAUS),UMKM,0. Tidak Ditemukan,https://fasih-sm.bps.go.id/app/assignment-detail/f313bd1d-e61e-49a6-8a3c-d9bc901e61ea
af773739-853d-4c69-a154-79de2d56bfbc,71030910040010,"PT, PERUM BULOG CABANG TAHUNA RITNO",UMKM,0. Tidak Ditemukan,https://fasih-sm.bps.go.id/app/assignment-detail/af773739-853d-4c69-a154-79de2d56bfbc
0429309a-3a0f-4978-8d7e-0543b4a42aa4,71031000030003,KUE KERING (JUNIATI DANDEL),OSS Perorangan,0. Tidak Ditemukan,https://fasih-sm.bps.go.id/app/assignment-detail/0429309a-3a0f-4978-8d7e-0543b4a42aa4
097aec2c-a05f-4edc-9d83-14af20c4357d,71031000230001,USAHA KOPRA (BRANTAS BAWOEL),UMKM,0. Tidak Ditemukan,https://fasih-sm.bps.go.id/app/assignment-detail/097aec2c-a05f-4edc-9d83-14af20c4357d
0cc4562c-7631-47e2-be9d-4068c91769fa,71030400080001,KOPRASI IKAN ALBERTUS MAKALISANG,UMKM,0. Tidak Ditemukan,https://fasih-sm.bps.go.id/app/assignment-detail/0cc4562c-7631-47e2-be9d-4068c91769fa
10e9eb84-d253-4eb0-8509-5079dbebc0d6,71030910030006,GREEN LAUNDRY,UMKM,0. Tidak Ditemukan,https://fasih-sm.bps.go.id/app/assignment-detail/10e9eb84-d253-4eb0-8509-5079dbebc0d6
12721bf4-37a6-4414-84fb-982f989910f0,71030500190001,TK SENGKANAUNG KALINDA,UMKM,0. Tidak Ditemukan,https://fasih-sm.bps.go.id/app/assignment-detail/12721bf4-37a6-4414-84fb-982f989910f0
169f6f22-9c51-4c4f-ac77-9fc34093a393,71031000050003,BAKSO (MAULANA),UMKM,0. Tidak Ditemukan,https://fasih-sm.bps.go.id/app/assignment-detail/169f6f22-9c51-4c4f-ac77-9fc34093a393
2194c121-fd21-4d71-be7a-e741ba1db78c,71030600160002,WARUNG SEMBAKO(LENI),UMKM,0. Tidak Ditemukan,https://fasih-sm.bps.go.id/app/assignment-detail/2194c121-fd21-4d71-be7a-e741ba1db78c
257d84db-9582-4224-bb1d-37add3faa76c,71030500110001,BENGKEL MOTOR ( DANIEL PETER RAMPISELA),UMKM,0. Tidak Ditemukan,https://fasih-sm.bps.go.id/app/assignment-detail/257d84db-9582-4224-bb1d-37add3faa76c
2b39d348-95cb-430e-8db7-d933abee4218,71030700060001,SAYURAN NET TUMADANG,UMKM,0. Tidak Ditemukan,https://fasih-sm.bps.go.id/app/assignment-detail/2b39d348-95cb-430e-8db7-d933abee4218
2b5f5ec3-b591-46bc-8ac6-fb555060be5b,71030600170002,PRODUK ANYAMAN (ABSALON),UMKM,0. Tidak Ditemukan,https://fasih-sm.bps.go.id/app/assignment-detail/2b5f5ec3-b591-46bc-8ac6-fb555060be5b
2cff5ddb-2aab-4778-b957-c20b69f0c3e6,71031100020001,TUKANG KAYU CHARLES MANOPPO,UMKM,0. Tidak Ditemukan,https://fasih-sm.bps.go.id/app/assignment-detail/2cff5ddb-2aab-4778-b957-c20b69f0c3e6
2d28f5df-2442-4c27-857f-2569c1e5e367,71031000090006,RM (JOSUA),UMKM,0. Tidak Ditemukan,https://fasih-sm.bps.go.id/app/assignment-detail/2d28f5df-2442-4c27-857f-2569c1e5e367
3838565f-720a-4895-a565-f74e705174c4,71030400120001,JASSENDO SENTOSA MANDIRI,UMKM,0. Tidak Ditemukan,https://fasih-sm.bps.go.id/app/assignment-detail/3838565f-720a-4895-a565-f74e705174c4
43bbe308-bd10-470b-9ac7-966a72328178,71030900070001,PASTORI JEMAAT IMANUEL TAHUNA ,bangunan_lain,0. Tidak Ditemukan,https://fasih-sm.bps.go.id/app/assignment-detail/43bbe308-bd10-470b-9ac7-966a72328178
51deeb7e-3f90-4f2d-9435-2e25e14a5ca8,71030800010001,WARUNG SEMBAKO (RANIA SOBA),UMKM,0. Tidak Ditemukan,https://fasih-sm.bps.go.id/app/assignment-detail/51deeb7e-3f90-4f2d-9435-2e25e14a5ca8
5823bdd1-3e2c-4efc-b436-867f7f7d9d40,71030900070006,JONES FERDINAND ADRIAAN,OSS Perorangan,0. Tidak Ditemukan,https://fasih-sm.bps.go.id/app/assignment-detail/5823bdd1-3e2c-4efc-b436-867f7f7d9d40
5b667893-282b-4a3e-993c-6266ca61261b,71031000280001,TIBO TIBO SAYUR DAN BUAH (SARTJE PANSARIANG) ,UMKM,0. Tidak Ditemukan,https://fasih-sm.bps.go.id/app/assignment-detail/5b667893-282b-4a3e-993c-6266ca61261b
60f5b98f-988a-42cb-ae6d-63b34fe90d19,71030400120001,WARUNG SEMBAKO (MARIA BENYAMIN),UMKM,0. Tidak Ditemukan,https://fasih-sm.bps.go.id/app/assignment-detail/60f5b98f-988a-42cb-ae6d-63b34fe90d19
77d71f1c-6b8d-411a-9d9f-dfa792cb6019,71031000050002,KUE BASAH (MUTIARA),UMKM,0. Tidak Ditemukan,https://fasih-sm.bps.go.id/app/assignment-detail/77d71f1c-6b8d-411a-9d9f-dfa792cb6019
7b8968d1-0209-4f2f-ba6a-6567376a51d0,71031000090006,TENAN MAS JANU (JANU),UMKM,0. Tidak Ditemukan,https://fasih-sm.bps.go.id/app/assignment-detail/7b8968d1-0209-4f2f-ba6a-6567376a51d0
859d8a58-8028-4169-8618-c4f984ef2de4,71031000090003,TPQ AN NI'MA NAHA,UMKM,0. Tidak Ditemukan,https://fasih-sm.bps.go.id/app/assignment-detail/859d8a58-8028-4169-8618-c4f984ef2de4
8927928d-3bf1-430f-b680-44ecd6d40a52,71031100010001,BENGKEL MOTOR ZULVIKI NAIDI,UMKM,0. Tidak Ditemukan,https://fasih-sm.bps.go.id/app/assignment-detail/8927928d-3bf1-430f-b680-44ecd6d40a52
89faaffa-60c5-4a76-9398-b04d2a778021,71030500080003,PANGKALAN MINYAK TANAH (RETY RIANGKAMANG),UMKM,0. Tidak Ditemukan,https://fasih-sm.bps.go.id/app/assignment-detail/89faaffa-60c5-4a76-9398-b04d2a778021
8a9e7b1c-3132-4a67-98ca-32c6c7e115f3,71031000280001,DEPOT AIR MINUM,UMKM,0. Tidak Ditemukan,https://fasih-sm.bps.go.id/app/assignment-detail/8a9e7b1c-3132-4a67-98ca-32c6c7e115f3
b4579480-df74-4527-9487-08c37d063c2a,71031000210003,DEKORASI PELAMINAN (SELVIA UDINGAN ),UMKM,0. Tidak Ditemukan,https://fasih-sm.bps.go.id/app/assignment-detail/b4579480-df74-4527-9487-08c37d063c2a
b718f2fb-24d2-4379-b278-8c8c36f8c570,71031000060002,BENGKEL ARKA (NEIL ADRIAN BOHAM) ,UMKM,0. Tidak Ditemukan,https://fasih-sm.bps.go.id/app/assignment-detail/b718f2fb-24d2-4379-b278-8c8c36f8c570
bb662760-e3bc-4957-83e2-899d6f64e723,71030600100002,WARUNG KECIL-KECILAN,UMKM,0. Tidak Ditemukan,https://fasih-sm.bps.go.id/app/assignment-detail/bb662760-e3bc-4957-83e2-899d6f64e723
c7c1c52b-f0cc-433a-9b35-cf1f29476567,71030600170003,PRODUK ANYAMAN (ISAK TALUMINGAN),UMKM,0. Tidak Ditemukan,https://fasih-sm.bps.go.id/app/assignment-detail/c7c1c52b-f0cc-433a-9b35-cf1f29476567
cee47aec-7d31-41b6-b796-e4136f6f1054,71030500110001,KANTOR RESORT TAMAKO,bangunan_lain,0. Tidak Ditemukan,https://fasih-sm.bps.go.id/app/assignment-detail/cee47aec-7d31-41b6-b796-e4136f6f1054
cf5b7ec4-a4d6-4a41-b572-19a04bb288d6,71031000230001,WARUNG SEMBAKO (MARIA),UMKM,0. Tidak Ditemukan,https://fasih-sm.bps.go.id/app/assignment-detail/cf5b7ec4-a4d6-4a41-b572-19a04bb288d6
d5186f2c-8697-4922-bc0f-89398bc96de1,71031000050002,RUMAH MAKAN (NORMA),UMKM,0. Tidak Ditemukan,https://fasih-sm.bps.go.id/app/assignment-detail/d5186f2c-8697-4922-bc0f-89398bc96de1
d9fa9e91-2b31-4f16-afb4-28fdac9970bb,71030600080002,"DAYVON, CV",UMKM,0. Tidak Ditemukan,https://fasih-sm.bps.go.id/app/assignment-detail/d9fa9e91-2b31-4f16-afb4-28fdac9970bb
e1129d8e-adb4-40d9-9ec9-81c38f36f28e,71031000060005,JUAL IKAN (SUDRA MANOSSOH) ,UMKM,0. Tidak Ditemukan,https://fasih-sm.bps.go.id/app/assignment-detail/e1129d8e-adb4-40d9-9ec9-81c38f36f28e
f9e56b4b-6118-44eb-85a4-15aa11a591fd,71030700050002,MAKANAN SIAP SAJI ANICE WANGKA,UMKM,0. Tidak Ditemukan,https://fasih-sm.bps.go.id/app/assignment-detail/f9e56b4b-6118-44eb-85a4-15aa11a591fd
0d35442b-7de9-4ed9-804d-2df07e0cb672,71031100020004,KANTIN BERKAH (MIRNA HUSAIN) ,UMKM,0. Tidak Ditemukan,https://fasih-sm.bps.go.id/app/assignment-detail/0d35442b-7de9-4ed9-804d-2df07e0cb672
30414195-ddd1-4dfd-ac5c-195c537ffd8b,71030900140006,SIOMAY BAROKAH (SRI WAHYUNINGSIH),UMKM,0. Tidak Ditemukan,https://fasih-sm.bps.go.id/app/assignment-detail/30414195-ddd1-4dfd-ac5c-195c537ffd8b
47ce6fc1-9893-459b-8290-fa3de1cb51a2,71030600140004,WARUNG SEMBAKO ( NETRINA NALANTIRO),UMKM,0. Tidak Ditemukan,https://fasih-sm.bps.go.id/app/assignment-detail/47ce6fc1-9893-459b-8290-fa3de1cb51a2
4b90afe7-2b43-4f9d-b7e4-043fb924ae95,71031000060001,TPA NURUDDIN PETTA,UMKM,0. Tidak Ditemukan,https://fasih-sm.bps.go.id/app/assignment-detail/4b90afe7-2b43-4f9d-b7e4-043fb924ae95
4b9dfd07-f00e-46ff-9278-52bfb568e308,71030920040004,USAHA AYAM GEPREK (DEBBY ELISABED ROSNIATI SARAPI),UMKM,0. Tidak Ditemukan,https://fasih-sm.bps.go.id/app/assignment-detail/4b9dfd07-f00e-46ff-9278-52bfb568e308
67a0bcc8-1938-4423-abfb-fd65942ec361,71030900130005,RENALDA SISLIA POKARILA,OSS Perorangan,0. Tidak Ditemukan,https://fasih-sm.bps.go.id/app/assignment-detail/67a0bcc8-1938-4423-abfb-fd65942ec361
951da471-4942-4cb3-83b1-52357a95373d,71030700130001,WARUNG SEMBAKO (FERDI MANDAK) ,UMKM,0. Tidak Ditemukan,https://fasih-sm.bps.go.id/app/assignment-detail/951da471-4942-4cb3-83b1-52357a95373d
95c583c7-487f-4fdd-b5ab-67c28ae7b3a2,71030400120001,PENJUAL KUE BASAH (JELBITA MAKATIHO),UMKM,0. Tidak Ditemukan,https://fasih-sm.bps.go.id/app/assignment-detail/95c583c7-487f-4fdd-b5ab-67c28ae7b3a2
a3db38a7-01dc-4986-a272-929563ff9204,71031010042003,DUMMY,dummy,0. Tidak Ditemukan,https://fasih-sm.bps.go.id/app/assignment-detail/a3db38a7-01dc-4986-a272-929563ff9204
b91f54c3-ea07-42f9-bfef-595d210d0965,71031000030004,KB CERIA LENGANENG,UMKM,0. Tidak Ditemukan,https://fasih-sm.bps.go.id/app/assignment-detail/b91f54c3-ea07-42f9-bfef-595d210d0965
c8857552-c8c8-4880-8e40-7a89d7d060b6,71030600150002,KANTIN (PAULICE RAKINAUNG),UMKM,0. Tidak Ditemukan,https://fasih-sm.bps.go.id/app/assignment-detail/c8857552-c8c8-4880-8e40-7a89d7d060b6
cb105831-8459-4fab-844a-feefd75d564b,71030600140004,JUAL BENSIN (NETRINA NALANTIRO ),UMKM,0. Tidak Ditemukan,https://fasih-sm.bps.go.id/app/assignment-detail/cb105831-8459-4fab-844a-feefd75d564b
cd2d4024-6783-4c3d-8269-0e382dbc7433,71030500110001,PENJUAL BENSIN (OCTAVIANA DARUI),UMKM,0. Tidak Ditemukan,https://fasih-sm.bps.go.id/app/assignment-detail/cd2d4024-6783-4c3d-8269-0e382dbc7433
0530f2ba-c382-4ad0-84fc-14cedc25a41d,71030900070011,PENJUAL DAGING BABI (JEHUT PONTIUS),UMKM,0. Tidak Ditemukan,https://fasih-sm.bps.go.id/app/assignment-detail/0530f2ba-c382-4ad0-84fc-14cedc25a41d
0ccd4287-7cf3-46f1-85c3-04efbddef398,71031000230003,USAHA JUAL SAYUR (SITI SAPUR AMBAR),UMKM,0. Tidak Ditemukan,https://fasih-sm.bps.go.id/app/assignment-detail/0ccd4287-7cf3-46f1-85c3-04efbddef398
115b8c7f-9b78-4efc-8ec1-aaf8c7a36469,71030700020001,MENJUAL REMPAH REMPAH (DORNARINE MAKAGIANTANG),UMKM,0. Tidak Ditemukan,https://fasih-sm.bps.go.id/app/assignment-detail/115b8c7f-9b78-4efc-8ec1-aaf8c7a36469
2ca7845b-4cda-4b61-9014-fd726802f37b,71031000090001,WINGS ABADI,UMKM,0. Tidak Ditemukan,https://fasih-sm.bps.go.id/app/assignment-detail/2ca7845b-4cda-4b61-9014-fd726802f37b
2e89b7da-92f0-4d07-8208-7b8628b8ea82,71031000140002,WARUNG KELONTONG (OLDISAN SANTOSA),UMKM,0. Tidak Ditemukan,https://fasih-sm.bps.go.id/app/assignment-detail/2e89b7da-92f0-4d07-8208-7b8628b8ea82
3d2223a8-bdf9-4630-9afc-0f2bfa9ce790,71030920010006,RA AISYIYAH ALBAYAN MANENTE,UMKM,0. Tidak Ditemukan,https://fasih-sm.bps.go.id/app/assignment-detail/3d2223a8-bdf9-4630-9afc-0f2bfa9ce790
3f3491c7-daec-417d-9140-bb391331aff2,71030500110001,PENJUAL BABI PUTAR (TINTJE WALUYAN),UMKM,0. Tidak Ditemukan,https://fasih-sm.bps.go.id/app/assignment-detail/3f3491c7-daec-417d-9140-bb391331aff2
451f3ee6-e6f3-46e0-bcfd-a07a7b6b855f,71030910080006,EURIKE,UMKM,0. Tidak Ditemukan,https://fasih-sm.bps.go.id/app/assignment-detail/451f3ee6-e6f3-46e0-bcfd-a07a7b6b855f
56524d3c-0a99-4d51-8e3d-1c70336243f2,71030900080002,BARBEAR SHOP (JODI JANWAR KATIANDAGHO),UMKM,0. Tidak Ditemukan,https://fasih-sm.bps.go.id/app/assignment-detail/56524d3c-0a99-4d51-8e3d-1c70336243f2
629ba0f8-d2e2-418a-9c5c-707b93bcb4c6,71030900070007,KIOS PULSA JOHN RANGKE PARASO,UMKM,0. Tidak Ditemukan,https://fasih-sm.bps.go.id/app/assignment-detail/629ba0f8-d2e2-418a-9c5c-707b93bcb4c6
672aa9d0-6b53-4f6b-88a6-f1822e368d14,71030900140005,PANGKAS RAMBUT (VEEITY WOLFOWITZ TAKASIHAENG),UMKM,0. Tidak Ditemukan,https://fasih-sm.bps.go.id/app/assignment-detail/672aa9d0-6b53-4f6b-88a6-f1822e368d14
6b15ac5d-f6e2-47d0-afe4-56d42cd22729,71030700020004,PENJUAL IKAN SEGAR (HOSIANA MATHEOS),UMKM,0. Tidak Ditemukan,https://fasih-sm.bps.go.id/app/assignment-detail/6b15ac5d-f6e2-47d0-afe4-56d42cd22729
9d115f15-7b50-44d9-8288-3643324efdef,71031000140002,SAYUR-SAYURAN (TRUJTE MAKATIMBANG ),UMKM,0. Tidak Ditemukan,https://fasih-sm.bps.go.id/app/assignment-detail/9d115f15-7b50-44d9-8288-3643324efdef
a1f155f7-4062-44c0-adee-56eb168e1f27,71030910080004,HEYHO AKSESORIS (DEWI PERMATASARI ANTHONI),UMKM,0. Tidak Ditemukan,https://fasih-sm.bps.go.id/app/assignment-detail/a1f155f7-4062-44c0-adee-56eb168e1f27
d57f53d0-f950-4f96-a0fe-0ac57628f326,71030910040007,TEMPAT MENJAHIT (SAKEOS FRANKLIN) (SAKEOS FRANKLIN YAKOBS ) ,UMKM,0. Tidak Ditemukan,https://fasih-sm.bps.go.id/app/assignment-detail/d57f53d0-f950-4f96-a0fe-0ac57628f326
e312341b-c2f9-4ae4-8542-e0f35d78eeb2,71030600140003,JUALAN KELONTONG (MUHAMMAD ARIF),UMKM,0. Tidak Ditemukan,https://fasih-sm.bps.go.id/app/assignment-detail/e312341b-c2f9-4ae4-8542-e0f35d78eeb2
e7fea967-e529-4a2e-aa0f-326518b3518c,71030800170001,PENGOLAHAN KOPRA (AHUSTA),UMKM,0. Tidak Ditemukan,https://fasih-sm.bps.go.id/app/assignment-detail/e7fea967-e529-4a2e-aa0f-326518b3518c
121f547e-711f-47af-ab94-654a0dc6687f,71030400150001,INDUSTRI KOPRA (MEKIEL MAPIA) ,UMKM,0. Tidak Ditemukan,https://fasih-sm.bps.go.id/app/assignment-detail/121f547e-711f-47af-ab94-654a0dc6687f
14942d29-1827-45a2-8f2a-6f22e3ea6b15,71031000050002,TOKO KELONTONG (RONAL),UMKM,0. Tidak Ditemukan,https://fasih-sm.bps.go.id/app/assignment-detail/14942d29-1827-45a2-8f2a-6f22e3ea6b15
36d54763-48cb-46f5-8a30-03b252c31aeb,71030910030009,JASA PENGIRIMAN BARANG (J N E),UMKM,0. Tidak Ditemukan,https://fasih-sm.bps.go.id/app/assignment-detail/36d54763-48cb-46f5-8a30-03b252c31aeb
55c29b3d-bf81-4135-8573-1a2ea6f763e4,71030600180001,KUE BASAH (UNITJE),UMKM,0. Tidak Ditemukan,https://fasih-sm.bps.go.id/app/assignment-detail/55c29b3d-bf81-4135-8573-1a2ea6f763e4
6379b7e4-8451-49fc-8d57-da27fdc59cd8,71030910040003,KERUPUK ANUGERAH (AGRIVANI ANTHONETA SOLEMAN),UMKM,0. Tidak Ditemukan,https://fasih-sm.bps.go.id/app/assignment-detail/6379b7e4-8451-49fc-8d57-da27fdc59cd8
637bb307-dc83-4a33-b970-91f46e793b72,71031000050003,NUR ASIA JUNUS,OSS Perorangan,0. Tidak Ditemukan,https://fasih-sm.bps.go.id/app/assignment-detail/637bb307-dc83-4a33-b970-91f46e793b72
6f2da774-84f3-45dd-9248-aa541df6e25c,71030900070006,PENJUAL PETRALITE (MARCELINO ANDRO PABELO),UMKM,0. Tidak Ditemukan,https://fasih-sm.bps.go.id/app/assignment-detail/6f2da774-84f3-45dd-9248-aa541df6e25c
72099c78-df2a-4119-afc3-de1efd0c8fd5,71030900090005,MENJUAL PERTALITE (BEATRCEAX),UMKM,0. Tidak Ditemukan,https://fasih-sm.bps.go.id/app/assignment-detail/72099c78-df2a-4119-afc3-de1efd0c8fd5
7232b88a-d888-41cf-b48e-df9c4ead0a8f,71031000110004,PERDAGANGAN AKSESORI MOTOR HERMAN HULOPI,UMKM,0. Tidak Ditemukan,https://fasih-sm.bps.go.id/app/assignment-detail/7232b88a-d888-41cf-b48e-df9c4ead0a8f
7de3cae5-7e65-457a-9589-2b6d0c7e6321,71030400110008,PAUD,UMKM,0. Tidak Ditemukan,https://fasih-sm.bps.go.id/app/assignment-detail/7de3cae5-7e65-457a-9589-2b6d0c7e6321
8b33a2ac-40d1-4d21-a869-05ad712f7ea3,71031000280001,TUKANG OJEK (FAJRI) ,UMKM,0. Tidak Ditemukan,https://fasih-sm.bps.go.id/app/assignment-detail/8b33a2ac-40d1-4d21-a869-05ad712f7ea3
8f357b4f-a4d4-48da-9cea-1bb2062db474,71030800170001,PENGOLAHAN KOPRA (SATRIUS),UMKM,0. Tidak Ditemukan,https://fasih-sm.bps.go.id/app/assignment-detail/8f357b4f-a4d4-48da-9cea-1bb2062db474
912d8a93-c20d-4ea6-9b7e-d95075b4b578,71030900120006,KLARA ROSA PINTHA,OSS Perorangan,0. Tidak Ditemukan,https://fasih-sm.bps.go.id/app/assignment-detail/912d8a93-c20d-4ea6-9b7e-d95075b4b578
93531448-7728-479f-a7dd-1455718d8f9f,71030910080005,SALON BRIDAL (ANE KORAKORA),UMKM,0. Tidak Ditemukan,https://fasih-sm.bps.go.id/app/assignment-detail/93531448-7728-479f-a7dd-1455718d8f9f
a20c108c-7f4e-4ad3-8fbd-cceef60d34f4,71030800090002,USAHA KOPRA (NOPINCE LAHEA),UMKM,0. Tidak Ditemukan,https://fasih-sm.bps.go.id/app/assignment-detail/a20c108c-7f4e-4ad3-8fbd-cceef60d34f4
b3bd0a01-3df1-4c58-9511-a87d86f3e71a,71030500110001,TOKO OBAT( ELISYE NETH PONTOH ),UMKM,0. Tidak Ditemukan,https://fasih-sm.bps.go.id/app/assignment-detail/b3bd0a01-3df1-4c58-9511-a87d86f3e71a
b53c94c9-6e1c-477a-8b5e-bf9728812ec7,71030500030003,INDUSTRI KOPRA (OKTAFIANUS BISANDORONG),UMKM,0. Tidak Ditemukan,https://fasih-sm.bps.go.id/app/assignment-detail/b53c94c9-6e1c-477a-8b5e-bf9728812ec7
c8f37415-8eed-42d1-a6f6-5dfe6563039e,71030900100005,KIOS BUKU SOLAGRATIA (THEODORIUS YOYAKIM TAUNAUMANG) ,UMKM,0. Tidak Ditemukan,https://fasih-sm.bps.go.id/app/assignment-detail/c8f37415-8eed-42d1-a6f6-5dfe6563039e
d912958f-3024-46f0-8078-d6df045165b8,71031000250001,PARA PARA KOPRA,bangunan_lain,0. Tidak Ditemukan,https://fasih-sm.bps.go.id/app/assignment-detail/d912958f-3024-46f0-8078-d6df045165b8
da99c1cf-daa0-4712-a3b1-4d9adec38b62,71031020030002,WARUNG KLONTONG RAKIBEN ANSAR,UMKM,0. Tidak Ditemukan,https://fasih-sm.bps.go.id/app/assignment-detail/da99c1cf-daa0-4712-a3b1-4d9adec38b62
f10c41c1-813a-4ff3-8cfe-a804ca66a2c8,71030400110002,,UMKM,0. Tidak Ditemukan,https://fasih-sm.bps.go.id/app/assignment-detail/f10c41c1-813a-4ff3-8cfe-a804ca66a2c8
f4219edb-13fc-43c7-a4c2-6358fd03f0f3,71030400110002,GEDUNG GEREJA GPDI,bangunan_lain,0. Tidak Ditemukan,https://fasih-sm.bps.go.id/app/assignment-detail/f4219edb-13fc-43c7-a4c2-6358fd03f0f3
f869e5b0-9b2b-4661-b5c2-73746137e4e3,71030600170003,KOPRA (PENIEL TALUMINGAN),UMKM,0. Tidak Ditemukan,https://fasih-sm.bps.go.id/app/assignment-detail/f869e5b0-9b2b-4661-b5c2-73746137e4e3
19acff9f-76ec-4960-b812-f84e54841a86,71030500160002,JUAL GORENGAN (DELVIANA),UMKM,0. Tidak Ditemukan,https://fasih-sm.bps.go.id/app/assignment-detail/19acff9f-76ec-4960-b812-f84e54841a86
1bf4cd46-a5be-41f7-ae51-be4213ea2796,71031000010003,PANDAI BESI(HEMCE BAWELE),UMKM,0. Tidak Ditemukan,https://fasih-sm.bps.go.id/app/assignment-detail/1bf4cd46-a5be-41f7-ae51-be4213ea2796
25f70646-85e9-4926-861a-3a476e62bff6,71030600140004,MENJUAL BENSIN (ERNI MULE),UMKM,0. Tidak Ditemukan,https://fasih-sm.bps.go.id/app/assignment-detail/25f70646-85e9-4926-861a-3a476e62bff6
2c99b5d8-12c4-4bbb-b4e1-ada5ee3ddfe9,71030400130001,PERDAGANGAN ECERAN HASIL PERTANIAN (WILBRUDER PANDERMOL ) ,UMKM,0. Tidak Ditemukan,https://fasih-sm.bps.go.id/app/assignment-detail/2c99b5d8-12c4-4bbb-b4e1-ada5ee3ddfe9
43d4d8e9-8180-4683-abd2-c6e1e40700b6,71030900140010,USAHA BENGKEL (KEVIN GOSAL),UMKM,0. Tidak Ditemukan,https://fasih-sm.bps.go.id/app/assignment-detail/43d4d8e9-8180-4683-abd2-c6e1e40700b6
4af96d9e-8813-443f-9f0f-2801914557a0,71031000140002,TEMPAT PEMBUATAN KOPRA ,bangunan_lain,0. Tidak Ditemukan,https://fasih-sm.bps.go.id/app/assignment-detail/4af96d9e-8813-443f-9f0f-2801914557a0
5faa6ecd-708e-42f6-aa7c-18bb92f3996b,71030600140003,ANGKUTAN PEDESAAN (ANGQ),UMKM,0. Tidak Ditemukan,https://fasih-sm.bps.go.id/app/assignment-detail/5faa6ecd-708e-42f6-aa7c-18bb92f3996b
717d45e4-bad5-4f30-9c68-1c5675474e67,71030900070008,PEDAGANG KAKI LIMA (ALFILIASTRI RAHASIA),UMKM,0. Tidak Ditemukan,https://fasih-sm.bps.go.id/app/assignment-detail/717d45e4-bad5-4f30-9c68-1c5675474e67
9c9884b6-17a4-4199-ac60-053b030dec19,71031000010002,KIOS SEMBAKO (FAHRUDJI MAKANGIRAS),UMKM,0. Tidak Ditemukan,https://fasih-sm.bps.go.id/app/assignment-detail/9c9884b6-17a4-4199-ac60-053b030dec19
cae1a8e5-b2f8-4760-a04b-644d07dc6a19,71031100041001,DUMMY,dummy,0. Tidak Ditemukan,https://fasih-sm.bps.go.id/app/assignment-detail/cae1a8e5-b2f8-4760-a04b-644d07dc6a19
dbc59ed9-e734-4c12-aa87-50cf6dd197e5,71030500160003,WARONG SEMBAKO (ANE),UMKM,0. Tidak Ditemukan,https://fasih-sm.bps.go.id/app/assignment-detail/dbc59ed9-e734-4c12-aa87-50cf6dd197e5
ff33f27a-efb4-4b82-b0c2-48508e6bad9a,71031000230003,PAKAIAN (SURATNA MANOSSOH),UMKM,0. Tidak Ditemukan,https://fasih-sm.bps.go.id/app/assignment-detail/ff33f27a-efb4-4b82-b0c2-48508e6bad9a
029b2925-2e3a-427b-a299-78b11ce5bd6a,71030500132001,DUMMY,dummy,0. Tidak Ditemukan,https://fasih-sm.bps.go.id/app/assignment-detail/029b2925-2e3a-427b-a299-78b11ce5bd6a
21be62f7-1d72-4cef-b340-d8c09414b5ee,71030500110001,PERDAGANGAN MIE MENTAH (PICE TEMPONE ),UMKM,0. Tidak Ditemukan,https://fasih-sm.bps.go.id/app/assignment-detail/21be62f7-1d72-4cef-b340-d8c09414b5ee
41bdf6fd-8e5a-4bd7-a2dc-a6cea5d1109a,71030500110001,JUAL PAKAIAN (YOHANA MANGAWUHI),UMKM,0. Tidak Ditemukan,https://fasih-sm.bps.go.id/app/assignment-detail/41bdf6fd-8e5a-4bd7-a2dc-a6cea5d1109a
4e12c52c-3c83-4023-94a3-2981779a1193,71030910040008,WARUNG SEMBAKO (MARNA JANIS) (MARNA JANIS) ,UMKM,0. Tidak Ditemukan,https://fasih-sm.bps.go.id/app/assignment-detail/4e12c52c-3c83-4023-94a3-2981779a1193
7fe03178-a4b7-4b24-8ece-29f8c65f7351,71030400100001,MENJUAL IKAN DI PASAR ,UMKM,0. Tidak Ditemukan,https://fasih-sm.bps.go.id/app/assignment-detail/7fe03178-a4b7-4b24-8ece-29f8c65f7351
933c7532-8b5e-4f9f-b5f8-304624989c0f,71030500110001,PEDAGANG ECERAN SAYUR-SAYURAN DAN BUAH-BUAHAN (NOVINCE KOBIS ),UMKM,0. Tidak Ditemukan,https://fasih-sm.bps.go.id/app/assignment-detail/933c7532-8b5e-4f9f-b5f8-304624989c0f
cdc2497b-24d9-429e-860c-1ae4d649c2e0,71030700020004,GORENGAN INCHA SILVIA LUKAS,UMKM,0. Tidak Ditemukan,https://fasih-sm.bps.go.id/app/assignment-detail/cdc2497b-24d9-429e-860c-1ae4d649c2e0
db349324-9c94-450f-8cdd-9cf7a3fcdc37,71030800060005,PENGOLAHAN SAGU (OSKAR SALENSEHE),UMKM,0. Tidak Ditemukan,https://fasih-sm.bps.go.id/app/assignment-detail/db349324-9c94-450f-8cdd-9cf7a3fcdc37
ef3fb9d4-870f-455c-9b72-c5d265e4c0e3,71030500110001,WARUNG SEMBAKO (TAMMY LAIHAD),UMKM,0. Tidak Ditemukan,https://fasih-sm.bps.go.id/app/assignment-detail/ef3fb9d4-870f-455c-9b72-c5d265e4c0e3
10930209-f1d4-42e2-a548-0ae7c9bf5028,71030910050001,RM MAMA UTO (JOHANIS GERIED BAWELLE),UMKM,0. Tidak Ditemukan,https://fasih-sm.bps.go.id/app/assignment-detail/10930209-f1d4-42e2-a548-0ae7c9bf5028
018f3deb-67cc-4a48-9119-a31a3929cd72,71030400120001,ELCHARIS CV,UMKM,0. Tidak Ditemukan,https://fasih-sm.bps.go.id/app/assignment-detail/018f3deb-67cc-4a48-9119-a31a3929cd72
072c703c-7b16-4008-95b0-2434396d5dcb,71030900120005,AIR ISI ULANG JESSIE RIZALDY P PAPARANG,UMKM,0. Tidak Ditemukan,https://fasih-sm.bps.go.id/app/assignment-detail/072c703c-7b16-4008-95b0-2434396d5dcb
0c6c8503-12b5-4e1a-b6eb-f5d4e961ec6c,71031000280003,USAHA MENJUAL SAYUR DLL JAMALIA (JAMALIA)(JAMALIA SALAMATE) ,UMKM,0. Tidak Ditemukan,https://fasih-sm.bps.go.id/app/assignment-detail/0c6c8503-12b5-4e1a-b6eb-f5d4e961ec6c
0d14d393-687a-434a-ab13-735a17f4d86c,71030700140002,SD INPRES PALAHANAENG,bangunan_lain,0. Tidak Ditemukan,https://fasih-sm.bps.go.id/app/assignment-detail/0d14d393-687a-434a-ab13-735a17f4d86c
0d1738fb-2d98-47fa-abb2-4e420656bb89,71030910030005,RUMAH MAKAN ( RAMADAN DANIALI) ,UMKM,0. Tidak Ditemukan,https://fasih-sm.bps.go.id/app/assignment-detail/0d1738fb-2d98-47fa-abb2-4e420656bb89
109c6e7c-f50b-48c5-9aac-3b7f44258d4f,71030600170003,PULSA (FITRIA),UMKM,0. Tidak Ditemukan,https://fasih-sm.bps.go.id/app/assignment-detail/109c6e7c-f50b-48c5-9aac-3b7f44258d4f
1a233794-7eda-4122-b9b8-917d8b34104b,71031100010001,PENGOLAHAN KOPRA (JOSMAN ) ,UMKM,0. Tidak Ditemukan,https://fasih-sm.bps.go.id/app/assignment-detail/1a233794-7eda-4122-b9b8-917d8b34104b
1b9a148e-36c9-400c-a639-be9037cffd62,71030910080002,ROSMARIE LIONG PONTOLAWOKANG,UMKM,0. Tidak Ditemukan,https://fasih-sm.bps.go.id/app/assignment-detail/1b9a148e-36c9-400c-a639-be9037cffd62
1f9c2bbb-8132-4346-9fc8-cec40dc9403c,71031000240003,KUE BASAH (VIATMI) ,UMKM,0. Tidak Ditemukan,https://fasih-sm.bps.go.id/app/assignment-detail/1f9c2bbb-8132-4346-9fc8-cec40dc9403c
2d1006e0-0c4f-4e4e-8e4e-7d4e451cfd1d,71030910050007,"PRIMAVERA, CV",UMKM,0. Tidak Ditemukan,https://fasih-sm.bps.go.id/app/assignment-detail/2d1006e0-0c4f-4e4e-8e4e-7d4e451cfd1d
3180451a-5f2b-4035-a1c6-544aae2401f8,71031000100003,BANGUNAN TEMPAT USAHA,bangunan_lain,0. Tidak Ditemukan,https://fasih-sm.bps.go.id/app/assignment-detail/3180451a-5f2b-4035-a1c6-544aae2401f8
32b49333-adfc-4118-b9b0-f370362772c4,71030910030010,JNE TIDORE,UMKM,0. Tidak Ditemukan,https://fasih-sm.bps.go.id/app/assignment-detail/32b49333-adfc-4118-b9b0-f370362772c4
33d00bab-f373-4d41-8a20-0a75c7f3c827,71030600140004,TOKO SEMBAKO (BENNY),UMKM,0. Tidak Ditemukan,https://fasih-sm.bps.go.id/app/assignment-detail/33d00bab-f373-4d41-8a20-0a75c7f3c827
3f2c6bde-a782-48a2-890a-1529622d2979,71030400110002,LOISE JUNITA MARIA SAMPE,OSS Perorangan,0. Tidak Ditemukan,https://fasih-sm.bps.go.id/app/assignment-detail/3f2c6bde-a782-48a2-890a-1529622d2979
48b08299-fd2e-4ffd-aeb2-e6fda66b33f3,71031000280003,BANGUNAN RUMAH SEMENTARA BANGUN DEPAN SYAMSUL RATUMASA,bangunan_lain,0. Tidak Ditemukan,https://fasih-sm.bps.go.id/app/assignment-detail/48b08299-fd2e-4ffd-aeb2-e6fda66b33f3
493b35bd-b408-4f1a-b1b4-c3e3f3a7797b,71030500090003,USAHA PETI MEKAR (SONNY LISTON KASOMBANG),UMKM,0. Tidak Ditemukan,https://fasih-sm.bps.go.id/app/assignment-detail/493b35bd-b408-4f1a-b1b4-c3e3f3a7797b
4b18e022-bb87-4a10-b263-4c8dd6075fe7,71030400100001,BENGKEL REPARASI,UMKM,0. Tidak Ditemukan,https://fasih-sm.bps.go.id/app/assignment-detail/4b18e022-bb87-4a10-b263-4c8dd6075fe7
4b98d060-d60f-4b7a-9c31-d84aae27b525,71030800082001,DUMMY,dummy,0. Tidak Ditemukan,https://fasih-sm.bps.go.id/app/assignment-detail/4b98d060-d60f-4b7a-9c31-d84aae27b525
4f1bf9d6-bfe4-4b22-8244-b783e24502df,71030900070001,PENJUAL PETRALITE ECERAN (MARTHIN SALAMISI),UMKM,0. Tidak Ditemukan,https://fasih-sm.bps.go.id/app/assignment-detail/4f1bf9d6-bfe4-4b22-8244-b783e24502df
50220fac-c5b3-4a68-a90a-a30a611fe96e,71030910070007,KUE BASAH ETALASE RISTA MAKAPEDUA,UMKM,0. Tidak Ditemukan,https://fasih-sm.bps.go.id/app/assignment-detail/50220fac-c5b3-4a68-a90a-a30a611fe96e
5ece06c3-1e6d-4f59-b919-f6a022b59d2c,71031000210001,BANK RAKYAT INDONESIA UNIT PETTA,UB,0. Tidak Ditemukan,https://fasih-sm.bps.go.id/app/assignment-detail/5ece06c3-1e6d-4f59-b919-f6a022b59d2c
6a7e97cb-fd2f-4db4-846e-cc958bc0ed2d,71030900090001,TK NEGERI PEMBINA KENDAHE,UMKM,0. Tidak Ditemukan,https://fasih-sm.bps.go.id/app/assignment-detail/6a7e97cb-fd2f-4db4-846e-cc958bc0ed2d
6f4c5fd5-592c-4868-a21c-4e7b95944ed0,71030500060006,GARASI MOBIL SNELFIET,bangunan_lain,0. Tidak Ditemukan,https://fasih-sm.bps.go.id/app/assignment-detail/6f4c5fd5-592c-4868-a21c-4e7b95944ed0
724cc592-9670-4781-9c42-52276277cd2a,71031000230001,PRAKTEK MANDIRI HANDRI PASANDARAN,UMKM,0. Tidak Ditemukan,https://fasih-sm.bps.go.id/app/assignment-detail/724cc592-9670-4781-9c42-52276277cd2a
7347a276-5082-4c63-b44a-3c34c88efc6b,71031000230001,RA ALKHAIRAAT PETTA BARAT,UMKM,0. Tidak Ditemukan,https://fasih-sm.bps.go.id/app/assignment-detail/7347a276-5082-4c63-b44a-3c34c88efc6b
74482ce9-f26a-48e9-97d1-e0d5610106cb,71030920050003,IKAN SEGAR (YULINDA DAHAR) ,UMKM,0. Tidak Ditemukan,https://fasih-sm.bps.go.id/app/assignment-detail/74482ce9-f26a-48e9-97d1-e0d5610106cb
7652b6c8-2335-490d-988e-8791a37c2af0,71030910040003,TK DHARMA WANITA DISDIKPORA KAB SANGIHE,UMKM,0. Tidak Ditemukan,https://fasih-sm.bps.go.id/app/assignment-detail/7652b6c8-2335-490d-988e-8791a37c2af0
8af2a293-bfda-4393-9bb0-5c507edc9d3e,71031100010002,PEMBUATAN KOPRA (YESAYA) ,UMKM,0. Tidak Ditemukan,https://fasih-sm.bps.go.id/app/assignment-detail/8af2a293-bfda-4393-9bb0-5c507edc9d3e
8e2fbdbd-ec03-4670-9ec8-24013c1f6f6c,71031000020001,KOPRA (FRANS SAHAPEDI ),UMKM,0. Tidak Ditemukan,https://fasih-sm.bps.go.id/app/assignment-detail/8e2fbdbd-ec03-4670-9ec8-24013c1f6f6c
93c5211b-88d6-4c15-8c72-2db692b31065,71030600170002,KELOMPOK TANI TUNAS BARU,UMKM,0. Tidak Ditemukan,https://fasih-sm.bps.go.id/app/assignment-detail/93c5211b-88d6-4c15-8c72-2db692b31065
9ae8d8b1-4fe7-4518-ab46-3eed2f8a21bb,71030500090003,AKIN BARBERSHOP (YOYAKIN TAKASABARE),UMKM,0. Tidak Ditemukan,https://fasih-sm.bps.go.id/app/assignment-detail/9ae8d8b1-4fe7-4518-ab46-3eed2f8a21bb
9fa17fe7-f632-4efb-be53-d7c65ad0a79f,71030800050001,PENGOLAHAN KOPRA (NOAK PANANGGUNG) ,UMKM,0. Tidak Ditemukan,https://fasih-sm.bps.go.id/app/assignment-detail/9fa17fe7-f632-4efb-be53-d7c65ad0a79f
a3d0b358-ace3-4de8-b8d8-e1e79f476a88,71031000280001,AGEN TIKET PESAWAT (CORY) ,UMKM,0. Tidak Ditemukan,https://fasih-sm.bps.go.id/app/assignment-detail/a3d0b358-ace3-4de8-b8d8-e1e79f476a88
a63e1c99-a247-40a5-8400-e42ac4d25b4f,71030900070013,OPICE TUSANG MENJUAL TALAS DAN UBI KAYU ,UMKM,0. Tidak Ditemukan,https://fasih-sm.bps.go.id/app/assignment-detail/a63e1c99-a247-40a5-8400-e42ac4d25b4f
bc1452c1-257f-4179-a394-52cee306b8da,71031100010001,WARUNG SEMBAKO (NURSEHA),UMKM,0. Tidak Ditemukan,https://fasih-sm.bps.go.id/app/assignment-detail/bc1452c1-257f-4179-a394-52cee306b8da
c59ee3eb-ff31-42d2-a6e0-98bb4fbc05b9,71030900100002,YUAN EVERT TANDAYU,OSS Perorangan,0. Tidak Ditemukan,https://fasih-sm.bps.go.id/app/assignment-detail/c59ee3eb-ff31-42d2-a6e0-98bb4fbc05b9
c9e4f17b-493c-4f20-be0d-23ce7eec8226,71030900130006,PANGKALAN MINYAK TANAH (ROY),UMKM,0. Tidak Ditemukan,https://fasih-sm.bps.go.id/app/assignment-detail/c9e4f17b-493c-4f20-be0d-23ce7eec8226
cafbf74e-6deb-4dc9-9f07-701266d6cfeb,71031000040002,TOKO SEPATU (NASHIRA),UMKM,0. Tidak Ditemukan,https://fasih-sm.bps.go.id/app/assignment-detail/cafbf74e-6deb-4dc9-9f07-701266d6cfeb
ccf22947-be88-4953-80f7-b8f4267efafd,71030600190001,LAMEKH EDWAR JENNER TAMAR,OSS Perorangan,0. Tidak Ditemukan,https://fasih-sm.bps.go.id/app/assignment-detail/ccf22947-be88-4953-80f7-b8f4267efafd
d957d00a-8d7a-4d30-85b4-86492fb6f2e3,71031100040001,INDUSTRI PENGOLAHAN KOPRA(HENRY FORD BOHAM) ,UMKM,0. Tidak Ditemukan,https://fasih-sm.bps.go.id/app/assignment-detail/d957d00a-8d7a-4d30-85b4-86492fb6f2e3
e8ab501c-76f7-44ae-93a9-09a13c783a22,71030910020003,KIOS BARITO (ANNI) (ANNI SAKAWARI) ,UMKM,0. Tidak Ditemukan,https://fasih-sm.bps.go.id/app/assignment-detail/e8ab501c-76f7-44ae-93a9-09a13c783a22
eb296fd5-3f4e-4f8b-9daa-05f2777ade07,71030400070001,TOKO SEMBAKO (SUN),UMKM,0. Tidak Ditemukan,https://fasih-sm.bps.go.id/app/assignment-detail/eb296fd5-3f4e-4f8b-9daa-05f2777ade07
fe065e98-5391-43fa-874d-a575d7befa5b,71030500010001,POSKO COVID19,bangunan_lain,0. Tidak Ditemukan,https://fasih-sm.bps.go.id/app/assignment-detail/fe065e98-5391-43fa-874d-a575d7befa5b
2bdc3eb8-96b6-4ca5-97fd-d44ac5eb665d,71030900070011,MENJUAL MINYAK TANAH ECERAN (LUSJE MAKARONDONG),UMKM,0. Tidak Ditemukan,https://fasih-sm.bps.go.id/app/assignment-detail/2bdc3eb8-96b6-4ca5-97fd-d44ac5eb665d
98372f46-b01a-4916-9adf-d1c3703f09ee,71030900070011,PENJUAL KELAPA CUKUR (OIKE TAKASIAHENG TIMBANGNUSA),UMKM,0. Tidak Ditemukan,https://fasih-sm.bps.go.id/app/assignment-detail/98372f46-b01a-4916-9adf-d1c3703f09ee
03c37790-c5d5-4848-b392-d0a185089015,71031000050004,WARUNG MAKANAN DAN KUE (ANI MANDAHARI),UMKM,0. Tidak Ditemukan,https://fasih-sm.bps.go.id/app/assignment-detail/03c37790-c5d5-4848-b392-d0a185089015
1c85adf3-acf6-4f62-916c-717eb728d0d3,71030400080001,CATERING,UMKM,0. Tidak Ditemukan,https://fasih-sm.bps.go.id/app/assignment-detail/1c85adf3-acf6-4f62-916c-717eb728d0d3
2e7f0856-3782-4c9e-a331-8af7ac3c5a71,71030400110002,KOPRA (NAFTALI ),UMKM,0. Tidak Ditemukan,https://fasih-sm.bps.go.id/app/assignment-detail/2e7f0856-3782-4c9e-a331-8af7ac3c5a71
329cef0d-d6b0-46b0-83e1-447b92df6aca,71031100020002,KOPRA ( YAKOB),UMKM,0. Tidak Ditemukan,https://fasih-sm.bps.go.id/app/assignment-detail/329cef0d-d6b0-46b0-83e1-447b92df6aca
43ba089a-58f2-4754-ad92-0f2e2828b3d7,71030800020004,JUAL BENSIN (TAJUDIN MANABUNG),UMKM,0. Tidak Ditemukan,https://fasih-sm.bps.go.id/app/assignment-detail/43ba089a-58f2-4754-ad92-0f2e2828b3d7
43c29d2c-c700-4a41-a754-6b313ffbe6f0,71030910040001,WARUNG SEMBAKO PELIX,UMKM,0. Tidak Ditemukan,https://fasih-sm.bps.go.id/app/assignment-detail/43c29d2c-c700-4a41-a754-6b313ffbe6f0
57343b83-9f1e-40cf-ba94-8e4399c317fb,71030500110001,PENGOLAHAN KUE BASAH (ALMA LONDONE ),UMKM,0. Tidak Ditemukan,https://fasih-sm.bps.go.id/app/assignment-detail/57343b83-9f1e-40cf-ba94-8e4399c317fb
6caedd6c-5468-42e9-a222-e4a88649437f,71031000100003,RA LABAIK BEHA,UMKM,0. Tidak Ditemukan,https://fasih-sm.bps.go.id/app/assignment-detail/6caedd6c-5468-42e9-a222-e4a88649437f
6e0e4708-a4ab-4db5-b469-79a622184090,71030700020001,KUE BASAH (MARHARIN TALAMUDA),UMKM,0. Tidak Ditemukan,https://fasih-sm.bps.go.id/app/assignment-detail/6e0e4708-a4ab-4db5-b469-79a622184090
76a3a94f-52ac-47c3-8962-6f1b783ac5d3,71030500110001,GEREJA ANTIOKHIA TAMAKO,bangunan_lain,0. Tidak Ditemukan,https://fasih-sm.bps.go.id/app/assignment-detail/76a3a94f-52ac-47c3-8962-6f1b783ac5d3
76efb224-e9a2-4c0c-9fdc-3714fb92ffaa,71031000050003,SD MUHAMMADIYAH PETTA,UMKM,0. Tidak Ditemukan,https://fasih-sm.bps.go.id/app/assignment-detail/76efb224-e9a2-4c0c-9fdc-3714fb92ffaa
77dbb3b3-773c-41b9-b1e9-5bc2f46a6204,71030500110001,WARUNG SEMBAKO (OCTAVIANA DARUI),UMKM,0. Tidak Ditemukan,https://fasih-sm.bps.go.id/app/assignment-detail/77dbb3b3-773c-41b9-b1e9-5bc2f46a6204
8de88c9c-9ed8-4fdd-8057-513d7e6d76de,71030920030002,INDUSTRI KOPRA (DANIEL)(DANIEL BANGONANG),UMKM,0. Tidak Ditemukan,https://fasih-sm.bps.go.id/app/assignment-detail/8de88c9c-9ed8-4fdd-8057-513d7e6d76de
8f0fae22-3bc8-4eba-809e-dc3bdc83d387,71030910040003,TENTANG KITA COKELAT (AGRIVANI SOLEMAN),UMKM,0. Tidak Ditemukan,https://fasih-sm.bps.go.id/app/assignment-detail/8f0fae22-3bc8-4eba-809e-dc3bdc83d387
91f1a65f-2570-4e55-854e-98f8a0a3abb7,71031010030001,JUAL PULSA HP(LELISYE),UMKM,0. Tidak Ditemukan,https://fasih-sm.bps.go.id/app/assignment-detail/91f1a65f-2570-4e55-854e-98f8a0a3abb7
983dbb4e-09ca-4494-852f-b169643dc4f6,71030400100001,,UMKM,0. Tidak Ditemukan,https://fasih-sm.bps.go.id/app/assignment-detail/983dbb4e-09ca-4494-852f-b169643dc4f6
a3cb9726-ca1d-4e40-b95d-2f5b3eca1192,71030500110001,BENSIN ECERAN (NUS TATUIL ),UMKM,0. Tidak Ditemukan,https://fasih-sm.bps.go.id/app/assignment-detail/a3cb9726-ca1d-4e40-b95d-2f5b3eca1192
a3eff8f5-e899-4b37-8463-85b668d706d6,71031000110002,WARUNG KELONTONG MILIK (MERYATI KAHEMBAU) ,UMKM,0. Tidak Ditemukan,https://fasih-sm.bps.go.id/app/assignment-detail/a3eff8f5-e899-4b37-8463-85b668d706d6
a66487be-2509-4467-b3f2-2472e08a88c1,71030900080001,KIOS CITRA (PAKAN TERNAK) (MARLENE RAKINAUNG),UMKM,0. Tidak Ditemukan,https://fasih-sm.bps.go.id/app/assignment-detail/a66487be-2509-4467-b3f2-2472e08a88c1
acd9442c-5298-4e70-beaf-09a7711ba99a,71030910050006,KANTIN CI FONI (HASILILLPONI PANDENSOLANG),UMKM,0. Tidak Ditemukan,https://fasih-sm.bps.go.id/app/assignment-detail/acd9442c-5298-4e70-beaf-09a7711ba99a
b28c37de-3746-4b41-93e2-d7332a2b604f,71030900120003,MERRY THEANIRA DALONTO,OSS Perorangan,0. Tidak Ditemukan,https://fasih-sm.bps.go.id/app/assignment-detail/b28c37de-3746-4b41-93e2-d7332a2b604f
b3d021e9-57af-4252-b560-be39362451e8,71030400120001,,UMKM,0. Tidak Ditemukan,https://fasih-sm.bps.go.id/app/assignment-detail/b3d021e9-57af-4252-b560-be39362451e8
b9e86c7a-4b13-4e71-9f0a-4af5425b341b,71031020030002,KUE BASAH ANTILCE BARAHAMA,UMKM,0. Tidak Ditemukan,https://fasih-sm.bps.go.id/app/assignment-detail/b9e86c7a-4b13-4e71-9f0a-4af5425b341b
bf45bcbe-16f3-417b-9945-71506b293047,71030600200001,USAHA JUAL PERTALITE ENCERAN (JUNIUS),UMKM,0. Tidak Ditemukan,https://fasih-sm.bps.go.id/app/assignment-detail/bf45bcbe-16f3-417b-9945-71506b293047
c2e4751e-e2a0-4001-afb6-bd177231fc82,71031000140002,JUALAN IKAN (RIFKA DEREK),UMKM,0. Tidak Ditemukan,https://fasih-sm.bps.go.id/app/assignment-detail/c2e4751e-e2a0-4001-afb6-bd177231fc82
c9d5a343-8f30-496c-bbad-98d588e5ef52,71030500110001,GEREJA KATOLIK SANTA MARIA BUNDA ALLAH TAMAKO,bangunan_lain,0. Tidak Ditemukan,https://fasih-sm.bps.go.id/app/assignment-detail/c9d5a343-8f30-496c-bbad-98d588e5ef52
ccc64fcb-cebd-4c9a-8c45-ccf23a7e30eb,71030500200003,SATRIA REAGEN MAHENGKENG,OSS Perorangan,0. Tidak Ditemukan,https://fasih-sm.bps.go.id/app/assignment-detail/ccc64fcb-cebd-4c9a-8c45-ccf23a7e30eb
cf504a78-869b-401b-be99-fcebde9091dc,71030910040003,ANUGERAH FOTOCOPY (AGRIVANI ANTHONETA SOLEMAN),UMKM,0. Tidak Ditemukan,https://fasih-sm.bps.go.id/app/assignment-detail/cf504a78-869b-401b-be99-fcebde9091dc
d7d8cd95-c66c-40af-bfd1-6b3b90f6aaff,71030800030001,KIOS SEMBAKO (ANA ENGGERESI),UMKM,0. Tidak Ditemukan,https://fasih-sm.bps.go.id/app/assignment-detail/d7d8cd95-c66c-40af-bfd1-6b3b90f6aaff
dcbe5562-fd0b-428d-bc24-6e14898f9792,71030620010006,PAUD TUNAS HARAPAN I,UMKM,0. Tidak Ditemukan,https://fasih-sm.bps.go.id/app/assignment-detail/dcbe5562-fd0b-428d-bc24-6e14898f9792
de3041b7-95f0-40b1-9194-77b884f7d407,71030610040005,SMK N 1 TABSEL,UMKM,0. Tidak Ditemukan,https://fasih-sm.bps.go.id/app/assignment-detail/de3041b7-95f0-40b1-9194-77b884f7d407
ebc8f273-b342-4a7d-820f-9293ec139c93,71030900070002,"GLORIA, CV",UMKM,0. Tidak Ditemukan,https://fasih-sm.bps.go.id/app/assignment-detail/ebc8f273-b342-4a7d-820f-9293ec139c93
ef5971eb-ef87-4215-9522-2690de7b2286,71030910080004,GOLDEN MART (MENAH OEDIN SETIAWAN),UMKM,0. Tidak Ditemukan,https://fasih-sm.bps.go.id/app/assignment-detail/ef5971eb-ef87-4215-9522-2690de7b2286
f4a0de8d-132e-46ee-b398-b1fed41d324f,71030910040003,KEDAI FILOSOFI C (EDI NURHADI KULO),UMKM,0. Tidak Ditemukan,https://fasih-sm.bps.go.id/app/assignment-detail/f4a0de8d-132e-46ee-b398-b1fed41d324f
fee71fbf-71eb-43f6-8dd2-f1e7fe36359b,71031020030002,PERAHU RAKIBEN ANSAR,UMKM,0. Tidak Ditemukan,https://fasih-sm.bps.go.id/app/assignment-detail/fee71fbf-71eb-43f6-8dd2-f1e7fe36359b
058e1aa7-88a6-4c8d-b91f-aea96328986c,71030500110001,WARUNG SEMBAKO (JOKLAN JOHANIS),UMKM,0. Tidak Ditemukan,https://fasih-sm.bps.go.id/app/assignment-detail/058e1aa7-88a6-4c8d-b91f-aea96328986c
06a7a4f8-f7e5-4b7b-a8de-4534b5bafd82,71030700040001,WARUNG SEMBAKO (JONOR DAINGA),UMKM,0. Tidak Ditemukan,https://fasih-sm.bps.go.id/app/assignment-detail/06a7a4f8-f7e5-4b7b-a8de-4534b5bafd82
57ee1770-cfa1-4dec-8a62-d0aa5f38fcfa,71030500110001,PEDAGANG ECERAN SAYUR-SAYURAN (JULIEN HADIRIN ),UMKM,0. Tidak Ditemukan,https://fasih-sm.bps.go.id/app/assignment-detail/57ee1770-cfa1-4dec-8a62-d0aa5f38fcfa
6016cd46-991e-45e5-a43c-d46e3c148c22,71030900070011,DEPOT AIR (ADE MARK),UMKM,0. Tidak Ditemukan,https://fasih-sm.bps.go.id/app/assignment-detail/6016cd46-991e-45e5-a43c-d46e3c148c22
cc26e450-fcaa-4467-963d-92cbbbb8ca6c,71030400150004,"MENJUAL BENSIN ENCERAN, NESTARIA MANIKOME",UMKM,0. Tidak Ditemukan,https://fasih-sm.bps.go.id/app/assignment-detail/cc26e450-fcaa-4467-963d-92cbbbb8ca6c
ef1115a9-c365-46b3-b917-16df627efee4,71030400100001,,UMKM,0. Tidak Ditemukan,https://fasih-sm.bps.go.id/app/assignment-detail/ef1115a9-c365-46b3-b917-16df627efee4
f4463fc3-89d2-4e47-9158-9e7614e16f50,71030700040001,KIOS SEMBAKO (SORFINTJE DOLONGSEDA),UMKM,0. Tidak Ditemukan,https://fasih-sm.bps.go.id/app/assignment-detail/f4463fc3-89d2-4e47-9158-9e7614e16f50
067c1115-b340-490b-a9ed-6f52da0b769e,71030910050009,SD INPRES DUMUHUNG,UMKM,0. Tidak Ditemukan,https://fasih-sm.bps.go.id/app/assignment-detail/067c1115-b340-490b-a9ed-6f52da0b769e
09b80532-b4d9-47c2-9a6a-674da86dad3e,71030900100001,JNT EXPRESS TAHUNA,UMKM,0. Tidak Ditemukan,https://fasih-sm.bps.go.id/app/assignment-detail/09b80532-b4d9-47c2-9a6a-674da86dad3e
0dc62083-09bf-4286-80b8-54ceb5a4a8fd,71030920040006,RUMAH BAGUNAN,bangunan_lain,0. Tidak Ditemukan,https://fasih-sm.bps.go.id/app/assignment-detail/0dc62083-09bf-4286-80b8-54ceb5a4a8fd
14765c16-4b24-49d1-8c4c-2f40dafba4b4,71031000240001,TUKANG JAHIT (KATRINA) ,UMKM,0. Tidak Ditemukan,https://fasih-sm.bps.go.id/app/assignment-detail/14765c16-4b24-49d1-8c4c-2f40dafba4b4
1484bf2b-9521-4439-90a1-7d317c0285af,71031000100003,USAHA MURNI TARIMAKASE,UMKM,0. Tidak Ditemukan,https://fasih-sm.bps.go.id/app/assignment-detail/1484bf2b-9521-4439-90a1-7d317c0285af
1b1157a5-d6fb-4b2b-8efc-4edfcde9ec75,71030900080008,NISA SALON ,UMKM,0. Tidak Ditemukan,https://fasih-sm.bps.go.id/app/assignment-detail/1b1157a5-d6fb-4b2b-8efc-4edfcde9ec75
342ba039-41b3-443c-8e7c-28026c4b4685,71030400160001,KIOS ABDUL ABDUL RAUF ADONDANG,UMKM,0. Tidak Ditemukan,https://fasih-sm.bps.go.id/app/assignment-detail/342ba039-41b3-443c-8e7c-28026c4b4685
3c40b2b3-ba3c-4406-8568-3d3c481988cf,71030400070002,ALPINESTARS,UMKM,0. Tidak Ditemukan,https://fasih-sm.bps.go.id/app/assignment-detail/3c40b2b3-ba3c-4406-8568-3d3c481988cf
4317f921-1a06-4433-996d-e0aa48a8fda4,71030600170003,KOPRA (KRISTANTO MAMONDOL),UMKM,0. Tidak Ditemukan,https://fasih-sm.bps.go.id/app/assignment-detail/4317f921-1a06-4433-996d-e0aa48a8fda4
46e70d1b-5c6e-41af-b51a-52c9b8f22204,71031000100003,WARUNG SEMBAKO (MARIANA),UMKM,0. Tidak Ditemukan,https://fasih-sm.bps.go.id/app/assignment-detail/46e70d1b-5c6e-41af-b51a-52c9b8f22204
4935b15b-86f9-4484-bec2-bf4250bf6bd2,71030500130004,SEKOLAH DASAR GMIST IMANUEL LELIPANG (YARINI YULIHDA DAMBAT),UMKM,0. Tidak Ditemukan,https://fasih-sm.bps.go.id/app/assignment-detail/4935b15b-86f9-4484-bec2-bf4250bf6bd2
4c000434-cc87-48bf-b72d-4f4fd11ba4f7,71030900140001,TUKANG JAHIT (HILDA TAMALAWE),UMKM,0. Tidak Ditemukan,https://fasih-sm.bps.go.id/app/assignment-detail/4c000434-cc87-48bf-b72d-4f4fd11ba4f7
5399f115-96c3-49c9-b23e-6ad9cc6bc471,71031100080001,JUPRITNO MOCODOMPIS ,UMKM,0. Tidak Ditemukan,https://fasih-sm.bps.go.id/app/assignment-detail/5399f115-96c3-49c9-b23e-6ad9cc6bc471
5cde1ec3-96d6-43b6-b9e7-89c0bfcaff9d,71031000090006,BANGUNAN UNIT PENUNJANG ,bangunan_lain,0. Tidak Ditemukan,https://fasih-sm.bps.go.id/app/assignment-detail/5cde1ec3-96d6-43b6-b9e7-89c0bfcaff9d
5ff4279a-fc29-407f-bcf3-b7d6b873bc07,71031000090003,PEDAGANG PEMBELI PALA,UMKM,0. Tidak Ditemukan,https://fasih-sm.bps.go.id/app/assignment-detail/5ff4279a-fc29-407f-bcf3-b7d6b873bc07
66e1cdbb-c47c-4c76-b534-150782dadd38,71031000230001,TOKO SEMBAKO (RUSNA),UMKM,0. Tidak Ditemukan,https://fasih-sm.bps.go.id/app/assignment-detail/66e1cdbb-c47c-4c76-b534-150782dadd38
6a50cf55-354d-4db2-ad28-9c99868b59b7,71031000090006,KIOS AXEL (JHOUNE MANGEMPIS),UMKM,0. Tidak Ditemukan,https://fasih-sm.bps.go.id/app/assignment-detail/6a50cf55-354d-4db2-ad28-9c99868b59b7
6d158d63-5da6-46f5-ac48-d0cfe8cfe1e8,71030600100002,WARUNG SEMBAKO,UMKM,0. Tidak Ditemukan,https://fasih-sm.bps.go.id/app/assignment-detail/6d158d63-5da6-46f5-ac48-d0cfe8cfe1e8
8b5acf9c-dd85-4827-b6b1-a5d37bddae42,71030500020002,PAUD SENGKANAUNG,UMKM,0. Tidak Ditemukan,https://fasih-sm.bps.go.id/app/assignment-detail/8b5acf9c-dd85-4827-b6b1-a5d37bddae42
8dfa337b-eaa3-4cc9-82c9-97fe8f9ece2b,71030500020002,PANGKALAN MINYAK (HENDRY),UMKM,0. Tidak Ditemukan,https://fasih-sm.bps.go.id/app/assignment-detail/8dfa337b-eaa3-4cc9-82c9-97fe8f9ece2b
8e9b61f6-28da-48d5-8b92-70bbc0cbaf89,71030400160002,IKAN SEGAR HALIMA,UMKM,0. Tidak Ditemukan,https://fasih-sm.bps.go.id/app/assignment-detail/8e9b61f6-28da-48d5-8b92-70bbc0cbaf89
90dface7-9b95-4c67-81c4-3aaf50ce52a6,71030500110001,JUAL PULSA (YULIANA),UMKM,0. Tidak Ditemukan,https://fasih-sm.bps.go.id/app/assignment-detail/90dface7-9b95-4c67-81c4-3aaf50ce52a6
9279f06c-1ea7-41a6-b84d-853cebbd4790,71030600150003,WARUNG SEMBAKO (SITTI NURBAYA TAHENDUNG),UMKM,0. Tidak Ditemukan,https://fasih-sm.bps.go.id/app/assignment-detail/9279f06c-1ea7-41a6-b84d-853cebbd4790
9a76ecaa-86dd-4cb0-b0e4-52bc54489487,71031010030001,WARUNG BERKAT (LELISYE),UMKM,0. Tidak Ditemukan,https://fasih-sm.bps.go.id/app/assignment-detail/9a76ecaa-86dd-4cb0-b0e4-52bc54489487
9b37e486-ac9f-452b-9b30-419e012b6729,71030800180001,GUDANG BARANG,bangunan_lain,0. Tidak Ditemukan,https://fasih-sm.bps.go.id/app/assignment-detail/9b37e486-ac9f-452b-9b30-419e012b6729
a0f6aa0d-4f6b-454b-9350-23326ee9b4f6,71031000080005,TEMPAT PEMBUATAN KOPRA,bangunan_lain,0. Tidak Ditemukan,https://fasih-sm.bps.go.id/app/assignment-detail/a0f6aa0d-4f6b-454b-9350-23326ee9b4f6
a6b7ba6b-b201-405f-89ff-842a76371580,71030900080008,RUMAH NASDEM,bangunan_lain,0. Tidak Ditemukan,https://fasih-sm.bps.go.id/app/assignment-detail/a6b7ba6b-b201-405f-89ff-842a76371580
af12e826-a43a-4434-a258-7e2f1da0ee6b,71030800030001,KIOS SEMBAKO (YOKSAN PARAMULIA),UMKM,0. Tidak Ditemukan,https://fasih-sm.bps.go.id/app/assignment-detail/af12e826-a43a-4434-a258-7e2f1da0ee6b
b32e05cc-930c-492c-90e0-7258241112b0,71030900090005,SM P KRISTEN,UMKM,0. Tidak Ditemukan,https://fasih-sm.bps.go.id/app/assignment-detail/b32e05cc-930c-492c-90e0-7258241112b0
b3d48481-cb15-4977-857a-f2e8579371d2,71030900090005,WARUNG IBU STEVI (STEVI NOVIYANTI BAWIMBANG),UMKM,0. Tidak Ditemukan,https://fasih-sm.bps.go.id/app/assignment-detail/b3d48481-cb15-4977-857a-f2e8579371d2
c70f0806-8ae6-4cb3-9274-f80481f48f87,71030500090002,TUKANG OJEK (RENDY SATRIO SASELAH ) ,UMKM,0. Tidak Ditemukan,https://fasih-sm.bps.go.id/app/assignment-detail/c70f0806-8ae6-4cb3-9274-f80481f48f87
db911ff7-8f6d-4679-94b0-2ca5c5b20f6b,71030610020001,SD GMIST GOLGOTA TAMBUNG,UMKM,0. Tidak Ditemukan,https://fasih-sm.bps.go.id/app/assignment-detail/db911ff7-8f6d-4679-94b0-2ca5c5b20f6b
df8244f0-653d-47ba-9603-7d40e3eb47eb,71031000230001,TOKO SEMBAKO (SENNY),UMKM,0. Tidak Ditemukan,https://fasih-sm.bps.go.id/app/assignment-detail/df8244f0-653d-47ba-9603-7d40e3eb47eb
f1cc1875-a4ff-4164-9f95-a4c3a1384c96,71030910080003,HEYHO (DEWI PERMATASARI ANTHONI),UMKM,0. Tidak Ditemukan,https://fasih-sm.bps.go.id/app/assignment-detail/f1cc1875-a4ff-4164-9f95-a4c3a1384c96
f9edf9d7-3545-4599-940c-c4149ec5ce82,71031000110002,USAHA PEMECAHAN BATU (ATNAN WIKU) ,UMKM,0. Tidak Ditemukan,https://fasih-sm.bps.go.id/app/assignment-detail/f9edf9d7-3545-4599-940c-c4149ec5ce82
fcd0651a-992b-415e-92d5-e22314ff602e,71030910080002,MENJUAL IKAN KELILING (MUHAMAD LUKAS),UMKM,0. Tidak Ditemukan,https://fasih-sm.bps.go.id/app/assignment-detail/fcd0651a-992b-415e-92d5-e22314ff602e
251b6400-2751-4663-b084-2eec35750f70,71030900070008,SYARIFAH PARFUM ,bangunan_lain,0. Tidak Ditemukan,https://fasih-sm.bps.go.id/app/assignment-detail/251b6400-2751-4663-b084-2eec35750f70
492bbf42-899d-420c-9bc6-54efff24da57,71030800150003,INDUSTRI KOPRA (NDRIS MEDELLU),UMKM,0. Tidak Ditemukan,https://fasih-sm.bps.go.id/app/assignment-detail/492bbf42-899d-420c-9bc6-54efff24da57
7b61a4be-5d52-4e7e-9b06-5e33b3eb9e8f,71030910080004,RENTAL MOBIL (HARRY ANTHON DAMALANG),UMKM,0. Tidak Ditemukan,https://fasih-sm.bps.go.id/app/assignment-detail/7b61a4be-5d52-4e7e-9b06-5e33b3eb9e8f
8ddd6b46-425f-4aa2-bcb3-2b3797b861fd,71030900110006,NASI CAMPUR(MERCY SRI WULANDARI MARKUS),UMKM,0. Tidak Ditemukan,https://fasih-sm.bps.go.id/app/assignment-detail/8ddd6b46-425f-4aa2-bcb3-2b3797b861fd
9cda5f10-61e0-41a7-828e-5b6e2cafb109,71030800070001,USAHA BENSIN PERTALITE (PAULUS DANTE),UMKM,0. Tidak Ditemukan,https://fasih-sm.bps.go.id/app/assignment-detail/9cda5f10-61e0-41a7-828e-5b6e2cafb109
a5271512-ff77-4430-8deb-21aa4e6e623c,71030900070008,RR SHOPPING (LESTARI LAHEMA),UMKM,0. Tidak Ditemukan,https://fasih-sm.bps.go.id/app/assignment-detail/a5271512-ff77-4430-8deb-21aa4e6e623c
b7d24636-f907-40b2-b238-81dae4a19a84,71030900100004,"KIMIA FARMA, PT",UMKM,0. Tidak Ditemukan,https://fasih-sm.bps.go.id/app/assignment-detail/b7d24636-f907-40b2-b238-81dae4a19a84
d24d2af5-7a6d-4d4c-83cc-815c9d519228,71030910080004,KONTER KUE (NONTJE LOLAROH),UMKM,0. Tidak Ditemukan,https://fasih-sm.bps.go.id/app/assignment-detail/d24d2af5-7a6d-4d4c-83cc-815c9d519228
28afe90d-4e24-48c8-adfa-ebfa863c18db,71030620010006,USAHA KOPRA (RIZALD),UMKM,0. Tidak Ditemukan,https://fasih-sm.bps.go.id/app/assignment-detail/28afe90d-4e24-48c8-adfa-ebfa863c18db
48fd5ca1-d9ef-4f7e-a3e7-dfb917121b90,71030900120005,KIOS MEKAR OLIVIA KARAENG,UMKM,0. Tidak Ditemukan,https://fasih-sm.bps.go.id/app/assignment-detail/48fd5ca1-d9ef-4f7e-a3e7-dfb917121b90
4b89257c-08ec-4651-bac5-7c42e170f1c3,71030910050006,WIRA BUANA CONSULTANT,UMKM,0. Tidak Ditemukan,https://fasih-sm.bps.go.id/app/assignment-detail/4b89257c-08ec-4651-bac5-7c42e170f1c3
50d90b7f-a0b0-44dc-9a26-d9cb88dc5c4e,71030500110001,PENYEDIAAN MAKANAN SIAP SAJI (JULFA SOLOGIA),UMKM,0. Tidak Ditemukan,https://fasih-sm.bps.go.id/app/assignment-detail/50d90b7f-a0b0-44dc-9a26-d9cb88dc5c4e
821c648d-4fb1-4dbf-8bd3-bf23d46a1a2a,71030700060002,MAKANAN SIAP SAJI ANATJE DUDATO,UMKM,0. Tidak Ditemukan,https://fasih-sm.bps.go.id/app/assignment-detail/821c648d-4fb1-4dbf-8bd3-bf23d46a1a2a
aa6a83f8-5d88-46fa-b499-7c51b55fd29b,71031000210001,WARUNG KELONTONG (VALENSIA BUDIMAN ) ,UMKM,0. Tidak Ditemukan,https://fasih-sm.bps.go.id/app/assignment-detail/aa6a83f8-5d88-46fa-b499-7c51b55fd29b
fcf5f616-2d1d-4c9d-bf9b-b7fc38ee6804,71030900100007,KANTIN CINTA (SHIARON MANANSANG),UMKM,0. Tidak Ditemukan,https://fasih-sm.bps.go.id/app/assignment-detail/fcf5f616-2d1d-4c9d-bf9b-b7fc38ee6804
027c33df-280c-46f0-a42d-f27f8f51d031,71031000020003,KOPRA (ANTO),UMKM,0. Tidak Ditemukan,https://fasih-sm.bps.go.id/app/assignment-detail/027c33df-280c-46f0-a42d-f27f8f51d031
08b749c0-dfaa-4283-8125-132ef5a5173e,71031100010001,PENGOLAHAN KOPRA (RIZKI) ,UMKM,0. Tidak Ditemukan,https://fasih-sm.bps.go.id/app/assignment-detail/08b749c0-dfaa-4283-8125-132ef5a5173e
0ab68713-4694-45b4-ba8d-0881b85c9af2,71030600150002,OJEK MOTOR (RAYMOND),UMKM,0. Tidak Ditemukan,https://fasih-sm.bps.go.id/app/assignment-detail/0ab68713-4694-45b4-ba8d-0881b85c9af2
0b9fe7a8-b353-430e-b0d8-353f89bcb089,71030400100001,,UMKM,0. Tidak Ditemukan,https://fasih-sm.bps.go.id/app/assignment-detail/0b9fe7a8-b353-430e-b0d8-353f89bcb089
276fcbe8-28b5-4ecc-b676-00a20f44df89,71030910080004,BINTANG MART (ARIES HERMAN MARTHIN),UMKM,0. Tidak Ditemukan,https://fasih-sm.bps.go.id/app/assignment-detail/276fcbe8-28b5-4ecc-b676-00a20f44df89
28f6a5f6-8d07-4366-a346-acb7cf3955bb,71030910040001,FARIDA SANUSI,OSS Perorangan,0. Tidak Ditemukan,https://fasih-sm.bps.go.id/app/assignment-detail/28f6a5f6-8d07-4366-a346-acb7cf3955bb
3812beb4-980d-42b5-a24b-ed42003ee66c,71030600170003,KOPRA (GERY),UMKM,0. Tidak Ditemukan,https://fasih-sm.bps.go.id/app/assignment-detail/3812beb4-980d-42b5-a24b-ed42003ee66c
3c0d8c08-0e73-4b51-9735-9914b15d708c,71030900070012,PENJUAL BUAH (YOHANA SADIAKA),UMKM,0. Tidak Ditemukan,https://fasih-sm.bps.go.id/app/assignment-detail/3c0d8c08-0e73-4b51-9735-9914b15d708c
48418bbb-7de5-4742-b382-e54e631fbfb8,71030920010005,QUEEN CELL (FATMAWATI ABDULLAH),UMKM,0. Tidak Ditemukan,https://fasih-sm.bps.go.id/app/assignment-detail/48418bbb-7de5-4742-b382-e54e631fbfb8
4f97bb19-3e26-4726-aab0-d281b52cbf34,71031100040003,RUMAH BENSIN,bangunan_lain,0. Tidak Ditemukan,https://fasih-sm.bps.go.id/app/assignment-detail/4f97bb19-3e26-4726-aab0-d281b52cbf34
594a89e4-e812-4313-9abb-14b5a66e0cda,71030610040002,GMIST GETSEMANI SALURANG,UMKM,0. Tidak Ditemukan,https://fasih-sm.bps.go.id/app/assignment-detail/594a89e4-e812-4313-9abb-14b5a66e0cda
60f41d0d-b9ef-4ebb-8cfa-bf6f0a467110,71030910040001,TUKANG JAHIT PAKAIAN ELVIS,UMKM,0. Tidak Ditemukan,https://fasih-sm.bps.go.id/app/assignment-detail/60f41d0d-b9ef-4ebb-8cfa-bf6f0a467110
66cdad43-1aba-465f-98e7-e715c36b64dd,71031100060005,INDUSTRI PENGOLAHAN KOPRA (ANDRIS PANDENSOLANG),UMKM,0. Tidak Ditemukan,https://fasih-sm.bps.go.id/app/assignment-detail/66cdad43-1aba-465f-98e7-e715c36b64dd
6c8503c3-8081-4703-81c2-629bad7bf74d,71030900100005,SANGIHE LEARNING CENTER (AGRENDY SASELAH) ,UMKM,0. Tidak Ditemukan,https://fasih-sm.bps.go.id/app/assignment-detail/6c8503c3-8081-4703-81c2-629bad7bf74d
6ca0bdab-9462-4cab-9c41-ea8fff0bc174,71031000280003,WARUNG KELONTONG (ARIEF) (ARIEF R H SARUNDINGAN) ,UMKM,0. Tidak Ditemukan,https://fasih-sm.bps.go.id/app/assignment-detail/6ca0bdab-9462-4cab-9c41-ea8fff0bc174
6cd8d7a1-79ef-4b33-a165-0c3495020f72,71030900100002,,UMKM,0. Tidak Ditemukan,https://fasih-sm.bps.go.id/app/assignment-detail/6cd8d7a1-79ef-4b33-a165-0c3495020f72
71604c00-7142-440e-98e0-d50dcaf701b0,71030400100001,NIRCE JUSUF,OSS Perorangan,0. Tidak Ditemukan,https://fasih-sm.bps.go.id/app/assignment-detail/71604c00-7142-440e-98e0-d50dcaf701b0
7373a96c-a84d-4e6d-bd56-e4c5da70ae53,71030900070008,TOKO JOGJAKARTA (ANOGER WIBISONO GUNAWAN),UMKM,0. Tidak Ditemukan,https://fasih-sm.bps.go.id/app/assignment-detail/7373a96c-a84d-4e6d-bd56-e4c5da70ae53
7f0ab166-51ab-40d8-9e53-1a9c1ca77986,71031000090005,WARUNG SEMBAKO HERDINCE,UMKM,0. Tidak Ditemukan,https://fasih-sm.bps.go.id/app/assignment-detail/7f0ab166-51ab-40d8-9e53-1a9c1ca77986
83fc168e-e9d1-49c7-ae2b-ea14a41cba23,71031100060005,INDUSTRI PENGOLAHAN KOPRA (MATIUS MANANEKE),UMKM,0. Tidak Ditemukan,https://fasih-sm.bps.go.id/app/assignment-detail/83fc168e-e9d1-49c7-ae2b-ea14a41cba23
8a62fad7-087f-4c2e-8445-78ad11c532e6,71030500110001,TRANSPORTASI MOTOR (RONALD REIFSAN TAMATOMPOL),UMKM,0. Tidak Ditemukan,https://fasih-sm.bps.go.id/app/assignment-detail/8a62fad7-087f-4c2e-8445-78ad11c532e6
9e69f563-3897-4337-b896-32edcd9e9757,71030910050004,KIOS SEMBAKO (OM UNYIL),UMKM,0. Tidak Ditemukan,https://fasih-sm.bps.go.id/app/assignment-detail/9e69f563-3897-4337-b896-32edcd9e9757
a5b81d63-f35f-4e9f-a73a-b83865c1c5a3,71030500110001,"KANTOR POS TAMAKO, PT (ALEXSIUS TERRY MAKITULUNG )",UMKM,0. Tidak Ditemukan,https://fasih-sm.bps.go.id/app/assignment-detail/a5b81d63-f35f-4e9f-a73a-b83865c1c5a3
a7d501ba-a7aa-4ef8-8fec-e20a3e1573af,71031100080002,WARUNG SEMBAKO,UMKM,0. Tidak Ditemukan,https://fasih-sm.bps.go.id/app/assignment-detail/a7d501ba-a7aa-4ef8-8fec-e20a3e1573af
a87b6e42-23df-48b7-b6b4-c1038c6cccb3,71031000090003,BANGUNAN LUMBUNG PERTANIAN,bangunan_lain,0. Tidak Ditemukan,https://fasih-sm.bps.go.id/app/assignment-detail/a87b6e42-23df-48b7-b6b4-c1038c6cccb3
acee27e7-b019-4dc5-9cde-2c64cd1a38a2,71030500060005,GEREJA PENYEBARAN INJIL DAGHO,bangunan_lain,0. Tidak Ditemukan,https://fasih-sm.bps.go.id/app/assignment-detail/acee27e7-b019-4dc5-9cde-2c64cd1a38a2
adce1352-e771-495d-a35a-c34f09d2467b,71031010040001,USAHA PERIKANAN ARIF JOSEPH ,OSS Perorangan,0. Tidak Ditemukan,https://fasih-sm.bps.go.id/app/assignment-detail/adce1352-e771-495d-a35a-c34f09d2467b
b1c33d3f-1205-4073-b1e5-dbbcf5546907,71031000110002,TOKO BANGUNAN WULANDARI SALELE,UMKM,0. Tidak Ditemukan,https://fasih-sm.bps.go.id/app/assignment-detail/b1c33d3f-1205-4073-b1e5-dbbcf5546907
b3fe3a19-5728-4d65-87d7-899e53eace4b,71030500110001,WARUNG MAKAN (ISNAWATI TAMBERONGAN),UMKM,0. Tidak Ditemukan,https://fasih-sm.bps.go.id/app/assignment-detail/b3fe3a19-5728-4d65-87d7-899e53eace4b
b5c70b65-f19b-45aa-8bd8-665a4de479aa,71030600140003,,OSS Perorangan,0. Tidak Ditemukan,https://fasih-sm.bps.go.id/app/assignment-detail/b5c70b65-f19b-45aa-8bd8-665a4de479aa
bf7c457e-4cdb-476a-aba4-ade4fab59595,71030500110002,ANDREW ATANATIUS TANDUSAN,OSS Perorangan,0. Tidak Ditemukan,https://fasih-sm.bps.go.id/app/assignment-detail/bf7c457e-4cdb-476a-aba4-ade4fab59595
c4d53ea7-8f80-4883-a789-48c65a982cce,71030400060001,KELOMPOK SWADAYA MASYARAKAT MAHOMANGENG,UMKM,0. Tidak Ditemukan,https://fasih-sm.bps.go.id/app/assignment-detail/c4d53ea7-8f80-4883-a789-48c65a982cce
c50f56b1-fab5-4fe2-8534-7556c51a05a0,71030800030001,USAHA KANTIN (YULINDA LEMENG),UMKM,0. Tidak Ditemukan,https://fasih-sm.bps.go.id/app/assignment-detail/c50f56b1-fab5-4fe2-8534-7556c51a05a0
c5a57a21-1e15-46ea-8cab-4339a6d820e8,71030900070012,RASDI MANISE (RASDI MANISE),UMKM,0. Tidak Ditemukan,https://fasih-sm.bps.go.id/app/assignment-detail/c5a57a21-1e15-46ea-8cab-4339a6d820e8
c5caeae6-577a-47d8-944e-c82e6e3cd727,71030620010007,WARUNG SEMBAKO (ELSITA),UMKM,0. Tidak Ditemukan,https://fasih-sm.bps.go.id/app/assignment-detail/c5caeae6-577a-47d8-944e-c82e6e3cd727
d1bdec19-574f-4c97-aca7-602da8f7436d,71031000260002,PEMBUATAN KOPRA JAABIR,UMKM,0. Tidak Ditemukan,https://fasih-sm.bps.go.id/app/assignment-detail/d1bdec19-574f-4c97-aca7-602da8f7436d
d53d7ab4-1249-4b42-be48-b10e2c1b4529,71030620010006,USAHA KOPRA (OCTA),UMKM,0. Tidak Ditemukan,https://fasih-sm.bps.go.id/app/assignment-detail/d53d7ab4-1249-4b42-be48-b10e2c1b4529
db5bb9a8-bba6-4d0d-b00a-d40605f3bd77,71030900080005,BENSIN ECERAN (OM KOLI),UMKM,0. Tidak Ditemukan,https://fasih-sm.bps.go.id/app/assignment-detail/db5bb9a8-bba6-4d0d-b00a-d40605f3bd77
dd8da042-a701-41e1-bd48-b696aa7c31df,71030900100005,ELSYADAI SALON (SURIATI ULI) ,UMKM,0. Tidak Ditemukan,https://fasih-sm.bps.go.id/app/assignment-detail/dd8da042-a701-41e1-bd48-b696aa7c31df
ded2beaa-4974-4415-8ba9-e578daa95bb5,71030910040003,SDN INPRES TONA,UMKM,0. Tidak Ditemukan,https://fasih-sm.bps.go.id/app/assignment-detail/ded2beaa-4974-4415-8ba9-e578daa95bb5
deeb53bb-c093-4bd4-b1b3-37a5acc205ee,71031000280003,TAMAN KANAK-KANAK ABA,UMKM,0. Tidak Ditemukan,https://fasih-sm.bps.go.id/app/assignment-detail/deeb53bb-c093-4bd4-b1b3-37a5acc205ee
ee0518fb-c474-479a-aa95-02d0deccd8f3,71030900070002,,UMKM,0. Tidak Ditemukan,https://fasih-sm.bps.go.id/app/assignment-detail/ee0518fb-c474-479a-aa95-02d0deccd8f3
ee29a392-e8c9-4847-956f-b03d05d34441,71030900070010,RUT LAPULALANG (RUT LAPULALANG),UMKM,0. Tidak Ditemukan,https://fasih-sm.bps.go.id/app/assignment-detail/ee29a392-e8c9-4847-956f-b03d05d34441
ee38eea1-3ec4-4f39-9281-e3e84e97bee3,71031100010001,PENGOLAHAN KOPRA (DARUASI) ,UMKM,0. Tidak Ditemukan,https://fasih-sm.bps.go.id/app/assignment-detail/ee38eea1-3ec4-4f39-9281-e3e84e97bee3
ef6b7ac9-c6e3-48e6-b6c6-5cca3b15d53d,71031000280001,PENJUAL SAYUR MASAK (HAPIDA) ,UMKM,0. Tidak Ditemukan,https://fasih-sm.bps.go.id/app/assignment-detail/ef6b7ac9-c6e3-48e6-b6c6-5cca3b15d53d
f5e72890-629f-44c9-988c-dbd550ebb427,71030600140001,CHELCIA FENGLEE POLAKITANG,OSS Perorangan,0. Tidak Ditemukan,https://fasih-sm.bps.go.id/app/assignment-detail/f5e72890-629f-44c9-988c-dbd550ebb427
2623e821-6b10-4e4f-b676-0743603019c1,71030900120005,KINBY NINDY JUNITA MAKADURO,UMKM,0. Tidak Ditemukan,https://fasih-sm.bps.go.id/app/assignment-detail/2623e821-6b10-4e4f-b676-0743603019c1
3c9c6536-57eb-4c3d-abe5-abb844268bbf,71030500110001,PENGOLAHAN ROTI (STIENTJE FERONIKA TAROREH),UMKM,0. Tidak Ditemukan,https://fasih-sm.bps.go.id/app/assignment-detail/3c9c6536-57eb-4c3d-abe5-abb844268bbf
54fb661b-eb75-41d7-968d-dd92259ef57c,71030600200003,JUAL SAYUR (AGUSTINA TATALI),UMKM,0. Tidak Ditemukan,https://fasih-sm.bps.go.id/app/assignment-detail/54fb661b-eb75-41d7-968d-dd92259ef57c
985b99ed-493b-44f3-9b32-b4f06dc27375,71030900070009,ZERLY MULIAWAN,OSS Perorangan,0. Tidak Ditemukan,https://fasih-sm.bps.go.id/app/assignment-detail/985b99ed-493b-44f3-9b32-b4f06dc27375
a7ff1564-174c-400b-ae2a-e2d71d3d1580,71030900110009,BENGKEL MOTOR (PENEKE MOCODOMPIS TIWA) ,UMKM,0. Tidak Ditemukan,https://fasih-sm.bps.go.id/app/assignment-detail/a7ff1564-174c-400b-ae2a-e2d71d3d1580
bea1ee48-6705-44bc-9cb4-863097b555c8,71031000110003,PEMBUATAN ARANG MILIK (MUSALIM BUDIMAN) ,UMKM,0. Tidak Ditemukan,https://fasih-sm.bps.go.id/app/assignment-detail/bea1ee48-6705-44bc-9cb4-863097b555c8
ed51333e-ea98-45b1-8140-1c1858793e38,71031000260001,PEMECAH BATU THOMA,UMKM,0. Tidak Ditemukan,https://fasih-sm.bps.go.id/app/assignment-detail/ed51333e-ea98-45b1-8140-1c1858793e38
f2667392-6104-4994-a2e7-f2a1a86c3630,71030900130007,WARUNG RIZKY (OCTAVIA HORMAN),UMKM,0. Tidak Ditemukan,https://fasih-sm.bps.go.id/app/assignment-detail/f2667392-6104-4994-a2e7-f2a1a86c3630
0222a33e-2ac1-48a1-afaa-37b529da0cfe,71030400120001,PENJUAL PULSA (EVLIN KARAME),UMKM,0. Tidak Ditemukan,https://fasih-sm.bps.go.id/app/assignment-detail/0222a33e-2ac1-48a1-afaa-37b529da0cfe
126151ee-f275-496d-9f64-83f87546bcf6,71031000090005,SOPIR ANGKUTAN BARANG IGSTAD,UMKM,0. Tidak Ditemukan,https://fasih-sm.bps.go.id/app/assignment-detail/126151ee-f275-496d-9f64-83f87546bcf6
13469cd3-bcee-4d34-a9ca-c4c910bed484,71030500130004,BENGKEL MOTOR (YERMIN PIRON),UMKM,0. Tidak Ditemukan,https://fasih-sm.bps.go.id/app/assignment-detail/13469cd3-bcee-4d34-a9ca-c4c910bed484
13b3ce91-3dd9-42be-89fd-977e1af5882d,71031000230001,TOKO PAKAIAN (DEWI),UMKM,0. Tidak Ditemukan,https://fasih-sm.bps.go.id/app/assignment-detail/13b3ce91-3dd9-42be-89fd-977e1af5882d
18a3df0b-35f6-4c7d-aa6b-3979817a1f4b,71030600140003,Narnita Takaliuang,OSS Perorangan,0. Tidak Ditemukan,https://fasih-sm.bps.go.id/app/assignment-detail/18a3df0b-35f6-4c7d-aa6b-3979817a1f4b
1c3b8c15-4d25-4a0c-b44d-ff8c13513e5e,71030900110006,SRI NUNUNG DAUD,OSS Perorangan,0. Tidak Ditemukan,https://fasih-sm.bps.go.id/app/assignment-detail/1c3b8c15-4d25-4a0c-b44d-ff8c13513e5e
1d28c189-f677-4341-a68c-fb4ab1c0ca53,71030410040001,INDUSTRI KOPRA JOHANNES JOHANNES KASANGKE,UMKM,0. Tidak Ditemukan,https://fasih-sm.bps.go.id/app/assignment-detail/1d28c189-f677-4341-a68c-fb4ab1c0ca53
2073913e-817a-4d39-b87e-2d9bd02eb0ee,71030910030010,MANDIRI MOTOR (MARSHELINO GERARD MAELITE),UMKM,0. Tidak Ditemukan,https://fasih-sm.bps.go.id/app/assignment-detail/2073913e-817a-4d39-b87e-2d9bd02eb0ee
23f5088f-c5db-4bd2-94be-9b3cf7251f61,71030900140002,RUKMINI MAKASENDA (RUKMINI MAKASENDA),UMKM,0. Tidak Ditemukan,https://fasih-sm.bps.go.id/app/assignment-detail/23f5088f-c5db-4bd2-94be-9b3cf7251f61
24eaab20-705d-4c47-b6e0-9c03ae4bf363,71030900070011,PENJUAL BUAH (RUSNI BEU),UMKM,0. Tidak Ditemukan,https://fasih-sm.bps.go.id/app/assignment-detail/24eaab20-705d-4c47-b6e0-9c03ae4bf363
284dc1ea-a2ee-4795-aec9-007e22da6e40,71030500090001,BANGUNAN MCK,bangunan_lain,0. Tidak Ditemukan,https://fasih-sm.bps.go.id/app/assignment-detail/284dc1ea-a2ee-4795-aec9-007e22da6e40
2d42909d-1f0a-4015-9eee-42301e6a1e28,71030400070001,ANGKUTAN PERDESAAN (SUN),UMKM,0. Tidak Ditemukan,https://fasih-sm.bps.go.id/app/assignment-detail/2d42909d-1f0a-4015-9eee-42301e6a1e28
2ed0da39-fc26-48ae-9b48-92449d8515c3,71030410060003,KANTOR KAPITALAUNG DESA TALEKO BATUSAIKI,bangunan_lain,0. Tidak Ditemukan,https://fasih-sm.bps.go.id/app/assignment-detail/2ed0da39-fc26-48ae-9b48-92449d8515c3
328ee52a-b948-434e-a820-dbb1bcba7f61,71030600140004,JUAL SAYUR (ALPINA BAWUOH),UMKM,0. Tidak Ditemukan,https://fasih-sm.bps.go.id/app/assignment-detail/328ee52a-b948-434e-a820-dbb1bcba7f61
3362c7d2-4f7f-47d6-ba2f-443cfa72ec0a,71030900130002,USAHA MEBEL (MAZMUR SASELAH) ,UMKM,0. Tidak Ditemukan,https://fasih-sm.bps.go.id/app/assignment-detail/3362c7d2-4f7f-47d6-ba2f-443cfa72ec0a
338b2197-6e92-4c93-b74e-018e05acd029,71031000100004,SD YPK BEHA,UMKM,0. Tidak Ditemukan,https://fasih-sm.bps.go.id/app/assignment-detail/338b2197-6e92-4c93-b74e-018e05acd029
4dc7109a-e702-4909-a5a2-ea8937f82f59,71030600210002,NOVELIA MANTIK SUKUR,OSS Perorangan,0. Tidak Ditemukan,https://fasih-sm.bps.go.id/app/assignment-detail/4dc7109a-e702-4909-a5a2-ea8937f82f59
4e9d6024-aebd-4def-862f-c73f82055086,71030500110002,KANTOR SEKRETARIAT PANWASLU,bangunan_lain,0. Tidak Ditemukan,https://fasih-sm.bps.go.id/app/assignment-detail/4e9d6024-aebd-4def-862f-c73f82055086
527fe2df-305a-4d8e-9c31-930531277204,71030800170001,WARUNG SEMBAKO (PITSEN),UMKM,0. Tidak Ditemukan,https://fasih-sm.bps.go.id/app/assignment-detail/527fe2df-305a-4d8e-9c31-930531277204
52cb1cfd-ad0f-4b53-a5e1-7fef8c9bb86f,71030500110001,TOKO BAHAN BANGUNAN (ANDREW A TANDUSAN),UMKM,0. Tidak Ditemukan,https://fasih-sm.bps.go.id/app/assignment-detail/52cb1cfd-ad0f-4b53-a5e1-7fef8c9bb86f
5faf3550-fae2-4053-8a6d-6fa4debd9e4a,71030910080004,NUSA UTARA PERS,UMKM,0. Tidak Ditemukan,https://fasih-sm.bps.go.id/app/assignment-detail/5faf3550-fae2-4053-8a6d-6fa4debd9e4a
65052bd8-a45a-44a5-b29e-ebaf6d46801c,71030500110001,WARUNG SEMBAKO (LASARUS HONTONG ),UMKM,0. Tidak Ditemukan,https://fasih-sm.bps.go.id/app/assignment-detail/65052bd8-a45a-44a5-b29e-ebaf6d46801c
66323588-02ba-423a-a227-5fe38a06229f,71030700020003,SD GMIST MARTHIN LUTHER KULUR,UMKM,0. Tidak Ditemukan,https://fasih-sm.bps.go.id/app/assignment-detail/66323588-02ba-423a-a227-5fe38a06229f
66c2db53-2106-4ae7-a98b-c478372f6e14,71030620050003,BUMDES SAMPAKANG,UMKM,0. Tidak Ditemukan,https://fasih-sm.bps.go.id/app/assignment-detail/66c2db53-2106-4ae7-a98b-c478372f6e14
70b702e8-3fc1-43bb-a1a2-f95b0c236e41,71030410020003,PERDAGANGAN PERTALITE ECERAN (FATMAWATI) ,UMKM,0. Tidak Ditemukan,https://fasih-sm.bps.go.id/app/assignment-detail/70b702e8-3fc1-43bb-a1a2-f95b0c236e41
74d33b09-3b26-4de0-b5c6-2c3b64c911b9,71031000240002,PENJUAL PULSA (NURAINI) ,UMKM,0. Tidak Ditemukan,https://fasih-sm.bps.go.id/app/assignment-detail/74d33b09-3b26-4de0-b5c6-2c3b64c911b9
78fef291-4ab8-40e9-9264-bf019591fbca,71031000050004,KUE BASAH (SURATNA AWUMBAS),UMKM,0. Tidak Ditemukan,https://fasih-sm.bps.go.id/app/assignment-detail/78fef291-4ab8-40e9-9264-bf019591fbca
8fcfd22d-a841-45eb-837f-04c7b93d6acd,71030400100001,KIOS SEMBAKO,UMKM,0. Tidak Ditemukan,https://fasih-sm.bps.go.id/app/assignment-detail/8fcfd22d-a841-45eb-837f-04c7b93d6acd
91e3c464-6c79-4453-a6f2-f8f610cd11cc,71030400120001,GPDI VICTORY KALUWATU,bangunan_lain,0. Tidak Ditemukan,https://fasih-sm.bps.go.id/app/assignment-detail/91e3c464-6c79-4453-a6f2-f8f610cd11cc
a006c6ae-2fb1-41d7-9d1d-fc227d55a8c5,71030700020001,IKAN SEGAR (YUL TRIOFINE PARAENG),UMKM,0. Tidak Ditemukan,https://fasih-sm.bps.go.id/app/assignment-detail/a006c6ae-2fb1-41d7-9d1d-fc227d55a8c5
a2c1de3c-e0de-4657-a329-580de38414be,71030900130012,TEMPAT USAHA PERTANIAN,bangunan_lain,0. Tidak Ditemukan,https://fasih-sm.bps.go.id/app/assignment-detail/a2c1de3c-e0de-4657-a329-580de38414be
ac25f199-9a4f-4173-bae2-c918d78f1753,71031000190002,WARUNG SEMBAKO (KARTINI MASIHOR) ,UMKM,0. Tidak Ditemukan,https://fasih-sm.bps.go.id/app/assignment-detail/ac25f199-9a4f-4173-bae2-c918d78f1753
b4aec384-eb86-4d8c-ad0c-28b69fecb9e9,71030900110009,VINTJE RIANE LAKADA,OSS Perorangan,0. Tidak Ditemukan,https://fasih-sm.bps.go.id/app/assignment-detail/b4aec384-eb86-4d8c-ad0c-28b69fecb9e9
b99092cc-c00a-4a59-b6f7-c1ed3cd31c9c,71031000090005,"SOPIR ANGKUTAN PENUMPANG, KARTENS",UMKM,0. Tidak Ditemukan,https://fasih-sm.bps.go.id/app/assignment-detail/b99092cc-c00a-4a59-b6f7-c1ed3cd31c9c
c2de64cd-6533-4004-b0b4-17a79cb840b6,71031000050002,KUE BASAH (MIRANTI),UMKM,0. Tidak Ditemukan,https://fasih-sm.bps.go.id/app/assignment-detail/c2de64cd-6533-4004-b0b4-17a79cb840b6
c4c4107b-e569-451c-adfb-83cdbc1b4d62,71030600060001,PEMBUATAN KOPRA (MARTIN) ,UMKM,0. Tidak Ditemukan,https://fasih-sm.bps.go.id/app/assignment-detail/c4c4107b-e569-451c-adfb-83cdbc1b4d62
d43fc8d2-959e-4f83-ad09-fb34d306091f,71030900120005,PUPUK MEILANI MEILANI TAMALAWE,UMKM,0. Tidak Ditemukan,https://fasih-sm.bps.go.id/app/assignment-detail/d43fc8d2-959e-4f83-ad09-fb34d306091f
d47d2391-6cbd-42f0-a201-609833dfab6a,71030910040003,MEMBUAT KUE BASAH (ADELHEID TAKARASEL),UMKM,0. Tidak Ditemukan,https://fasih-sm.bps.go.id/app/assignment-detail/d47d2391-6cbd-42f0-a201-609833dfab6a
da61d514-31c3-498e-ac0d-319f161b022e,71030900070007,DAPUR MA'ON (SONYA KATIANDAGHO) ,UMKM,0. Tidak Ditemukan,https://fasih-sm.bps.go.id/app/assignment-detail/da61d514-31c3-498e-ac0d-319f161b022e
e14cdb44-6deb-4c58-aac0-29353f80d91c,71030910030010,BRI UNIT TIDORE (IVONE T BAWOLE),UB,0. Tidak Ditemukan,https://fasih-sm.bps.go.id/app/assignment-detail/e14cdb44-6deb-4c58-aac0-29353f80d91c
e153949e-1727-48dd-a5c4-689cf8375111,71030900110009,KIOS SEMBAKO DEITJE SAMBAI,UMKM,0. Tidak Ditemukan,https://fasih-sm.bps.go.id/app/assignment-detail/e153949e-1727-48dd-a5c4-689cf8375111
eeb379ad-70d0-4d06-9b84-74c3d2a5e085,71030600140004,JUAL PAKAIAN (YOSPIN MOODUTO),UMKM,0. Tidak Ditemukan,https://fasih-sm.bps.go.id/app/assignment-detail/eeb379ad-70d0-4d06-9b84-74c3d2a5e085
f67f8a99-ae7d-49b1-8cdc-4f3031913418,71030500190002,ANGKUTAN LAUT (ANSELMUS),UMKM,0. Tidak Ditemukan,https://fasih-sm.bps.go.id/app/assignment-detail/f67f8a99-ae7d-49b1-8cdc-4f3031913418
6de7953f-ee4c-4a96-b1d1-906d8ea77cb9,71030900070003,"ADI PUTRA INDOTAMA, PT",UMKM,0. Tidak Ditemukan,https://fasih-sm.bps.go.id/app/assignment-detail/6de7953f-ee4c-4a96-b1d1-906d8ea77cb9
fc3c5c48-14f0-4327-8906-0eea71d6aa36,71030800020005,PANGKALAN MINYAK TANAH (YUAN BOULIVAR MANGANANG),UMKM,0. Tidak Ditemukan,https://fasih-sm.bps.go.id/app/assignment-detail/fc3c5c48-14f0-4327-8906-0eea71d6aa36
12cde417-2087-41e3-ae32-644c522a50a3,71030900110005,ARISTARKUS MARKUS PIODO,OSS Perorangan,0. Tidak Ditemukan,https://fasih-sm.bps.go.id/app/assignment-detail/12cde417-2087-41e3-ae32-644c522a50a3
135f8572-1cff-4dd1-bc02-9c3e284fecfc,71030400120001,ASRAMA SMK NEGERI 1 MANGANITU SELATAN ,bangunan_lain,0. Tidak Ditemukan,https://fasih-sm.bps.go.id/app/assignment-detail/135f8572-1cff-4dd1-bc02-9c3e284fecfc
1a06d114-5501-49aa-86c0-15526b6b9b71,71031100010001,PENGOLAHAN KOPRA (ADOLF) ,UMKM,0. Tidak Ditemukan,https://fasih-sm.bps.go.id/app/assignment-detail/1a06d114-5501-49aa-86c0-15526b6b9b71
20825098-18ad-40a1-a869-d649747c5aba,71030900080008,GEVA CELLL,UMKM,0. Tidak Ditemukan,https://fasih-sm.bps.go.id/app/assignment-detail/20825098-18ad-40a1-a869-d649747c5aba
3803de94-4361-487f-8f3a-4e8f756fb71f,71030500110001,TRANSPORTASI BENTOR (ANUGERAH RAKINAUNG),UMKM,0. Tidak Ditemukan,https://fasih-sm.bps.go.id/app/assignment-detail/3803de94-4361-487f-8f3a-4e8f756fb71f
3f01c66a-eef9-405c-a633-d8db7ca4b5d2,71030500190003,Puncak Peding Bio,UMKM,0. Tidak Ditemukan,https://fasih-sm.bps.go.id/app/assignment-detail/3f01c66a-eef9-405c-a633-d8db7ca4b5d2
4dd943a1-c613-4c84-990f-0ae82692bfe0,71031000050002,WARUNG MAKAN (SITI),UMKM,0. Tidak Ditemukan,https://fasih-sm.bps.go.id/app/assignment-detail/4dd943a1-c613-4c84-990f-0ae82692bfe0
4ea99db7-6b8c-49c0-8da8-47067faef94e,71030400120001,SMK NEGERI 1 MANGANITU SELATAN ,bangunan_lain,0. Tidak Ditemukan,https://fasih-sm.bps.go.id/app/assignment-detail/4ea99db7-6b8c-49c0-8da8-47067faef94e
576ee28d-7254-4f1d-b808-2f4380f758de,71030800060002,WARUNG MAKANAN DAN MINUMAN (ANDHIKA ANDRIES),UMKM,0. Tidak Ditemukan,https://fasih-sm.bps.go.id/app/assignment-detail/576ee28d-7254-4f1d-b808-2f4380f758de
61d31f73-31f5-4e54-830b-d5a3acc6fa2d,71030400120001,GEREJA MENARA INJIL KALUWATU ,bangunan_lain,0. Tidak Ditemukan,https://fasih-sm.bps.go.id/app/assignment-detail/61d31f73-31f5-4e54-830b-d5a3acc6fa2d
655e4a09-0376-4dde-805a-e5e6cbb2c519,71031000050004,WARUNG SEMBAKO (ROSALINDA),UMKM,0. Tidak Ditemukan,https://fasih-sm.bps.go.id/app/assignment-detail/655e4a09-0376-4dde-805a-e5e6cbb2c519
69713299-6785-4431-89f0-a80fd43610ce,71031020030002,KUE BASAH YULIANA HOSANA,UMKM,0. Tidak Ditemukan,https://fasih-sm.bps.go.id/app/assignment-detail/69713299-6785-4431-89f0-a80fd43610ce
69b64322-d401-4707-a489-88274b25a681,71031000120001,WARUNG KELONTONG (MURTIANI),UMKM,0. Tidak Ditemukan,https://fasih-sm.bps.go.id/app/assignment-detail/69b64322-d401-4707-a489-88274b25a681
6b91ead7-d063-43d0-9a3d-cb5034dbd1ef,71030400100001,USAHA PAKAIAN,UMKM,0. Tidak Ditemukan,https://fasih-sm.bps.go.id/app/assignment-detail/6b91ead7-d063-43d0-9a3d-cb5034dbd1ef
6d37ddf9-cda9-4b69-b0dd-dfaa59bd6c8d,71031000280001,KEDAI MAKAN MINUM (INA) ,UMKM,0. Tidak Ditemukan,https://fasih-sm.bps.go.id/app/assignment-detail/6d37ddf9-cda9-4b69-b0dd-dfaa59bd6c8d
6d9d65d7-cd1b-4217-9a96-c045284daa8b,71030600130003,Dicky Frandy Sulungunaung,OSS Perorangan,0. Tidak Ditemukan,https://fasih-sm.bps.go.id/app/assignment-detail/6d9d65d7-cd1b-4217-9a96-c045284daa8b
776e0648-7c9a-4ba6-8e1b-7ed5e6441704,71030600160003,WARUNG SEMBAKO (SANDRA),UMKM,0. Tidak Ditemukan,https://fasih-sm.bps.go.id/app/assignment-detail/776e0648-7c9a-4ba6-8e1b-7ed5e6441704
84591d8f-e789-40d2-809c-b9ccd1f6bf6b,71031000090004,ALONA LANTANAH DAREHO,OSS Perorangan,0. Tidak Ditemukan,https://fasih-sm.bps.go.id/app/assignment-detail/84591d8f-e789-40d2-809c-b9ccd1f6bf6b
8cf9778a-43c5-46eb-b89b-9847d9f2a51e,71030400120001,,UMKM,0. Tidak Ditemukan,https://fasih-sm.bps.go.id/app/assignment-detail/8cf9778a-43c5-46eb-b89b-9847d9f2a51e
93b6d4c0-58f1-4c2d-b6d2-98283d42b9fa,71031000050002,BENSIN KO (SEM),UMKM,0. Tidak Ditemukan,https://fasih-sm.bps.go.id/app/assignment-detail/93b6d4c0-58f1-4c2d-b6d2-98283d42b9fa
98332330-b638-480a-a9a1-809ff2a98a90,71030400110008,USAHA (OGI),UMKM,0. Tidak Ditemukan,https://fasih-sm.bps.go.id/app/assignment-detail/98332330-b638-480a-a9a1-809ff2a98a90
9a1407a4-5268-43ac-a533-94be20d78e2b,71030900100003,YUDICOM,UMKM,0. Tidak Ditemukan,https://fasih-sm.bps.go.id/app/assignment-detail/9a1407a4-5268-43ac-a533-94be20d78e2b
a458dd47-0c94-4c4e-bc31-1dcf8432b46d,71031000120001,YAYASAN MUTIARA NUSA UTARA,UMKM,0. Tidak Ditemukan,https://fasih-sm.bps.go.id/app/assignment-detail/a458dd47-0c94-4c4e-bc31-1dcf8432b46d
b66c13a9-5cfb-49cf-84a4-b3d003c25cd8,71030900140005," 62 , JUALAN KUE BASAH ( TATI) (HARTATI MAKASENDA )",UMKM,0. Tidak Ditemukan,https://fasih-sm.bps.go.id/app/assignment-detail/b66c13a9-5cfb-49cf-84a4-b3d003c25cd8
bdfc6a52-406d-43b2-a27a-88cbff190dcc,71030600140004,BENGKEL PETER (PETER ARARI),UMKM,0. Tidak Ditemukan,https://fasih-sm.bps.go.id/app/assignment-detail/bdfc6a52-406d-43b2-a27a-88cbff190dcc
bf2165bb-7a8d-4801-a4ca-0ccb9e2778a0,71030900110010,REONARD DELON LONTOH,OSS Perorangan,0. Tidak Ditemukan,https://fasih-sm.bps.go.id/app/assignment-detail/bf2165bb-7a8d-4801-a4ca-0ccb9e2778a0
c4ce4004-72ae-49f3-8a62-331955c226bc,71031000140005,"UTARA JAYA, CV",UMKM,0. Tidak Ditemukan,https://fasih-sm.bps.go.id/app/assignment-detail/c4ce4004-72ae-49f3-8a62-331955c226bc
cc86e5a9-faa8-4709-8c7b-85846df3aa3e,71030600170002,KOPRA (MARTINUS PAPADO),UMKM,0. Tidak Ditemukan,https://fasih-sm.bps.go.id/app/assignment-detail/cc86e5a9-faa8-4709-8c7b-85846df3aa3e
d0e9815e-6211-4547-8626-a988b7dde679,71031000050001,"POS INDONESIA UNIT PETTA, PT",UMKM,0. Tidak Ditemukan,https://fasih-sm.bps.go.id/app/assignment-detail/d0e9815e-6211-4547-8626-a988b7dde679
d28225e0-fa70-44d1-805f-59a9b965a9b2,71030500020002,TUKANG KAYU,UMKM,0. Tidak Ditemukan,https://fasih-sm.bps.go.id/app/assignment-detail/d28225e0-fa70-44d1-805f-59a9b965a9b2
d443f1a7-c3e3-4740-8d89-3597f9dda6b2,71030400100001,WARUNG SEMBAKO,UMKM,0. Tidak Ditemukan,https://fasih-sm.bps.go.id/app/assignment-detail/d443f1a7-c3e3-4740-8d89-3597f9dda6b2
db9a1d35-445c-4c83-9b37-6608e6e6f08d,71030900120002,KANTIN YULIN YULIANA PAPARANG,UMKM,0. Tidak Ditemukan,https://fasih-sm.bps.go.id/app/assignment-detail/db9a1d35-445c-4c83-9b37-6608e6e6f08d
dbba56c9-bb39-4502-9ced-454683d98cdd,71031100020001,PENGOLAHAN KOPRA EPERSON RUMOPA,UMKM,0. Tidak Ditemukan,https://fasih-sm.bps.go.id/app/assignment-detail/dbba56c9-bb39-4502-9ced-454683d98cdd
dbc967ba-209a-4762-a76b-3b1989bf6d11,71031000230002,PETI JENAZAH (YEREMIA),UMKM,0. Tidak Ditemukan,https://fasih-sm.bps.go.id/app/assignment-detail/dbc967ba-209a-4762-a76b-3b1989bf6d11
dcc6bb70-632a-4b46-bce3-722aaf4264f9,71031000230001,WARUNG SEMBAKO (WENDRI),UMKM,0. Tidak Ditemukan,https://fasih-sm.bps.go.id/app/assignment-detail/dcc6bb70-632a-4b46-bce3-722aaf4264f9
e156e846-9dc2-4246-8ce3-e3a9dbfd68ba,71030500120004,WARUNG SEMBAKO YERMIA PUDIKARANG,UMKM,0. Tidak Ditemukan,https://fasih-sm.bps.go.id/app/assignment-detail/e156e846-9dc2-4246-8ce3-e3a9dbfd68ba
e294cfa2-0673-46e8-90a8-7c6cdca54663,71030900100001,KIOS AINS (NUR AINI IGIRISA) ,UMKM,0. Tidak Ditemukan,https://fasih-sm.bps.go.id/app/assignment-detail/e294cfa2-0673-46e8-90a8-7c6cdca54663
eaa7b8b1-5140-4eff-ac0e-0e0b72e5eb73,71030400100001,,UMKM,0. Tidak Ditemukan,https://fasih-sm.bps.go.id/app/assignment-detail/eaa7b8b1-5140-4eff-ac0e-0e0b72e5eb73
f830a4e9-856d-49ac-aeaf-3e2de097e764,71030900140005,TOKO SERAGAM ARGASONA (ASNIATI ) ( ASNIATI ROOSJE KATIANDAGHO),UMKM,0. Tidak Ditemukan,https://fasih-sm.bps.go.id/app/assignment-detail/f830a4e9-856d-49ac-aeaf-3e2de097e764
fb43930f-8aa0-4c38-9164-c10959a2adde,71030900110008,,OSS Perorangan,0. Tidak Ditemukan,https://fasih-sm.bps.go.id/app/assignment-detail/fb43930f-8aa0-4c38-9164-c10959a2adde
fdc1f131-f6dc-401b-8d8b-47924127201a,71030500200003,MEYTI MALANSE,OSS Perorangan,0. Tidak Ditemukan,https://fasih-sm.bps.go.id/app/assignment-detail/fdc1f131-f6dc-401b-8d8b-47924127201a
5c765407-cb82-4e44-816a-2dd28bf2afad,71030910080004,TEMPAT KOS (NOVITA CHRISTIN SALAWATI),UMKM,0. Tidak Ditemukan,https://fasih-sm.bps.go.id/app/assignment-detail/5c765407-cb82-4e44-816a-2dd28bf2afad
693543ff-226c-41ee-9148-b5c0d39b2679,71031000140002,WARUNG KELONTONG (KELVIN TIHO),UMKM,0. Tidak Ditemukan,https://fasih-sm.bps.go.id/app/assignment-detail/693543ff-226c-41ee-9148-b5c0d39b2679
7aead047-dd06-41a7-a119-f0e8736d7b74,71030410020002,"ALDUS STAR, CV",UMKM,0. Tidak Ditemukan,https://fasih-sm.bps.go.id/app/assignment-detail/7aead047-dd06-41a7-a119-f0e8736d7b74
9f4bbd34-d39c-4a9e-bb70-6ab47ab0bd3d,71030500110001,PENGOLAHAN KUE BASAH (ROSINA SUMENDONG),UMKM,0. Tidak Ditemukan,https://fasih-sm.bps.go.id/app/assignment-detail/9f4bbd34-d39c-4a9e-bb70-6ab47ab0bd3d
b0987abf-3fc5-40f2-9d1c-766f9d6eeee2,71030910080004,CERIA MART TONA (YULIANTI PARIMALANG),UMKM,0. Tidak Ditemukan,https://fasih-sm.bps.go.id/app/assignment-detail/b0987abf-3fc5-40f2-9d1c-766f9d6eeee2
b09f86b2-459e-407e-8e22-62d2d50fb759,71030910040005,BESI TUA (FANNY JERTA ROMPAS),UMKM,0. Tidak Ditemukan,https://fasih-sm.bps.go.id/app/assignment-detail/b09f86b2-459e-407e-8e22-62d2d50fb759
c5149e3b-262c-4919-9445-686d8e274e53,71031000110003,PENGOLAHAN KOPI BUBUK MILIK (SAKINA YONAS) ,UMKM,0. Tidak Ditemukan,https://fasih-sm.bps.go.id/app/assignment-detail/c5149e3b-262c-4919-9445-686d8e274e53
cf41a0c6-9232-4af2-a91a-ee6102810cd2,71030600140004,NASI KUNING (ERNI),UMKM,0. Tidak Ditemukan,https://fasih-sm.bps.go.id/app/assignment-detail/cf41a0c6-9232-4af2-a91a-ee6102810cd2
cf48010b-7162-4a9a-a57b-bbc5c52723f0,71031000140001,WARUNG SEMBAKO (SELVI),UMKM,0. Tidak Ditemukan,https://fasih-sm.bps.go.id/app/assignment-detail/cf48010b-7162-4a9a-a57b-bbc5c52723f0
f7def253-bc04-4d26-95aa-07647f309c8c,71030900070010,NABILA BARKERY (CHAERYAH BASALAMAH),UMKM,0. Tidak Ditemukan,https://fasih-sm.bps.go.id/app/assignment-detail/f7def253-bc04-4d26-95aa-07647f309c8c
0a978047-373e-44b9-9705-24f8509d511d,71030600200003,KOPRA (MAXFEL LUMUNDER),UMKM,0. Tidak Ditemukan,https://fasih-sm.bps.go.id/app/assignment-detail/0a978047-373e-44b9-9705-24f8509d511d
5448cdd6-6312-4369-bd90-65bf102cb73d,71030900070011,GERALDI RYANTO JOHANIS,OSS Perorangan,0. Tidak Ditemukan,https://fasih-sm.bps.go.id/app/assignment-detail/5448cdd6-6312-4369-bd90-65bf102cb73d
765be7c4-4994-4d8e-affe-9685ba744581,71030500110001,PEDAGANG ECERAN SAYUR -SAYURAN DAN BUAH-BUAHAN (MARIA TAKALAPATENG ),UMKM,0. Tidak Ditemukan,https://fasih-sm.bps.go.id/app/assignment-detail/765be7c4-4994-4d8e-affe-9685ba744581
81dbf779-5cda-4dd6-83c8-934af8de379b,71030900070008,UD MESYE (LENNY),UMKM,0. Tidak Ditemukan,https://fasih-sm.bps.go.id/app/assignment-detail/81dbf779-5cda-4dd6-83c8-934af8de379b
8af394e2-f811-4bb3-8fd8-b6c6195a80dc,71030910070004,CENDOL DAWET (SANTI DWIAMELIA BERHIMPON),UMKM,0. Tidak Ditemukan,https://fasih-sm.bps.go.id/app/assignment-detail/8af394e2-f811-4bb3-8fd8-b6c6195a80dc
deba779a-c558-42fd-9750-976ab596fc86,71030600140003,JUAL PAKAIAN (IKRAN),UMKM,0. Tidak Ditemukan,https://fasih-sm.bps.go.id/app/assignment-detail/deba779a-c558-42fd-9750-976ab596fc86
025f60c2-be78-4ddf-add5-df4b8ce3ba41,71030900140007,GUDANG MEGARI,bangunan_lain,0. Tidak Ditemukan,https://fasih-sm.bps.go.id/app/assignment-detail/025f60c2-be78-4ddf-add5-df4b8ce3ba41
08fbe725-6baa-411e-8e5e-3c2241497d9b,71030910040001,KOPRASI KARYA VOLTA,UMKM,0. Tidak Ditemukan,https://fasih-sm.bps.go.id/app/assignment-detail/08fbe725-6baa-411e-8e5e-3c2241497d9b
0cc32c4f-a972-45ee-b771-fb960637e132,71030920050003,IKAN SEGAR (NETI MANIHAE) ,UMKM,0. Tidak Ditemukan,https://fasih-sm.bps.go.id/app/assignment-detail/0cc32c4f-a972-45ee-b771-fb960637e132
0efcc486-7d2e-4c89-bf5c-d2c9ccc31fd6,71031000280001,BENSIN (SARTJE PANSARIANG) ,UMKM,0. Tidak Ditemukan,https://fasih-sm.bps.go.id/app/assignment-detail/0efcc486-7d2e-4c89-bf5c-d2c9ccc31fd6
11cbf461-aae7-428b-a1d8-5f142356f992,71030910010002,YUSMAN HARILAMA,OSS Perorangan,0. Tidak Ditemukan,https://fasih-sm.bps.go.id/app/assignment-detail/11cbf461-aae7-428b-a1d8-5f142356f992
13a4f307-5bb7-4b41-9e50-03c459427086,71030600170003,KOPRA (JAHYA),UMKM,0. Tidak Ditemukan,https://fasih-sm.bps.go.id/app/assignment-detail/13a4f307-5bb7-4b41-9e50-03c459427086
1ca4794e-9da0-4a03-8c74-08c18ae923b9,71030500180002,,OSS Perorangan,0. Tidak Ditemukan,https://fasih-sm.bps.go.id/app/assignment-detail/1ca4794e-9da0-4a03-8c74-08c18ae923b9
1ec7017b-ff6d-427e-93e7-dfdd3e8ebe64,71030920010001,DALVIN NOFLANDI AER,OSS Perorangan,0. Tidak Ditemukan,https://fasih-sm.bps.go.id/app/assignment-detail/1ec7017b-ff6d-427e-93e7-dfdd3e8ebe64
240a20dc-55c1-445f-bdbb-c8b8b17bddad,71031000110002,INDUSTRI PENGOLAHAN BESI (DEDI HEBIMISA) ,UMKM,0. Tidak Ditemukan,https://fasih-sm.bps.go.id/app/assignment-detail/240a20dc-55c1-445f-bdbb-c8b8b17bddad
2499bb67-4752-41b9-85a2-9504448c9568,71030910030003,TEMPAT MEMBUAT CILOK ( SUTARMAN ),UMKM,0. Tidak Ditemukan,https://fasih-sm.bps.go.id/app/assignment-detail/2499bb67-4752-41b9-85a2-9504448c9568
26dd2762-f015-4fcf-9868-7e144d088139,71030500110001,TRANSPORTASI MOTOR (YOHANIS LAHOSE),UMKM,0. Tidak Ditemukan,https://fasih-sm.bps.go.id/app/assignment-detail/26dd2762-f015-4fcf-9868-7e144d088139
45d75bdd-8c12-488c-9804-041646aae40b,71030800080002,USAHA PISANG GORENG (DEYBY RETNA LAHEBA),UMKM,0. Tidak Ditemukan,https://fasih-sm.bps.go.id/app/assignment-detail/45d75bdd-8c12-488c-9804-041646aae40b
4aa8af7f-5530-4b58-aaa9-57c90ff39384,71031000110001,TK GMIST BETHESDA NAHA,UMKM,0. Tidak Ditemukan,https://fasih-sm.bps.go.id/app/assignment-detail/4aa8af7f-5530-4b58-aaa9-57c90ff39384
4b460129-5b67-4c8e-8743-b6507afd840f,71031000230003,USAHA JUAL SAYUR (BUNIA SAPAR),UMKM,0. Tidak Ditemukan,https://fasih-sm.bps.go.id/app/assignment-detail/4b460129-5b67-4c8e-8743-b6507afd840f
595724ff-164e-4db1-85e9-1d1c920b559f,71030900070011,SEWA WC UMUM (LUSYE MAKARONDONG ),UMKM,0. Tidak Ditemukan,https://fasih-sm.bps.go.id/app/assignment-detail/595724ff-164e-4db1-85e9-1d1c920b559f
682612a5-745c-44cc-ae08-95926740da11,71030900120006,ENGELEN KATIANDAGHO,OSS Perorangan,0. Tidak Ditemukan,https://fasih-sm.bps.go.id/app/assignment-detail/682612a5-745c-44cc-ae08-95926740da11
6f34b6e2-4359-44ba-b3b2-a3f4bb7414d2,71030800120001,JASA POTONG KAYU (MATARIMA PATIRI),UMKM,0. Tidak Ditemukan,https://fasih-sm.bps.go.id/app/assignment-detail/6f34b6e2-4359-44ba-b3b2-a3f4bb7414d2
75007465-a948-46f2-a5e3-7c4653fdc5ed,71030900070004,VERRA TRINTJE WOLFF,OSS Perorangan,0. Tidak Ditemukan,https://fasih-sm.bps.go.id/app/assignment-detail/75007465-a948-46f2-a5e3-7c4653fdc5ed
776c7a72-0ab9-49be-b219-342b5b9cd899,71030900080004,AIR MINUM ISI ULANG,UMKM,0. Tidak Ditemukan,https://fasih-sm.bps.go.id/app/assignment-detail/776c7a72-0ab9-49be-b219-342b5b9cd899
78039d7c-4c97-48d4-9be5-42738bc4a0a7,71030400140003,BENGKEL USAHA MOTOR (ANCE AKHIAN KAPAI),UMKM,0. Tidak Ditemukan,https://fasih-sm.bps.go.id/app/assignment-detail/78039d7c-4c97-48d4-9be5-42738bc4a0a7
7b3861b1-5729-4532-8ed2-5bb2a438b5d3,71030500110002,PANTAI Kapehetang,UMKM,0. Tidak Ditemukan,https://fasih-sm.bps.go.id/app/assignment-detail/7b3861b1-5729-4532-8ed2-5bb2a438b5d3
7e7c5a27-d24d-479a-b5f9-de7e19e29130,71031000040002,TOKO SEMBAKO (MAHMUD),UMKM,0. Tidak Ditemukan,https://fasih-sm.bps.go.id/app/assignment-detail/7e7c5a27-d24d-479a-b5f9-de7e19e29130
7f9c9a30-dd59-4343-9d1d-cc2e648fece6,71030910050007,TK BHAYANGKARI,UMKM,0. Tidak Ditemukan,https://fasih-sm.bps.go.id/app/assignment-detail/7f9c9a30-dd59-4343-9d1d-cc2e648fece6
934405f3-992c-4ed9-bd18-b889fe1f6a95,71031010040003,Pantai Kasaraeng,UMKM,0. Tidak Ditemukan,https://fasih-sm.bps.go.id/app/assignment-detail/934405f3-992c-4ed9-bd18-b889fe1f6a95
94535be8-f073-4fe6-a105-859afd9494fa,71030900100007,INSTRUKTUR ZUMBA (JUSANTRI NURLOLITA MANOY),UMKM,0. Tidak Ditemukan,https://fasih-sm.bps.go.id/app/assignment-detail/94535be8-f073-4fe6-a105-859afd9494fa
9806be68-79f7-4984-be22-61c6c490ed85,71030900070013,MENJUAL BARITO (MARHGARETA FEYBE LAHADE),UMKM,0. Tidak Ditemukan,https://fasih-sm.bps.go.id/app/assignment-detail/9806be68-79f7-4984-be22-61c6c490ed85
99c40148-b9d6-426a-a4d2-986a288c37c8,71030900120012,OLVY OUDY SUMALU,OSS Perorangan,0. Tidak Ditemukan,https://fasih-sm.bps.go.id/app/assignment-detail/99c40148-b9d6-426a-a4d2-986a288c37c8
9e634699-ed5f-4e78-b8c4-604ef4e6bd0b,71030900140006,TEMPAT MAKAN MI AYAM (KUSNADI),UMKM,0. Tidak Ditemukan,https://fasih-sm.bps.go.id/app/assignment-detail/9e634699-ed5f-4e78-b8c4-604ef4e6bd0b
a2ebca99-8b9c-436d-8105-1b541ef0cac2,71030500110001,IBRAHIM YUSUF,OSS Perorangan,0. Tidak Ditemukan,https://fasih-sm.bps.go.id/app/assignment-detail/a2ebca99-8b9c-436d-8105-1b541ef0cac2
a731532d-a4d7-4a86-9749-316c5d6329f6,71030400100001,GEREJA GMIST BAIT -EL LAPANGO ,bangunan_lain,0. Tidak Ditemukan,https://fasih-sm.bps.go.id/app/assignment-detail/a731532d-a4d7-4a86-9749-316c5d6329f6
b41f9f3f-b9d9-4b35-a451-1aab55514e52,71030900100005,TOKO NN FASHION (FAIZAH BACHMID) ,UMKM,0. Tidak Ditemukan,https://fasih-sm.bps.go.id/app/assignment-detail/b41f9f3f-b9d9-4b35-a451-1aab55514e52
b47b2261-80c5-4e20-9d5e-13c4c683e26a,71030600170002,KOPRA (OTNIEL),UMKM,0. Tidak Ditemukan,https://fasih-sm.bps.go.id/app/assignment-detail/b47b2261-80c5-4e20-9d5e-13c4c683e26a
b5a45756-681b-4a55-a3b0-e137e244d4fd,71030910040003,KIOS ARGA 2 (AIKE CHRISTIANO PANGEMANAN),UMKM,0. Tidak Ditemukan,https://fasih-sm.bps.go.id/app/assignment-detail/b5a45756-681b-4a55-a3b0-e137e244d4fd
c8484d09-67b5-4aaa-a2a1-f2bc70794a46,71031100020004,WARUNG MAKAN (RODE MARADUNG) ,UMKM,0. Tidak Ditemukan,https://fasih-sm.bps.go.id/app/assignment-detail/c8484d09-67b5-4aaa-a2a1-f2bc70794a46
e1c6530b-fd2e-49ed-857f-628d10408434,71031100010003,REMPAH-REMPAH (ROSITA BILALANG) ,UMKM,0. Tidak Ditemukan,https://fasih-sm.bps.go.id/app/assignment-detail/e1c6530b-fd2e-49ed-857f-628d10408434
e6f49b02-3398-43a1-bc11-a6807ae94fb2,71030800130001,WARUNG SEMBAKO (ALMIRITIA DALIP),UMKM,0. Tidak Ditemukan,https://fasih-sm.bps.go.id/app/assignment-detail/e6f49b02-3398-43a1-bc11-a6807ae94fb2
f7787014-b7b5-4b36-84f7-b6848e803688,71031100040003,SARAH VERTIKA BETAH,OSS Perorangan,0. Tidak Ditemukan,https://fasih-sm.bps.go.id/app/assignment-detail/f7787014-b7b5-4b36-84f7-b6848e803688
6df12684-3ed8-4732-aa66-e7732e1d0f6a,71031000140002,JULAN IKAN (ORNALIN BAWONE),UMKM,0. Tidak Ditemukan,https://fasih-sm.bps.go.id/app/assignment-detail/6df12684-3ed8-4732-aa66-e7732e1d0f6a
7f6d0588-bca8-446e-ac6e-e4970f781171,71030400100001,LOKET PPOB WIDYA,UMKM,0. Tidak Ditemukan,https://fasih-sm.bps.go.id/app/assignment-detail/7f6d0588-bca8-446e-ac6e-e4970f781171
920647e7-39fc-44d8-b412-7985d6814e4c,71030900120010,BAKSO IDOLA 99 DEISKE ANTARANI,UMKM,0. Tidak Ditemukan,https://fasih-sm.bps.go.id/app/assignment-detail/920647e7-39fc-44d8-b412-7985d6814e4c
a820295a-9009-4804-8211-1623defdd5ce,71030800170001,PANGKALAN MINYAK TANAH (THEODORA),UMKM,0. Tidak Ditemukan,https://fasih-sm.bps.go.id/app/assignment-detail/a820295a-9009-4804-8211-1623defdd5ce
b0c13451-7266-49bb-8b49-325984bab9f0,71030600140003,JUAL IKAN (SMIRNA),UMKM,0. Tidak Ditemukan,https://fasih-sm.bps.go.id/app/assignment-detail/b0c13451-7266-49bb-8b49-325984bab9f0
e3a7a477-2b37-4676-9c7e-d90cc1fd7f4a,71030500110001,BENGKEL LAS (RONALD LOMBONAUNG),UMKM,0. Tidak Ditemukan,https://fasih-sm.bps.go.id/app/assignment-detail/e3a7a477-2b37-4676-9c7e-d90cc1fd7f4a
0283d1fe-7a51-4b44-9756-e8c16f267fce,71030900140007,SEMBAKO (ISTACHIS TERIPOSA SINADIA),OSS Perorangan,0. Tidak Ditemukan,https://fasih-sm.bps.go.id/app/assignment-detail/0283d1fe-7a51-4b44-9756-e8c16f267fce
4ce88c32-5001-43f7-b2a5-cd7dbd158d7e,71030900070009,WARUNG KELONTONG(GUNAWAN ADIPATI),UMKM,0. Tidak Ditemukan,https://fasih-sm.bps.go.id/app/assignment-detail/4ce88c32-5001-43f7-b2a5-cd7dbd158d7e
71262b89-611f-4c30-ae43-61f721398ac1,71030900140011,KUE BASAH (TRISYE SANTI TAMUSA),UMKM,0. Tidak Ditemukan,https://fasih-sm.bps.go.id/app/assignment-detail/71262b89-611f-4c30-ae43-61f721398ac1
217b5a65-87ce-4f74-974d-9fdc836c44d3,71030900070011,PENJUAL KELAPA PARUT (RAMADAN JANIS),UMKM,0. Tidak Ditemukan,https://fasih-sm.bps.go.id/app/assignment-detail/217b5a65-87ce-4f74-974d-9fdc836c44d3
5fb35add-b022-4ace-b637-1109b0ed78ba,71030500110001,TUKANG BESI (FRANKLIN SALILO),OSS Perorangan,0. Tidak Ditemukan,https://fasih-sm.bps.go.id/app/assignment-detail/5fb35add-b022-4ace-b637-1109b0ed78ba
751ac066-2d9f-4781-8707-d0f7ce003992,71030600140003,RUDY POLAKITANG,OSS Perorangan,0. Tidak Ditemukan,https://fasih-sm.bps.go.id/app/assignment-detail/751ac066-2d9f-4781-8707-d0f7ce003992
785effa8-c7cc-4331-a5b3-3e66f438b6a0,71031000210001,BANGUNAN TPA,bangunan_lain,0. Tidak Ditemukan,https://fasih-sm.bps.go.id/app/assignment-detail/785effa8-c7cc-4331-a5b3-3e66f438b6a0
ad9c0b95-3867-47d0-b928-2ade48aa04af,71030500110001,WARUNG SEMBAKO (RAHEL TAKASENSERANG),UMKM,0. Tidak Ditemukan,https://fasih-sm.bps.go.id/app/assignment-detail/ad9c0b95-3867-47d0-b928-2ade48aa04af
b6c349cb-0bee-4d21-8fd9-84bd654a13f4,71030500110001,PENJUAL MINUMAN RINGAN (ESTEVIN HORNOLUS),UMKM,0. Tidak Ditemukan,https://fasih-sm.bps.go.id/app/assignment-detail/b6c349cb-0bee-4d21-8fd9-84bd654a13f4
dd9d9d87-100f-4eeb-a2da-571aca84fc99,71030600100002,KOBER GALILEA BINEBAS,UMKM,0. Tidak Ditemukan,https://fasih-sm.bps.go.id/app/assignment-detail/dd9d9d87-100f-4eeb-a2da-571aca84fc99
04125089-8efb-48c9-81ad-bc5847f80e62,71030910080002,DEPOT AIR (RAFIKA SIMON),UMKM,0. Tidak Ditemukan,https://fasih-sm.bps.go.id/app/assignment-detail/04125089-8efb-48c9-81ad-bc5847f80e62
04859e9b-261d-4745-9f8c-a6bd662acf2e,71031000100002,PENJUAL SAYUR ECERAN (NAPISA),UMKM,0. Tidak Ditemukan,https://fasih-sm.bps.go.id/app/assignment-detail/04859e9b-261d-4745-9f8c-a6bd662acf2e
0bdfacfd-64cc-41aa-a2c9-3ee2638d819d,71030500110001,JUAL BENSIN (PIET KONDOY),UMKM,0. Tidak Ditemukan,https://fasih-sm.bps.go.id/app/assignment-detail/0bdfacfd-64cc-41aa-a2c9-3ee2638d819d
172d12b5-fd83-47d8-a9a4-f970b9ae5008,71031100020001,WARUNG SEMBAKO MAGDALENA,UMKM,0. Tidak Ditemukan,https://fasih-sm.bps.go.id/app/assignment-detail/172d12b5-fd83-47d8-a9a4-f970b9ae5008
1c312f3a-4ce4-4a5f-8da4-a24039b68b73,71031000230002,BARBERSHOP (MULIADI MAKAPIA),UMKM,0. Tidak Ditemukan,https://fasih-sm.bps.go.id/app/assignment-detail/1c312f3a-4ce4-4a5f-8da4-a24039b68b73
1f74dca3-d7f9-4ed2-9400-127f9373981d,71030500110001,TRANSPORTASI MOTOR (SWANDI HARINDA),UMKM,0. Tidak Ditemukan,https://fasih-sm.bps.go.id/app/assignment-detail/1f74dca3-d7f9-4ed2-9400-127f9373981d
2db64e92-b5c0-4003-96a3-799599f3d88a,71030920050003,VOUCHER WIFI ASRIT BEMBOA,UMKM,0. Tidak Ditemukan,https://fasih-sm.bps.go.id/app/assignment-detail/2db64e92-b5c0-4003-96a3-799599f3d88a
381cf718-2dd8-4ab8-b095-35c3507f400d,71031020030002,PERAHU SUDIARJO PALINGKUBUNG,UMKM,0. Tidak Ditemukan,https://fasih-sm.bps.go.id/app/assignment-detail/381cf718-2dd8-4ab8-b095-35c3507f400d
40bb303c-f624-473c-baf7-d25b24ab5eb6,71030900080005,BENSIN ECERAN - BISANDORONG,UMKM,0. Tidak Ditemukan,https://fasih-sm.bps.go.id/app/assignment-detail/40bb303c-f624-473c-baf7-d25b24ab5eb6
42d2a974-1e76-4b49-867a-21c60c4352af,71031000230001,PENJUAL ALAT RUMAH TANGGA (FERDERINTJE),UMKM,0. Tidak Ditemukan,https://fasih-sm.bps.go.id/app/assignment-detail/42d2a974-1e76-4b49-867a-21c60c4352af
4aba41a4-1cc0-4689-8ec5-cd51cfe12d8d,71030800020003,BANGUNAN KOSONG,UMKM,0. Tidak Ditemukan,https://fasih-sm.bps.go.id/app/assignment-detail/4aba41a4-1cc0-4689-8ec5-cd51cfe12d8d
64c3f039-4303-45d1-871f-9d62c5effb5b,71030500060002,BENGKEL KENDARAAN (RUSSIANTO RUSTAM) ,UMKM,0. Tidak Ditemukan,https://fasih-sm.bps.go.id/app/assignment-detail/64c3f039-4303-45d1-871f-9d62c5effb5b
6b3a7eec-d139-45ff-88e8-4f933021a315,71030900070003,SETIA JAMES PENGINAPAN,UMKM,0. Tidak Ditemukan,https://fasih-sm.bps.go.id/app/assignment-detail/6b3a7eec-d139-45ff-88e8-4f933021a315
6bb013ea-2a28-4f01-b8b4-3ffa9801ea45,71030500080002,KENLY KENZO,OSS Badan Usaha,0. Tidak Ditemukan,https://fasih-sm.bps.go.id/app/assignment-detail/6bb013ea-2a28-4f01-b8b4-3ffa9801ea45
7b106d51-5026-425a-81e7-6d842b60fe9b,71030900100003,,UMKM,0. Tidak Ditemukan,https://fasih-sm.bps.go.id/app/assignment-detail/7b106d51-5026-425a-81e7-6d842b60fe9b
7f116065-2db8-45e8-956d-b3c289cf38f8,71030400120001,JUAL PAKAIAN(VERA ),UMKM,0. Tidak Ditemukan,https://fasih-sm.bps.go.id/app/assignment-detail/7f116065-2db8-45e8-956d-b3c289cf38f8
85e2bdd8-bac3-4d9f-8c1b-a375d70a813d,71030600170002,,UMKM,0. Tidak Ditemukan,https://fasih-sm.bps.go.id/app/assignment-detail/85e2bdd8-bac3-4d9f-8c1b-a375d70a813d
8eb4c978-47ec-4ea5-ab30-c6a259e58ebc,71030400100001,SINTJE LARENAUNG,OSS Perorangan,0. Tidak Ditemukan,https://fasih-sm.bps.go.id/app/assignment-detail/8eb4c978-47ec-4ea5-ab30-c6a259e58ebc
955400c4-69a8-48ae-a759-191eb1736f4e,71030900100004,MULTITECH PRINTING (ENDY) ,UMKM,0. Tidak Ditemukan,https://fasih-sm.bps.go.id/app/assignment-detail/955400c4-69a8-48ae-a759-191eb1736f4e
99139e10-4eeb-49f5-9e11-3ce025022c1d,71030700110001,WARUNG SEMBAKO NUR ILHAIN MANAHUMBING,UMKM,0. Tidak Ditemukan,https://fasih-sm.bps.go.id/app/assignment-detail/99139e10-4eeb-49f5-9e11-3ce025022c1d
9ad2c8bd-563d-4c44-83c9-47fbb5584fea,71031000050002,WARUNG KELONTONG (MIRSAD),UMKM,0. Tidak Ditemukan,https://fasih-sm.bps.go.id/app/assignment-detail/9ad2c8bd-563d-4c44-83c9-47fbb5584fea
a9ea9c0b-f0b6-4db8-a797-b0b5eb820ea0,71030900070012,ALFRET TENDAUNUSA (ALFRET TENDAUNUSA),UMKM,0. Tidak Ditemukan,https://fasih-sm.bps.go.id/app/assignment-detail/a9ea9c0b-f0b6-4db8-a797-b0b5eb820ea0
ab15d819-f645-4495-9371-6c29d7b14018,71030500010001,PERDAGANGAN MINYAK BENSIN ECERAN (POLORINA),UMKM,0. Tidak Ditemukan,https://fasih-sm.bps.go.id/app/assignment-detail/ab15d819-f645-4495-9371-6c29d7b14018
abd0ad95-7d1d-4f02-aa13-b5b3c255ce99,71030700020004,PENJUAL IKAN SEGAR ,UMKM,0. Tidak Ditemukan,https://fasih-sm.bps.go.id/app/assignment-detail/abd0ad95-7d1d-4f02-aa13-b5b3c255ce99
ad6cf1b6-dae8-4d52-9b4b-5934f74d64d6,71031000280003,BANGUNAN PARA PARA KOPRA SAMPING RIDWAN SARIALANG,bangunan_lain,0. Tidak Ditemukan,https://fasih-sm.bps.go.id/app/assignment-detail/ad6cf1b6-dae8-4d52-9b4b-5934f74d64d6
b1718970-053f-45b3-b3e3-f0990aecb056,71030410070001,KIOS SEMBAKO (GAD) ,UMKM,0. Tidak Ditemukan,https://fasih-sm.bps.go.id/app/assignment-detail/b1718970-053f-45b3-b3e3-f0990aecb056
c008d3a3-0e22-400b-b4ad-ae597e337713,71030910050007,USAHA FOTO COPY ALPINE (ASELSIA LASUT),UMKM,0. Tidak Ditemukan,https://fasih-sm.bps.go.id/app/assignment-detail/c008d3a3-0e22-400b-b4ad-ae597e337713
c66ee103-0c2a-40e8-b0d8-012af9ce8a7b,71030910040005,KUE (MARGARETA),UMKM,0. Tidak Ditemukan,https://fasih-sm.bps.go.id/app/assignment-detail/c66ee103-0c2a-40e8-b0d8-012af9ce8a7b
c7f9c30e-4963-44b9-8ccc-e3c070f4ad56,71031000130001,PPAUD TPK HAMADA I,UMKM,0. Tidak Ditemukan,https://fasih-sm.bps.go.id/app/assignment-detail/c7f9c30e-4963-44b9-8ccc-e3c070f4ad56
c9eafda5-ce71-4a1a-8e30-da7db237c49c,71030500090002,MEMBUAT ROTI (MARIANA MENAUNG) ,UMKM,0. Tidak Ditemukan,https://fasih-sm.bps.go.id/app/assignment-detail/c9eafda5-ce71-4a1a-8e30-da7db237c49c
cca5f824-dc32-407d-b5d0-a8bc26dace95,71030500070001,JUAL BENSIN ECERAN (WILAMAR),UMKM,0. Tidak Ditemukan,https://fasih-sm.bps.go.id/app/assignment-detail/cca5f824-dc32-407d-b5d0-a8bc26dace95
d6e88b72-acc3-48d6-9dd0-ee4a1f4f8106,71030500110001,PENGOLAHAN KUE BASAH (RASDIANA TAMASENGGE),UMKM,0. Tidak Ditemukan,https://fasih-sm.bps.go.id/app/assignment-detail/d6e88b72-acc3-48d6-9dd0-ee4a1f4f8106
e0ceda6a-8126-4575-81b8-ca7866110685,71030700130003,MESJID AL-MUHAJIRIN NONANG,bangunan_lain,0. Tidak Ditemukan,https://fasih-sm.bps.go.id/app/assignment-detail/e0ceda6a-8126-4575-81b8-ca7866110685
eefe0942-7ebd-4286-a93f-1ee43a9d7b12,71030910030006,RUMAH MAKAN MADUROSO,UMKM,0. Tidak Ditemukan,https://fasih-sm.bps.go.id/app/assignment-detail/eefe0942-7ebd-4286-a93f-1ee43a9d7b12
f2781ae4-efb6-4c0b-a690-123fed11990a,71030500110001,WARUNG SEMBAKO (NORVIANA LAHEA),UMKM,0. Tidak Ditemukan,https://fasih-sm.bps.go.id/app/assignment-detail/f2781ae4-efb6-4c0b-a690-123fed11990a
f420a4d3-209f-4ef7-af3d-67631012c63a,71030700040001,WARUNG SEMBAKO (JDILBEN TULUMANG),UMKM,0. Tidak Ditemukan,https://fasih-sm.bps.go.id/app/assignment-detail/f420a4d3-209f-4ef7-af3d-67631012c63a
f61e7a36-693b-407a-ae5b-d915bf2641a9,71030600090001,KELOMPOK TANI PERSIK,UMKM,0. Tidak Ditemukan,https://fasih-sm.bps.go.id/app/assignment-detail/f61e7a36-693b-407a-ae5b-d915bf2641a9
fa803e25-6383-49d6-a0c8-a28c02d4b66b,71030500110001,TRANSPORTASI MOTOR (HENDRIK TAHENDAKI),UMKM,0. Tidak Ditemukan,https://fasih-sm.bps.go.id/app/assignment-detail/fa803e25-6383-49d6-a0c8-a28c02d4b66b
fc052a58-e808-45b2-a6c5-f467abf43b7c,71031000230001,TOKO PAKAIAN (FATMAWATI),UMKM,0. Tidak Ditemukan,https://fasih-sm.bps.go.id/app/assignment-detail/fc052a58-e808-45b2-a6c5-f467abf43b7c
3a94e1a1-1c1d-47d7-a4bb-3c1e54288c45,71030900070011,JURIKO MOTOR (AGUSTINA TAMPI),UMKM,0. Tidak Ditemukan,https://fasih-sm.bps.go.id/app/assignment-detail/3a94e1a1-1c1d-47d7-a4bb-3c1e54288c45
c6ddbb78-b7a0-4f3c-8a85-a380c73740af,71030900080001,"SINAR CONSULTANT, CV",UMKM,0. Tidak Ditemukan,https://fasih-sm.bps.go.id/app/assignment-detail/c6ddbb78-b7a0-4f3c-8a85-a380c73740af
00e34889-5756-469f-9888-bf1f538c3117,71030500110001,TOKO BANGUNAN (JOPPY SUMENDAP),UMKM,0. Tidak Ditemukan,https://fasih-sm.bps.go.id/app/assignment-detail/00e34889-5756-469f-9888-bf1f538c3117
0865ce51-a657-4ea5-be7c-b0452b0772b8,71030910030007,BENSIN ENCERAN (SURYATI MANIKU ),UMKM,0. Tidak Ditemukan,https://fasih-sm.bps.go.id/app/assignment-detail/0865ce51-a657-4ea5-be7c-b0452b0772b8
09233749-7134-4285-b8e9-1a74953ad428,71030900080003,DEVID CORDIAS DIAMANIS,OSS Perorangan,0. Tidak Ditemukan,https://fasih-sm.bps.go.id/app/assignment-detail/09233749-7134-4285-b8e9-1a74953ad428
095aaac6-c756-4c03-81ca-53a91ee5d810,71031000260001,PEMBUATAN BALOK MAHMUD KAMAE,UMKM,0. Tidak Ditemukan,https://fasih-sm.bps.go.id/app/assignment-detail/095aaac6-c756-4c03-81ca-53a91ee5d810
0b5ac7f1-b713-4464-bda9-4736378dda4d,71030910040007,WARUNG SEMBAKO (ABIGAEL) (ABIGAEL LUKAS) ,UMKM,0. Tidak Ditemukan,https://fasih-sm.bps.go.id/app/assignment-detail/0b5ac7f1-b713-4464-bda9-4736378dda4d
0e2797b2-fc7d-43f2-bdc3-b4a7cef2b867,71030900080002,TEMPAT KOST (ALICIA TAHULENDING),UMKM,0. Tidak Ditemukan,https://fasih-sm.bps.go.id/app/assignment-detail/0e2797b2-fc7d-43f2-bdc3-b4a7cef2b867
19ce22ff-9c4a-4559-8cc2-0fc7e29ca682,71031000230001,TOKO SEMBAKO (ABDULAH),UMKM,0. Tidak Ditemukan,https://fasih-sm.bps.go.id/app/assignment-detail/19ce22ff-9c4a-4559-8cc2-0fc7e29ca682
1e62be06-2e8f-44df-a438-345e9950e26b,71030910070007,BENSIN OMA GODE,UMKM,0. Tidak Ditemukan,https://fasih-sm.bps.go.id/app/assignment-detail/1e62be06-2e8f-44df-a438-345e9950e26b
1ff6a9ae-23a3-4444-8ca0-bc910557c038,71031000090006,RUMAH KANTIN (REINEKE),UMKM,0. Tidak Ditemukan,https://fasih-sm.bps.go.id/app/assignment-detail/1ff6a9ae-23a3-4444-8ca0-bc910557c038
256a3b74-ad22-49cd-901d-1e07fd8a1927,71030400100001,,OSS Perorangan,0. Tidak Ditemukan,https://fasih-sm.bps.go.id/app/assignment-detail/256a3b74-ad22-49cd-901d-1e07fd8a1927
28a0342d-0000-4f66-827a-fafbe0bd234c,71031000210003,BENGKEL (MAX PADANG),UMKM,0. Tidak Ditemukan,https://fasih-sm.bps.go.id/app/assignment-detail/28a0342d-0000-4f66-827a-fafbe0bd234c
28a4043d-eba4-43d7-bc58-79666cd1c640,71030500010003,SD GMIST NAZARETH LAWANG,UMKM,0. Tidak Ditemukan,https://fasih-sm.bps.go.id/app/assignment-detail/28a4043d-eba4-43d7-bc58-79666cd1c640
2d3adb6b-4d00-4575-b74a-ac5f691e20bf,71030910030002,MA YAPIST TAHUNA (JOKO PURWANTO BUDI SUSILO CHULITO) ,UMKM,0. Tidak Ditemukan,https://fasih-sm.bps.go.id/app/assignment-detail/2d3adb6b-4d00-4575-b74a-ac5f691e20bf
36489501-3175-43f4-8502-800962c9c1d4,71031000240001,JUALAN KUE (RUSNI) ,UMKM,0. Tidak Ditemukan,https://fasih-sm.bps.go.id/app/assignment-detail/36489501-3175-43f4-8502-800962c9c1d4
45757872-eb76-453b-aea8-cde13e60136b,71030900100003,KIOS TOWO RAKIB RAKIB NURDIN,UMKM,0. Tidak Ditemukan,https://fasih-sm.bps.go.id/app/assignment-detail/45757872-eb76-453b-aea8-cde13e60136b
4ac13fa1-edc7-443e-8738-07517f252837,71031000090002,WARUNG SEMBAKO (SINTIA),UMKM,0. Tidak Ditemukan,https://fasih-sm.bps.go.id/app/assignment-detail/4ac13fa1-edc7-443e-8738-07517f252837
4d8b3c40-d7e7-4a17-8f88-1ad811dd142e,71030600100001,WARUNG SEMBAKO,UMKM,0. Tidak Ditemukan,https://fasih-sm.bps.go.id/app/assignment-detail/4d8b3c40-d7e7-4a17-8f88-1ad811dd142e
5179cbe3-f733-4971-89b4-62b4616b3090,71030900100003,RUMAH KOSONG,UMKM,0. Tidak Ditemukan,https://fasih-sm.bps.go.id/app/assignment-detail/5179cbe3-f733-4971-89b4-62b4616b3090
54195441-0226-415c-b2c5-542aa116b716,71031000280003,BANGUNAN UNIT PENUNJANG FRANS,bangunan_lain,0. Tidak Ditemukan,https://fasih-sm.bps.go.id/app/assignment-detail/54195441-0226-415c-b2c5-542aa116b716
697defa6-486c-4664-aa62-2f1650ff56c0,71030400130001,PERDAGANGAN ECERAN PAKAIAN (HERRIS ABDULRAHMAN) ,UMKM,0. Tidak Ditemukan,https://fasih-sm.bps.go.id/app/assignment-detail/697defa6-486c-4664-aa62-2f1650ff56c0
6bfc8b33-bb20-4601-9c62-3bf606d564a1,71031000120002,ISMAWATI CELL (ISMAWATI),UMKM,0. Tidak Ditemukan,https://fasih-sm.bps.go.id/app/assignment-detail/6bfc8b33-bb20-4601-9c62-3bf606d564a1
6ef58fec-c780-4f04-b953-d3d1cbc96978,71030910040005,DEPOT BENSIN (ESRA AN TAWILANG),UMKM,0. Tidak Ditemukan,https://fasih-sm.bps.go.id/app/assignment-detail/6ef58fec-c780-4f04-b953-d3d1cbc96978
7822f092-8de1-4da3-9fc6-59e371c22150,71031000280001,USAHA TV KABEL (SEM),UMKM,0. Tidak Ditemukan,https://fasih-sm.bps.go.id/app/assignment-detail/7822f092-8de1-4da3-9fc6-59e371c22150
7cad1262-4355-4131-9e8e-f448417faa8a,71030900080006,SEKOLAH LUAR BIASA KASIH BUNDA GMIST,UMKM,0. Tidak Ditemukan,https://fasih-sm.bps.go.id/app/assignment-detail/7cad1262-4355-4131-9e8e-f448417faa8a
7cbbf7a1-a9a4-45b1-8bd3-11ddaf79f72a,71031000100001,KENDARAAN OJEK MOTOR RAMDANI,UMKM,0. Tidak Ditemukan,https://fasih-sm.bps.go.id/app/assignment-detail/7cbbf7a1-a9a4-45b1-8bd3-11ddaf79f72a
8b29bcef-fb99-4f5d-9608-186ecb7ad916,71030900070013,ANDHIKA PUTRA VICTORYA ACBAR,OSS Perorangan,0. Tidak Ditemukan,https://fasih-sm.bps.go.id/app/assignment-detail/8b29bcef-fb99-4f5d-9608-186ecb7ad916
8c80bd2c-0d63-4654-94e3-9f28cdd9dd39,71030620010002,PENDULANGAN EMAS,UMKM,0. Tidak Ditemukan,https://fasih-sm.bps.go.id/app/assignment-detail/8c80bd2c-0d63-4654-94e3-9f28cdd9dd39
8fdd8957-489c-4eb6-9108-8965388b72fc,71031000140002,PANDAI BESI (RIDWAN PAPIA),UMKM,0. Tidak Ditemukan,https://fasih-sm.bps.go.id/app/assignment-detail/8fdd8957-489c-4eb6-9108-8965388b72fc
9d441c41-2cd0-4ac5-866c-aa87db740ac7,71030800070003,GUDANG,bangunan_lain,0. Tidak Ditemukan,https://fasih-sm.bps.go.id/app/assignment-detail/9d441c41-2cd0-4ac5-866c-aa87db740ac7
a1221444-2ce3-4dfe-8538-83e4a3659528,71030910030009,MAKSURI RANSA,OSS Perorangan,0. Tidak Ditemukan,https://fasih-sm.bps.go.id/app/assignment-detail/a1221444-2ce3-4dfe-8538-83e4a3659528
a53a1555-05c3-4a23-878f-adee86d4e951,71030920050008,KUE BASAH (ANITJE LIHO),UMKM,0. Tidak Ditemukan,https://fasih-sm.bps.go.id/app/assignment-detail/a53a1555-05c3-4a23-878f-adee86d4e951
a59723ba-5805-4bec-b269-eb92dd48e0c6,71030910050007,WARUNG SEMBAKO (FEYBE),UMKM,0. Tidak Ditemukan,https://fasih-sm.bps.go.id/app/assignment-detail/a59723ba-5805-4bec-b269-eb92dd48e0c6
a9cf0427-5952-474c-af0d-06334e7b490e,71030910040003,KANTIN SEKOLAH SMK NEGERI 2 TAHUNA (DEBBIE MAJORE),UMKM,0. Tidak Ditemukan,https://fasih-sm.bps.go.id/app/assignment-detail/a9cf0427-5952-474c-af0d-06334e7b490e
ad97906b-4647-42e0-b9e4-45f1a59509a1,71031000050001,TOKO KARUNIA,UMKM,0. Tidak Ditemukan,https://fasih-sm.bps.go.id/app/assignment-detail/ad97906b-4647-42e0-b9e4-45f1a59509a1
b4e97115-3f8b-41d7-b483-9196e4efb913,71031100020003,EKA PUTRA,UMKM,0. Tidak Ditemukan,https://fasih-sm.bps.go.id/app/assignment-detail/b4e97115-3f8b-41d7-b483-9196e4efb913
b5cbf3da-8fb7-4753-aab2-cd0f3d59ad57,71030500090002,WARUNG SWMBAKO (ALMARIN HORMATI) ,UMKM,0. Tidak Ditemukan,https://fasih-sm.bps.go.id/app/assignment-detail/b5cbf3da-8fb7-4753-aab2-cd0f3d59ad57
cdef3ca1-d20c-44d8-87be-cc4ae00c8b76,71030600140003,SANDRI TANDRIS (SANDRI TANDRIS),UMKM,0. Tidak Ditemukan,https://fasih-sm.bps.go.id/app/assignment-detail/cdef3ca1-d20c-44d8-87be-cc4ae00c8b76
de3776ad-908d-478a-85db-c3375d521a4f,71031000140003,KIOS SEMBAKO RELIGH (LISKE),UMKM,0. Tidak Ditemukan,https://fasih-sm.bps.go.id/app/assignment-detail/de3776ad-908d-478a-85db-c3375d521a4f
de5c1b8f-2d9d-41cf-9284-16a4aa217b5e,71030700070001,KOPRA JAMIL AMBRAEL,UMKM,0. Tidak Ditemukan,https://fasih-sm.bps.go.id/app/assignment-detail/de5c1b8f-2d9d-41cf-9284-16a4aa217b5e
e6a26d96-2b8e-4992-830c-1b096e7c0aa2,71031000260003,ANGKUTAN BENTOR SAWAL DANDEL,UMKM,0. Tidak Ditemukan,https://fasih-sm.bps.go.id/app/assignment-detail/e6a26d96-2b8e-4992-830c-1b096e7c0aa2
ed0b9ad3-329b-4d3e-b30e-ab797c576d48,71030900070002,,UMKM,0. Tidak Ditemukan,https://fasih-sm.bps.go.id/app/assignment-detail/ed0b9ad3-329b-4d3e-b30e-ab797c576d48
ed882cd7-1a1a-4e54-a888-0f57c6d44603,71030600140004,BENGKEL MOTOR WINA(BENNY POLAKITANG),UMKM,0. Tidak Ditemukan,https://fasih-sm.bps.go.id/app/assignment-detail/ed882cd7-1a1a-4e54-a888-0f57c6d44603
eda4b170-8282-4dc5-bb06-a2552577ea18,71030910040002,BAHAN BAKAR BENSIN ECERAN HATITJA DANDEL,UMKM,0. Tidak Ditemukan,https://fasih-sm.bps.go.id/app/assignment-detail/eda4b170-8282-4dc5-bb06-a2552577ea18
edad9992-82ce-428d-b617-232b2700be33,71030800080002,SD INPRES MANGANITU,bangunan_lain,0. Tidak Ditemukan,https://fasih-sm.bps.go.id/app/assignment-detail/edad9992-82ce-428d-b617-232b2700be33
f12ecda2-f265-4274-9313-1b75292146f8,71030600140004,TUKANG OJEK (JENDRIS),UMKM,0. Tidak Ditemukan,https://fasih-sm.bps.go.id/app/assignment-detail/f12ecda2-f265-4274-9313-1b75292146f8
f58d4113-d923-4fa3-8c7c-9ad5e78a49ba,71030900110010,MEYER DJOHAN PANGANDAHENG,OSS Perorangan,0. Tidak Ditemukan,https://fasih-sm.bps.go.id/app/assignment-detail/f58d4113-d923-4fa3-8c7c-9ad5e78a49ba
facac30e-a8c2-4ad9-bc30-1a94aa2ac0a2,71030400110008,MENJUAL PAKAIAN JADI (RITWAN),UMKM,0. Tidak Ditemukan,https://fasih-sm.bps.go.id/app/assignment-detail/facac30e-a8c2-4ad9-bc30-1a94aa2ac0a2
fbb422fd-0159-4d86-8a43-b7b863d6da4c,71030920040001,Pantai Ria,UMKM,0. Tidak Ditemukan,https://fasih-sm.bps.go.id/app/assignment-detail/fbb422fd-0159-4d86-8a43-b7b863d6da4c
6571b33f-9886-4483-a176-dc81a2358cc6,71030900070009,"BERKAT MANDIRI USAHA, CV",UMKM,0. Tidak Ditemukan,https://fasih-sm.bps.go.id/app/assignment-detail/6571b33f-9886-4483-a176-dc81a2358cc6
b335e3ef-3872-4f04-a765-4cb1f2d577b7,71030500110001,PEDAGANG ECERAN KHUSUS PAKAIAN (SUWARNI),UMKM,0. Tidak Ditemukan,https://fasih-sm.bps.go.id/app/assignment-detail/b335e3ef-3872-4f04-a765-4cb1f2d577b7
b38a240d-8e53-472c-bab6-c1cf30702bc0,71030900120009,STENLY TAMALAWE,OSS Perorangan,0. Tidak Ditemukan,https://fasih-sm.bps.go.id/app/assignment-detail/b38a240d-8e53-472c-bab6-c1cf30702bc0
d6bbe4a2-3277-415c-af5a-ef90f86ed9ec,71030900110002,KUE (KEREN HENOCH),UMKM,0. Tidak Ditemukan,https://fasih-sm.bps.go.id/app/assignment-detail/d6bbe4a2-3277-415c-af5a-ef90f86ed9ec
f83da6b5-0a41-458b-88f6-078f1d73be54,71030500110001,REPARASI HP (ADRIANTO RUSTANDI PANEGORO),UMKM,0. Tidak Ditemukan,https://fasih-sm.bps.go.id/app/assignment-detail/f83da6b5-0a41-458b-88f6-078f1d73be54
01f3158e-47e1-4125-935b-d2b08647ad9e,71030800090004,PERALATAN RUMAH TANGGA ONLINE (JEINLIN TIMBANGNUSA),UMKM,0. Tidak Ditemukan,https://fasih-sm.bps.go.id/app/assignment-detail/01f3158e-47e1-4125-935b-d2b08647ad9e
030e28cc-fb46-418b-9403-561c05d45c2e,71030900080001,BLESSING BENGKEL (MICHAEL GAGHANA),UMKM,0. Tidak Ditemukan,https://fasih-sm.bps.go.id/app/assignment-detail/030e28cc-fb46-418b-9403-561c05d45c2e
0586d86b-e02d-4e19-aeba-accd2d14362c,71030600170003,KOPRA (USMAN),UMKM,0. Tidak Ditemukan,https://fasih-sm.bps.go.id/app/assignment-detail/0586d86b-e02d-4e19-aeba-accd2d14362c
065f863c-3d4b-4ccc-874b-6d7a7e181522,71031000090006,BANGUNAN PARA PARA KOPRA BELAKANG NURSIA TEHAMEN,bangunan_lain,0. Tidak Ditemukan,https://fasih-sm.bps.go.id/app/assignment-detail/065f863c-3d4b-4ccc-874b-6d7a7e181522
07b1e93f-5559-4721-bb5e-cec4bca8888f,71030500070006,KOBER PERMATA HATI (FEMMI MEGAWE) ,UMKM,0. Tidak Ditemukan,https://fasih-sm.bps.go.id/app/assignment-detail/07b1e93f-5559-4721-bb5e-cec4bca8888f
0bbdaa5b-b826-429b-ac7d-dff41530c5fb,71030910070005,BENHUR TAKASIHAENG,OSS Perorangan,0. Tidak Ditemukan,https://fasih-sm.bps.go.id/app/assignment-detail/0bbdaa5b-b826-429b-ac7d-dff41530c5fb
111562db-16be-4fe0-ae3a-d1ece3993672,71030400120001,TOKO 79 GROUP (HATI TUWONDORONG),UMKM,0. Tidak Ditemukan,https://fasih-sm.bps.go.id/app/assignment-detail/111562db-16be-4fe0-ae3a-d1ece3993672
1be23682-e45a-4e8a-88d2-7f90d3762b16,71030500050001,WARUNG DAGANG CAMPURAN (SINORITA),UMKM,0. Tidak Ditemukan,https://fasih-sm.bps.go.id/app/assignment-detail/1be23682-e45a-4e8a-88d2-7f90d3762b16
1f4f2c9a-2a86-4c79-b067-ef1a8811c5d1,71031000240003,USAHA SUPIR (INDRA) ,UMKM,0. Tidak Ditemukan,https://fasih-sm.bps.go.id/app/assignment-detail/1f4f2c9a-2a86-4c79-b067-ef1a8811c5d1
29513b40-2ba3-4aa7-b74d-89126ef99fd6,71030900070004,HAROLD HARBAS,OSS Perorangan,0. Tidak Ditemukan,https://fasih-sm.bps.go.id/app/assignment-detail/29513b40-2ba3-4aa7-b74d-89126ef99fd6
29ea8971-c720-4286-aaf3-5cec8b873044,71030500110001,PEDAGANG ECERAN SAYUR-SAYURAN (YOKEBET PUSAKA) ,UMKM,0. Tidak Ditemukan,https://fasih-sm.bps.go.id/app/assignment-detail/29ea8971-c720-4286-aaf3-5cec8b873044
3144b53d-6f6a-436a-81ec-364f1f93d988,71030900100005,ALFARED,UMKM,0. Tidak Ditemukan,https://fasih-sm.bps.go.id/app/assignment-detail/3144b53d-6f6a-436a-81ec-364f1f93d988
394d3bfe-57ea-431c-8bc9-c592916dc65d,71030900100003,JUAL BENSIN ECERAN STOVAN STOVAN DARIUNAUNG,UMKM,0. Tidak Ditemukan,https://fasih-sm.bps.go.id/app/assignment-detail/394d3bfe-57ea-431c-8bc9-c592916dc65d
3b4bb357-de64-44c8-a95c-e10355269b01,71030800120002,,UMKM,0. Tidak Ditemukan,https://fasih-sm.bps.go.id/app/assignment-detail/3b4bb357-de64-44c8-a95c-e10355269b01
46d53ce1-3dba-4f25-8003-9e42f49bb37f,71030800022001,DUMMY,dummy,0. Tidak Ditemukan,https://fasih-sm.bps.go.id/app/assignment-detail/46d53ce1-3dba-4f25-8003-9e42f49bb37f
4ae7c08f-e050-4b55-bb2e-5c798909a875,71030900070013,HENDRIKO TINDAGE,OSS Perorangan,0. Tidak Ditemukan,https://fasih-sm.bps.go.id/app/assignment-detail/4ae7c08f-e050-4b55-bb2e-5c798909a875
55be42a0-fea9-4aef-8abd-a51b6b7e67d2,71030500050002,JUAL PERTALITE (MANASE),UMKM,0. Tidak Ditemukan,https://fasih-sm.bps.go.id/app/assignment-detail/55be42a0-fea9-4aef-8abd-a51b6b7e67d2
5664205c-e0db-4aa4-a654-a04c84c153c9,71030900120002,BENSIN ECERAN YENNY YENNY YUSVITA LOLAROH,UMKM,0. Tidak Ditemukan,https://fasih-sm.bps.go.id/app/assignment-detail/5664205c-e0db-4aa4-a654-a04c84c153c9
6145b1b5-6f4c-4e40-be38-095d428e267a,71030400160002,KOPRA UDA,UMKM,0. Tidak Ditemukan,https://fasih-sm.bps.go.id/app/assignment-detail/6145b1b5-6f4c-4e40-be38-095d428e267a
64d097c8-cb86-4fd1-ba3b-631863301713,71031000120001,SEKOLAH SD MUHAMMADIYAH MALA (SITI AISAH MANIKU ),UMKM,0. Tidak Ditemukan,https://fasih-sm.bps.go.id/app/assignment-detail/64d097c8-cb86-4fd1-ba3b-631863301713
6d1e3f56-27c0-4725-91d4-f6a9bd5f4b92,71030910050008,DEPOT AIR ISI ULANG VELINA,UMKM,0. Tidak Ditemukan,https://fasih-sm.bps.go.id/app/assignment-detail/6d1e3f56-27c0-4725-91d4-f6a9bd5f4b92
7997f640-63a7-4683-a070-81608287951b,71030400110003,SMP NEGERI 2 MANGSEL,UMKM,0. Tidak Ditemukan,https://fasih-sm.bps.go.id/app/assignment-detail/7997f640-63a7-4683-a070-81608287951b
7a5425f8-b7e1-43df-9ea2-7bf338f4ed73,71030900100005,KANTIN EMBO (MEIKE RUITAN) ,UMKM,0. Tidak Ditemukan,https://fasih-sm.bps.go.id/app/assignment-detail/7a5425f8-b7e1-43df-9ea2-7bf338f4ed73
817ed8b2-b209-41f9-a171-9972d419f183,71030600140004,KUE BASAH (ROSMIATI),UMKM,0. Tidak Ditemukan,https://fasih-sm.bps.go.id/app/assignment-detail/817ed8b2-b209-41f9-a171-9972d419f183
86468fd5-2455-4435-aa91-b88abfecf1e4,71030920050004,IKAN SEGAR (ARA NONA TOMAS) ,UMKM,0. Tidak Ditemukan,https://fasih-sm.bps.go.id/app/assignment-detail/86468fd5-2455-4435-aa91-b88abfecf1e4
962aa81a-ffbc-4544-bc21-f932f2a762e5,71031010042001,DUMMY,dummy,0. Tidak Ditemukan,https://fasih-sm.bps.go.id/app/assignment-detail/962aa81a-ffbc-4544-bc21-f932f2a762e5
9cc85c75-de7a-4d50-8317-713e264cc8fa,71031100020003,WARUNG SEMBAKO (ENJEL),UMKM,0. Tidak Ditemukan,https://fasih-sm.bps.go.id/app/assignment-detail/9cc85c75-de7a-4d50-8317-713e264cc8fa
9d448cf7-72de-4796-9a3f-859f3e8b0287,71030910050002,TEMPAT PENJUALAN BENSIN ASIS,UMKM,0. Tidak Ditemukan,https://fasih-sm.bps.go.id/app/assignment-detail/9d448cf7-72de-4796-9a3f-859f3e8b0287
a1d45dab-1304-4f17-b9da-f46dbe83c7a1,71030900130006,NEHEMIA MART,UMKM,0. Tidak Ditemukan,https://fasih-sm.bps.go.id/app/assignment-detail/a1d45dab-1304-4f17-b9da-f46dbe83c7a1
ab8b4ab0-c6bd-45ec-b749-30cb3cab7179,71031000240001,PENJUAL BENSIN (TINE) ,UMKM,0. Tidak Ditemukan,https://fasih-sm.bps.go.id/app/assignment-detail/ab8b4ab0-c6bd-45ec-b749-30cb3cab7179
ac30466b-ea76-4b9e-b259-698c68f59017,71031000230003,RAMADAN SAWOTONG,UMKM,0. Tidak Ditemukan,https://fasih-sm.bps.go.id/app/assignment-detail/ac30466b-ea76-4b9e-b259-698c68f59017
afddfc90-e8c1-4cfd-aa9d-5986302b6601,71031000100002,WARUNG SEMBAKO (NURMIN PONTOH),UMKM,0. Tidak Ditemukan,https://fasih-sm.bps.go.id/app/assignment-detail/afddfc90-e8c1-4cfd-aa9d-5986302b6601
b692b051-2746-4630-b018-13edae62bd62,71030910050007,KANTIN (OLEVIANA NINGSI LALENOH),UMKM,0. Tidak Ditemukan,https://fasih-sm.bps.go.id/app/assignment-detail/b692b051-2746-4630-b018-13edae62bd62
b8a57756-5e12-4fad-9514-9701b53362a8,71030500010003,WARUNG MAKAN (LOHORAUNG),UMKM,0. Tidak Ditemukan,https://fasih-sm.bps.go.id/app/assignment-detail/b8a57756-5e12-4fad-9514-9701b53362a8
b9174c56-3abc-480d-b9e1-0402c461be22,71030500110001,PEDAGANG ECERAN KHUSUS PAKAIAN (SUKRIN ALI ),UMKM,0. Tidak Ditemukan,https://fasih-sm.bps.go.id/app/assignment-detail/b9174c56-3abc-480d-b9e1-0402c461be22
bb86ba9a-937e-4335-8cfd-d2d322661dce,71031100020001,KANTIN STALTJE PANTUNGAN,UMKM,0. Tidak Ditemukan,https://fasih-sm.bps.go.id/app/assignment-detail/bb86ba9a-937e-4335-8cfd-d2d322661dce
be37c31c-59be-4c36-91cc-b9ff477bf750,71030900070013,APOTIK KITA SEHAT (ANDREY) (ANDREY WILLIAMS RANONTO),UMKM,0. Tidak Ditemukan,https://fasih-sm.bps.go.id/app/assignment-detail/be37c31c-59be-4c36-91cc-b9ff477bf750
c72079bc-2425-4245-8ef5-92d1fb9ca5c2,71030600180003,PENGOLAHAN KOPRA,UMKM,0. Tidak Ditemukan,https://fasih-sm.bps.go.id/app/assignment-detail/c72079bc-2425-4245-8ef5-92d1fb9ca5c2
c86a7d68-d621-4189-8733-7766a14ca926,71030900070008,RR ACESORIES (LESTARI LAHEMA),UMKM,0. Tidak Ditemukan,https://fasih-sm.bps.go.id/app/assignment-detail/c86a7d68-d621-4189-8733-7766a14ca926
c92c596b-459b-4574-8bd8-8b05bd6d9d81,71031000230003,PAKAIAN (HAZANAH MAKITIKA),UMKM,0. Tidak Ditemukan,https://fasih-sm.bps.go.id/app/assignment-detail/c92c596b-459b-4574-8bd8-8b05bd6d9d81
c9a4e580-e65c-4b9c-8476-29c762f9c153,71030900120004,GERATES MIKEL ADAM,OSS Perorangan,0. Tidak Ditemukan,https://fasih-sm.bps.go.id/app/assignment-detail/c9a4e580-e65c-4b9c-8476-29c762f9c153
d1f461fa-2ee1-4f31-ac18-88494d17a994,71030900140007,HAYANA BAKERY,UMKM,0. Tidak Ditemukan,https://fasih-sm.bps.go.id/app/assignment-detail/d1f461fa-2ee1-4f31-ac18-88494d17a994
de589e11-321b-49e7-a275-c319ae9d4f26,71031000230003,USAHA KUE KERING (KHADIJAH LALO),UMKM,0. Tidak Ditemukan,https://fasih-sm.bps.go.id/app/assignment-detail/de589e11-321b-49e7-a275-c319ae9d4f26
e19fabbd-a558-4623-a87d-7e09c71c15d2,71030410040001,INDUSTRI KOPRA RAHMAN RAHMAN SAYANGAN,UMKM,0. Tidak Ditemukan,https://fasih-sm.bps.go.id/app/assignment-detail/e19fabbd-a558-4623-a87d-7e09c71c15d2
e3488374-f726-4335-b7e8-d5e15445573b,71030500190003,KGMPI SION BIO,bangunan_lain,0. Tidak Ditemukan,https://fasih-sm.bps.go.id/app/assignment-detail/e3488374-f726-4335-b7e8-d5e15445573b
eb14a766-3f83-410d-b28f-22ee15d2a650,71030500110001,RIBKA MAKAHINDA,OSS Perorangan,0. Tidak Ditemukan,https://fasih-sm.bps.go.id/app/assignment-detail/eb14a766-3f83-410d-b28f-22ee15d2a650
f66988d2-e087-4a6c-a757-2c5017b9df9a,71030800080002,USAHA KANTIN (OSTEVIEN TAKALUMBIDE),UMKM,0. Tidak Ditemukan,https://fasih-sm.bps.go.id/app/assignment-detail/f66988d2-e087-4a6c-a757-2c5017b9df9a
1290feaa-cabe-4674-a1e7-cc7a345a5ad8,71030400140002,LISNA BOHANG ,UMKM,0. Tidak Ditemukan,https://fasih-sm.bps.go.id/app/assignment-detail/1290feaa-cabe-4674-a1e7-cc7a345a5ad8
1ace22e5-515d-41ca-8af8-976b712cf4a5,71031000050002,DEPOT AIR ISI ULANG (YEREMIA),UMKM,0. Tidak Ditemukan,https://fasih-sm.bps.go.id/app/assignment-detail/1ace22e5-515d-41ca-8af8-976b712cf4a5
1d90dc93-7087-4b59-b49e-3c073fa8b904,71031100051001,DUMMY,dummy,0. Tidak Ditemukan,https://fasih-sm.bps.go.id/app/assignment-detail/1d90dc93-7087-4b59-b49e-3c073fa8b904
224691ec-96b0-44cf-8853-9ed3d5675e6b,71030600180003,PENGOLAHAN KOPRA,UMKM,0. Tidak Ditemukan,https://fasih-sm.bps.go.id/app/assignment-detail/224691ec-96b0-44cf-8853-9ed3d5675e6b
248b100a-3f78-455f-bba2-66415455e11f,71030600140004,JUAL HASIL PERTANIAN (SARCI MANDIANGAN),UMKM,0. Tidak Ditemukan,https://fasih-sm.bps.go.id/app/assignment-detail/248b100a-3f78-455f-bba2-66415455e11f
2c192a69-7c81-45d9-9af7-43a8a8193a1d,71030620010007,TAMBANG RAKYAT (MARKUS) ,UMKM,0. Tidak Ditemukan,https://fasih-sm.bps.go.id/app/assignment-detail/2c192a69-7c81-45d9-9af7-43a8a8193a1d
37833b3a-c338-4e57-afbb-03c0ae8f38db,71030500120002,OKTAVIANUS BONGKITANG,OSS Perorangan,0. Tidak Ditemukan,https://fasih-sm.bps.go.id/app/assignment-detail/37833b3a-c338-4e57-afbb-03c0ae8f38db
3ea5291b-a46f-4cd2-b82c-64f8ac8823c5,71030900110009,SANTO NAU,OSS Perorangan,0. Tidak Ditemukan,https://fasih-sm.bps.go.id/app/assignment-detail/3ea5291b-a46f-4cd2-b82c-64f8ac8823c5
41161ec8-ce24-4e23-a5bc-95f38efdaba0,71030620010006,KOBER PROVIDENSIA PINTARENG,UMKM,0. Tidak Ditemukan,https://fasih-sm.bps.go.id/app/assignment-detail/41161ec8-ce24-4e23-a5bc-95f38efdaba0
4ca032ea-f96c-4395-9ea8-e4a6d633795d,71030500110001,TRANSPORTASI MOBIL (ANTONIUS TEDDY MAKAPUNAS),UMKM,0. Tidak Ditemukan,https://fasih-sm.bps.go.id/app/assignment-detail/4ca032ea-f96c-4395-9ea8-e4a6d633795d
537af2bd-83e4-4191-a31f-35f2a58136f8,71030500100001,BATA MERAH (ELIAS PATRAS),UMKM,0. Tidak Ditemukan,https://fasih-sm.bps.go.id/app/assignment-detail/537af2bd-83e4-4191-a31f-35f2a58136f8
565646ae-24c7-4837-b749-460baf034add,71030620010004,PANTUHU CV,UMKM,0. Tidak Ditemukan,https://fasih-sm.bps.go.id/app/assignment-detail/565646ae-24c7-4837-b749-460baf034add
56c3a62f-46ee-4719-894f-cb1a95ba719f,71030410030004,INDUSTRI KOPRA YOSAPAT YOSAPAT GABRIEL,UMKM,0. Tidak Ditemukan,https://fasih-sm.bps.go.id/app/assignment-detail/56c3a62f-46ee-4719-894f-cb1a95ba719f
5d52e468-19c9-42b2-854a-4a40f0ca89ee,71030900080006,NASI KUNING YATI,UMKM,0. Tidak Ditemukan,https://fasih-sm.bps.go.id/app/assignment-detail/5d52e468-19c9-42b2-854a-4a40f0ca89ee
62f4ff66-f2cf-4c0e-838e-aaf1ee23398c,71031100040001,TRISYANETY CARLOS,OSS Perorangan,0. Tidak Ditemukan,https://fasih-sm.bps.go.id/app/assignment-detail/62f4ff66-f2cf-4c0e-838e-aaf1ee23398c
66a0c19e-7b3c-4bfb-91ce-d2afebb61392,71030910010001,GEDUNG SERBAGUNA KELURAHAN LESA,bangunan_lain,0. Tidak Ditemukan,https://fasih-sm.bps.go.id/app/assignment-detail/66a0c19e-7b3c-4bfb-91ce-d2afebb61392
6a89f088-3017-4666-97db-be229418972d,71030500050003,WARUNG SEMBAKO (ROSIANA),UMKM,0. Tidak Ditemukan,https://fasih-sm.bps.go.id/app/assignment-detail/6a89f088-3017-4666-97db-be229418972d
761c1869-4e54-479a-b6fc-2e358047de07,71031000260002,USAHA PEMECAHAN BATU SALINA,UMKM,0. Tidak Ditemukan,https://fasih-sm.bps.go.id/app/assignment-detail/761c1869-4e54-479a-b6fc-2e358047de07
780e4720-a5d6-4b28-ac02-2c014f6e7a92,71030910050005,KANTOR DPRD KEPULAUAN SANGIHE,bangunan_lain,0. Tidak Ditemukan,https://fasih-sm.bps.go.id/app/assignment-detail/780e4720-a5d6-4b28-ac02-2c014f6e7a92
8377c16a-d1ad-49bb-ba3d-efe11305175c,71030910040002,TAYLOR CHRISTIN SURYA WATI SALENSEHE,UMKM,0. Tidak Ditemukan,https://fasih-sm.bps.go.id/app/assignment-detail/8377c16a-d1ad-49bb-ba3d-efe11305175c
87bcaef0-5231-4143-bf1f-11ab0ccf89ba,71030500140002,Kelompok Tani Semaru,UMKM,0. Tidak Ditemukan,https://fasih-sm.bps.go.id/app/assignment-detail/87bcaef0-5231-4143-bf1f-11ab0ccf89ba
8a22be47-33ed-4784-aebc-66cd505d6d16,71030400100001,KANTOR DESA KAMPUNG LAPANGO,bangunan_lain,0. Tidak Ditemukan,https://fasih-sm.bps.go.id/app/assignment-detail/8a22be47-33ed-4784-aebc-66cd505d6d16
8e0255fe-58be-4b49-8b6e-05865e559985,71030910040003,MAKANAN MASAK (ERLINDA TAUNAUMANG),UMKM,0. Tidak Ditemukan,https://fasih-sm.bps.go.id/app/assignment-detail/8e0255fe-58be-4b49-8b6e-05865e559985
98506493-3bf9-4667-b551-cd64f65c8dc7,71030900100005,COUNTER MINUMAN (MUSA SUMULE) ,UMKM,0. Tidak Ditemukan,https://fasih-sm.bps.go.id/app/assignment-detail/98506493-3bf9-4667-b551-cd64f65c8dc7
a8f2f33f-4739-42e6-b7b8-e3c0325ed0a4,71030500130004,KUE BASAH (AMERENSI MANANGKODA),UMKM,0. Tidak Ditemukan,https://fasih-sm.bps.go.id/app/assignment-detail/a8f2f33f-4739-42e6-b7b8-e3c0325ed0a4
adfdd9d8-dfe5-4c9e-8a3e-65a70ddd8502,71030400150001,INDUSTRI PENGOLAHAN KOPRA (IVAN REVELS MANAHAMPI) ,UMKM,0. Tidak Ditemukan,https://fasih-sm.bps.go.id/app/assignment-detail/adfdd9d8-dfe5-4c9e-8a3e-65a70ddd8502
bd9d79a7-f5e2-4c3f-bf4c-06935f7f1085,71030600140004,JUAL SEMBAKO (ANSELMA TATOHA),UMKM,0. Tidak Ditemukan,https://fasih-sm.bps.go.id/app/assignment-detail/bd9d79a7-f5e2-4c3f-bf4c-06935f7f1085
c3925e91-f8e4-42d4-b039-3aefc09b9f06,71030500190001,WARUNG SEMBAKO (ASMIN),UMKM,0. Tidak Ditemukan,https://fasih-sm.bps.go.id/app/assignment-detail/c3925e91-f8e4-42d4-b039-3aefc09b9f06
c412b659-37b8-48cc-8d4e-4debe6e65fb5,71031000280003,DWI PRANOMO (DWI PRANOMO) ,UMKM,0. Tidak Ditemukan,https://fasih-sm.bps.go.id/app/assignment-detail/c412b659-37b8-48cc-8d4e-4debe6e65fb5
cc478941-db09-4636-9625-f0d0bcd59248,71030900120003,,OSS Perorangan,0. Tidak Ditemukan,https://fasih-sm.bps.go.id/app/assignment-detail/cc478941-db09-4636-9625-f0d0bcd59248
d0126cf5-13b3-4139-8bbf-6d2292a3b49a,71031000040004,TOKO SEMBAKO (NAOMI),UMKM,0. Tidak Ditemukan,https://fasih-sm.bps.go.id/app/assignment-detail/d0126cf5-13b3-4139-8bbf-6d2292a3b49a
d744117e-8865-4a79-ae2c-864ee5e52108,71030900100005,NONI SALON (SISKA NONI TAMPI),UMKM,0. Tidak Ditemukan,https://fasih-sm.bps.go.id/app/assignment-detail/d744117e-8865-4a79-ae2c-864ee5e52108
dc872061-7640-482e-a4c6-ad651ef331db,71030500110002,PENGOLAHAN KUE BASAH (TEODELINDE WALNENTIA ),UMKM,0. Tidak Ditemukan,https://fasih-sm.bps.go.id/app/assignment-detail/dc872061-7640-482e-a4c6-ad651ef331db
e2e98963-8564-4317-89a0-e10f5a307b6b,71030500110001,ANGKUTAN DARAT BENTOR (STEFANUS MAKITIKA),UMKM,0. Tidak Ditemukan,https://fasih-sm.bps.go.id/app/assignment-detail/e2e98963-8564-4317-89a0-e10f5a307b6b
e6424202-50b5-4d37-80e4-4a9ce368cea1,71031000280001,PENJUAL PAKAIAN (KOSMIDA) ,UMKM,0. Tidak Ditemukan,https://fasih-sm.bps.go.id/app/assignment-detail/e6424202-50b5-4d37-80e4-4a9ce368cea1
eddd456c-1935-4450-8b1a-5f5c18e9452c,71030500110001,REIN MEIX MAKAGIANSAR ,OSS Perorangan,0. Tidak Ditemukan,https://fasih-sm.bps.go.id/app/assignment-detail/eddd456c-1935-4450-8b1a-5f5c18e9452c
f80dcd05-3525-4d53-9ce5-99e81b3ac504,71030620010007,"BANGUN ANUGRAH, CV",UMKM,0. Tidak Ditemukan,https://fasih-sm.bps.go.id/app/assignment-detail/f80dcd05-3525-4d53-9ce5-99e81b3ac504
fdff40d4-669c-426d-bc76-946a5c1bc0f3,71030400120004,INDUSTRI KOPRA (SAMUEL MAMAHGE),UMKM,0. Tidak Ditemukan,https://fasih-sm.bps.go.id/app/assignment-detail/fdff40d4-669c-426d-bc76-946a5c1bc0f3
fe80d271-8b7f-4f59-8563-cf3deef2cc95,71030800090004,KUE BASAH (WULAENG TIMBANG TEMPOMONA),UMKM,0. Tidak Ditemukan,https://fasih-sm.bps.go.id/app/assignment-detail/fe80d271-8b7f-4f59-8563-cf3deef2cc95
4719b49c-49a3-4f61-ad5f-aa1e7169f892,71030910040008,KAYU (WELKIA MALAGHANDA) (WELKIA MALAGANDA) ,UMKM,0. Tidak Ditemukan,https://fasih-sm.bps.go.id/app/assignment-detail/4719b49c-49a3-4f61-ad5f-aa1e7169f892
53c7ae2e-69d9-4644-94a0-44ec3d424fac,71030500110001,PEDAGANG ECERAN SAYUR-SAYURAN DAN BUAH-BUAHAN (ROSPA RAMPISELA),UMKM,0. Tidak Ditemukan,https://fasih-sm.bps.go.id/app/assignment-detail/53c7ae2e-69d9-4644-94a0-44ec3d424fac
90827f67-8aec-412d-b8ef-1b32d2aaabb0,71031000140004,WARUNG SEMBAKO (YULFIN),UMKM,0. Tidak Ditemukan,https://fasih-sm.bps.go.id/app/assignment-detail/90827f67-8aec-412d-b8ef-1b32d2aaabb0
a22e5850-2e98-4c8c-b382-ae0981ae98b2,71031000240002,BENTOR (SADAM) ,UMKM,0. Tidak Ditemukan,https://fasih-sm.bps.go.id/app/assignment-detail/a22e5850-2e98-4c8c-b382-ae0981ae98b2
a7c3cb9f-ae1f-4ce0-ae28-f874c7451deb,71030400100001,HENDRIK TINGKUE,OSS Perorangan,0. Tidak Ditemukan,https://fasih-sm.bps.go.id/app/assignment-detail/a7c3cb9f-ae1f-4ce0-ae28-f874c7451deb
ea5dc3c1-1c97-4f90-b948-4ef23aad52f1,71030600140004,KIOS MICHELLYN (FREDRIKA MAKASUDEDE),UMKM,0. Tidak Ditemukan,https://fasih-sm.bps.go.id/app/assignment-detail/ea5dc3c1-1c97-4f90-b948-4ef23aad52f1
039b491d-54e2-488d-b5d0-4e43e2a01e88,71030620030001,USAHA BENSIN ECERAN ( DANIEL MAKASIAHE ),UMKM,0. Tidak Ditemukan,https://fasih-sm.bps.go.id/app/assignment-detail/039b491d-54e2-488d-b5d0-4e43e2a01e88
3ea76bd5-78bf-43f6-802e-582a01a067b5,71030900070013,SANTO LINE TOGHAS,OSS Perorangan,0. Tidak Ditemukan,https://fasih-sm.bps.go.id/app/assignment-detail/3ea76bd5-78bf-43f6-802e-582a01a067b5
6fc183d5-e563-4855-8840-c37103c9afcd,71030900070011,MENJUAL PEDANG (JOKIBETH) (JOKIBETH KAKANTE ),UMKM,0. Tidak Ditemukan,https://fasih-sm.bps.go.id/app/assignment-detail/6fc183d5-e563-4855-8840-c37103c9afcd
762fd1e4-da96-4c11-9e27-f069800301d6,71030700050003,BUAH DAN SAYUR MINTJE MASOA,UMKM,0. Tidak Ditemukan,https://fasih-sm.bps.go.id/app/assignment-detail/762fd1e4-da96-4c11-9e27-f069800301d6
778baab9-bdc5-44fe-8a0a-a1560587b3e6,71030500110001,WARUNG SEMBAKO (YULINCE KAWASA),UMKM,0. Tidak Ditemukan,https://fasih-sm.bps.go.id/app/assignment-detail/778baab9-bdc5-44fe-8a0a-a1560587b3e6
a917a047-d2af-4283-b942-0502d6c037a2,71031000210001,WARUNG MAKANAN (NACE) ,UMKM,0. Tidak Ditemukan,https://fasih-sm.bps.go.id/app/assignment-detail/a917a047-d2af-4283-b942-0502d6c037a2
b6700189-db89-4839-9e17-81a4e1ee33bc,71030700010002,KIOS SEDERHANA SITI LEGO,UMKM,0. Tidak Ditemukan,https://fasih-sm.bps.go.id/app/assignment-detail/b6700189-db89-4839-9e17-81a4e1ee33bc
e353c77e-c91b-401a-a1f4-772c59c96e62,71030900070011,PENJUAL BUAH BUAHAN ( LEMON CUI ) (ABIDIN HARUN),UMKM,0. Tidak Ditemukan,https://fasih-sm.bps.go.id/app/assignment-detail/e353c77e-c91b-401a-a1f4-772c59c96e62
ed82a7c2-e41c-4c3a-bbd3-612d70becc9f,71030900070002,NASI KUNING (HARIATI PATRAS),UMKM,0. Tidak Ditemukan,https://fasih-sm.bps.go.id/app/assignment-detail/ed82a7c2-e41c-4c3a-bbd3-612d70becc9f
f4712ce0-8f8d-461a-86e7-ecf8449caff6,71030400120001,PEDAGANG SEMBAKO (HENOK SAHIU),UMKM,0. Tidak Ditemukan,https://fasih-sm.bps.go.id/app/assignment-detail/f4712ce0-8f8d-461a-86e7-ecf8449caff6
16b7c496-8cef-4d02-a9d2-6c5575505b2a,71030800130002,DRAGON NET (DIANA INGGAR),UMKM,0. Tidak Ditemukan,https://fasih-sm.bps.go.id/app/assignment-detail/16b7c496-8cef-4d02-a9d2-6c5575505b2a
0000811d-04c4-445f-8d76-1ab8c387e59d,71031000100002,PRINSIP MAMUKA,UMKM,0. Tidak Ditemukan,https://fasih-sm.bps.go.id/app/assignment-detail/0000811d-04c4-445f-8d76-1ab8c387e59d
01ba576f-a0e8-42e1-a703-b0e2e628e8b3,71030910040001,WISMA BUNAKEN,UMKM,0. Tidak Ditemukan,https://fasih-sm.bps.go.id/app/assignment-detail/01ba576f-a0e8-42e1-a703-b0e2e628e8b3
070200a7-5487-4397-aa58-53b5aa7f4cd4,71030610090003,KOPRA,UMKM,0. Tidak Ditemukan,https://fasih-sm.bps.go.id/app/assignment-detail/070200a7-5487-4397-aa58-53b5aa7f4cd4
1f415d46-d32d-487b-ba36-06efbc3d5596,71030620010005,"SEVEN BROTHER, CV",UMKM,0. Tidak Ditemukan,https://fasih-sm.bps.go.id/app/assignment-detail/1f415d46-d32d-487b-ba36-06efbc3d5596
28998358-61c0-4d04-9951-dd4abf58d697,71031020030002,MALBIA SALOR,OSS Perorangan,0. Tidak Ditemukan,https://fasih-sm.bps.go.id/app/assignment-detail/28998358-61c0-4d04-9951-dd4abf58d697
28f68139-b91c-485e-87ae-c0d40fb52a05,71030400100001,,UMKM,0. Tidak Ditemukan,https://fasih-sm.bps.go.id/app/assignment-detail/28f68139-b91c-485e-87ae-c0d40fb52a05
29ad1ce8-58cb-4a04-a509-99f364bf6cd2,71031100010003,KANTIN (HAJRIA) (HAJRIA DAHULA) ,UMKM,0. Tidak Ditemukan,https://fasih-sm.bps.go.id/app/assignment-detail/29ad1ce8-58cb-4a04-a509-99f364bf6cd2
2bae2204-44c8-435d-af44-9112c11d90b8,71030500110001,PENYEWAAN BILLIARD (ANDRIANO FANUEL SADIA ),UMKM,0. Tidak Ditemukan,https://fasih-sm.bps.go.id/app/assignment-detail/2bae2204-44c8-435d-af44-9112c11d90b8
307050a0-2f29-49f7-984a-22b5ce4643cf,71030600140004,JUAL HASIL PERTANIAN (YUNITA TAHULENDING),UMKM,0. Tidak Ditemukan,https://fasih-sm.bps.go.id/app/assignment-detail/307050a0-2f29-49f7-984a-22b5ce4643cf
407b9158-618a-4066-a3d8-b20fc079b717,71031000270002,GMIST TORSINA BOWONGKULU,UMKM,0. Tidak Ditemukan,https://fasih-sm.bps.go.id/app/assignment-detail/407b9158-618a-4066-a3d8-b20fc079b717
42c9fc52-61df-459e-bedb-c0240561f094,71030400060001,CRESCENDO,UMKM,0. Tidak Ditemukan,https://fasih-sm.bps.go.id/app/assignment-detail/42c9fc52-61df-459e-bedb-c0240561f094
43e7841e-3263-493f-9230-ba76a85da9e1,71030600170002,,UMKM,0. Tidak Ditemukan,https://fasih-sm.bps.go.id/app/assignment-detail/43e7841e-3263-493f-9230-ba76a85da9e1
5019a1b0-e44c-4161-966b-c84a1a587c1f,71031000050004,PULSA (IFKESIL BENTELU),UMKM,0. Tidak Ditemukan,https://fasih-sm.bps.go.id/app/assignment-detail/5019a1b0-e44c-4161-966b-c84a1a587c1f
514eec39-8516-42c6-9086-10332fbf7f5a,71030910030007,MUSOLAH,bangunan_lain,0. Tidak Ditemukan,https://fasih-sm.bps.go.id/app/assignment-detail/514eec39-8516-42c6-9086-10332fbf7f5a
5fc18c2f-27fd-42bd-a324-4a30dcf7f016,71030500060002,TK GMIST BETHEL DAGHO,UMKM,0. Tidak Ditemukan,https://fasih-sm.bps.go.id/app/assignment-detail/5fc18c2f-27fd-42bd-a324-4a30dcf7f016
603aefc0-1fd9-4a8b-91ed-cd7450c1ad9e,71030700050002,PENJUAL BUAH DAN SAYUR ANASIA SAHAPUDI,UMKM,0. Tidak Ditemukan,https://fasih-sm.bps.go.id/app/assignment-detail/603aefc0-1fd9-4a8b-91ed-cd7450c1ad9e
6d2818ce-c77a-46ed-a2b4-605fa8e193df,71031100020001,KOPRA (HENOK),UMKM,0. Tidak Ditemukan,https://fasih-sm.bps.go.id/app/assignment-detail/6d2818ce-c77a-46ed-a2b4-605fa8e193df
73c244ab-8252-4fb6-b50e-52dde34e0d37,71030900120005,CLINIC LAUNDRY,UMKM,0. Tidak Ditemukan,https://fasih-sm.bps.go.id/app/assignment-detail/73c244ab-8252-4fb6-b50e-52dde34e0d37
7a53d421-e89a-4f26-90ed-4f8a3a2a5ed0,71030400160002,IKAN SEGAR NAIMA,UMKM,0. Tidak Ditemukan,https://fasih-sm.bps.go.id/app/assignment-detail/7a53d421-e89a-4f26-90ed-4f8a3a2a5ed0
842222a0-b437-490e-b8d7-d963c1bb1e31,71030400070002,KIOS MUSLIMAH MUSLIMAH ANAR,UMKM,0. Tidak Ditemukan,https://fasih-sm.bps.go.id/app/assignment-detail/842222a0-b437-490e-b8d7-d963c1bb1e31
846b395d-48db-4856-aa15-569afb30cdbf,71031000090005,"OJEK BENTOR, HERCULES",UMKM,0. Tidak Ditemukan,https://fasih-sm.bps.go.id/app/assignment-detail/846b395d-48db-4856-aa15-569afb30cdbf
8c2ac802-5bb4-4ae3-b2c7-ae468f1269eb,71031020030002,JUAL BELI IKAN SEGAR TUWO KIRAMIS,UMKM,0. Tidak Ditemukan,https://fasih-sm.bps.go.id/app/assignment-detail/8c2ac802-5bb4-4ae3-b2c7-ae468f1269eb
90289ea8-d306-4f2f-8fb2-2844fd005a69,71030900120005,KIOS GORENGAN DIANA MERSSY RAMBING BU,UMKM,0. Tidak Ditemukan,https://fasih-sm.bps.go.id/app/assignment-detail/90289ea8-d306-4f2f-8fb2-2844fd005a69
a138a782-330d-4bc7-b45e-468de2fd21e7,71030900140003,CENDOL DAWET (OKTA KAKUHESE),UMKM,0. Tidak Ditemukan,https://fasih-sm.bps.go.id/app/assignment-detail/a138a782-330d-4bc7-b45e-468de2fd21e7
a32c4516-ca31-4367-8ff8-2c70e96ee6d1,71030500130004,UTAMA SUPERMARKET,UMKM,0. Tidak Ditemukan,https://fasih-sm.bps.go.id/app/assignment-detail/a32c4516-ca31-4367-8ff8-2c70e96ee6d1
a54db1f9-45ec-40f8-8eb2-91a8e2620993,71031000020001,KOPRA (ARNOL TINDAGE ),UMKM,0. Tidak Ditemukan,https://fasih-sm.bps.go.id/app/assignment-detail/a54db1f9-45ec-40f8-8eb2-91a8e2620993
a93afc3d-406e-4410-a4ef-f2d0e8f26922,71030500110001,PENGOLOHAN KUE BASAH (SILCE MEGAWE ),UMKM,0. Tidak Ditemukan,https://fasih-sm.bps.go.id/app/assignment-detail/a93afc3d-406e-4410-a4ef-f2d0e8f26922
aef1a8e4-c431-48b5-b4a9-7faabedbc261,71030910080001,KOS MARTHIN MANANOHAS,UMKM,0. Tidak Ditemukan,https://fasih-sm.bps.go.id/app/assignment-detail/aef1a8e4-c431-48b5-b4a9-7faabedbc261
af8a90f1-1565-4fcb-ab0b-d5171d790995,71030910050007,USAHA KUE BASAH (ROSMIN HARIMISA),UMKM,0. Tidak Ditemukan,https://fasih-sm.bps.go.id/app/assignment-detail/af8a90f1-1565-4fcb-ab0b-d5171d790995
b0fe24ca-f68a-47a7-80b1-f28824057cda,71030900080009,KOST (MARLON NAHARIA),OSS Perorangan,0. Tidak Ditemukan,https://fasih-sm.bps.go.id/app/assignment-detail/b0fe24ca-f68a-47a7-80b1-f28824057cda
b1059c30-8abf-4e41-b7a2-fdd4037025cf,71030900110001,KARYA KASIH ANUGERAH,UMKM,0. Tidak Ditemukan,https://fasih-sm.bps.go.id/app/assignment-detail/b1059c30-8abf-4e41-b7a2-fdd4037025cf
b2405c22-6c5a-46cd-8bea-fc7539665539,71030800030002,POP ICE BOBA FONIBO (REGINA KESYA DUMUMPE),UMKM,0. Tidak Ditemukan,https://fasih-sm.bps.go.id/app/assignment-detail/b2405c22-6c5a-46cd-8bea-fc7539665539
b7416904-274c-47d5-8a2e-95a62370b1d6,71030900130006,KANTIN SEKOLAH SDN 5 MANENTE (VERALINDA LAHAMENDU) ,UMKM,0. Tidak Ditemukan,https://fasih-sm.bps.go.id/app/assignment-detail/b7416904-274c-47d5-8a2e-95a62370b1d6
ba0b0d40-040c-4473-8204-595ad8567c31,71030910070007,AUDRO CHRUSTOFEL ROMPAS,OSS Perorangan,0. Tidak Ditemukan,https://fasih-sm.bps.go.id/app/assignment-detail/ba0b0d40-040c-4473-8204-595ad8567c31
ba38f6ee-4407-4ad1-ba60-62217665a1dc,71030900070004,DEBBY EFELIN SINYAL,OSS Perorangan,0. Tidak Ditemukan,https://fasih-sm.bps.go.id/app/assignment-detail/ba38f6ee-4407-4ad1-ba60-62217665a1dc
ca1f4d6b-29fe-4bc1-a999-898ff2010bad,71030800010002,ES SERUT (YULIN BOHAM),UMKM,0. Tidak Ditemukan,https://fasih-sm.bps.go.id/app/assignment-detail/ca1f4d6b-29fe-4bc1-a999-898ff2010bad
dd479bc6-8071-4c5e-ba02-1a870e2901d3,71031100010001,PENGGERGAJIAN KAYU (SUWARNI) ,UMKM,0. Tidak Ditemukan,https://fasih-sm.bps.go.id/app/assignment-detail/dd479bc6-8071-4c5e-ba02-1a870e2901d3
e0bca247-245a-4e42-9a2b-81cb4377fce3,71030910060002,KOPRA (JONI TATENGKENG),UMKM,0. Tidak Ditemukan,https://fasih-sm.bps.go.id/app/assignment-detail/e0bca247-245a-4e42-9a2b-81cb4377fce3
29bea4ef-b1b4-48f6-bd11-ba073e2e456d,71030900110010,,UMKM,0. Tidak Ditemukan,https://fasih-sm.bps.go.id/app/assignment-detail/29bea4ef-b1b4-48f6-bd11-ba073e2e456d
3affe25f-d533-4d79-8851-cff970ecdcb1,71031000240002,INDUSTRI KOPRA (HASBI) ,UMKM,0. Tidak Ditemukan,https://fasih-sm.bps.go.id/app/assignment-detail/3affe25f-d533-4d79-8851-cff970ecdcb1
635dda49-eceb-4d4c-8fb7-68eb5953283b,71030900070010,KANTOR PELNI,bangunan_lain,0. Tidak Ditemukan,https://fasih-sm.bps.go.id/app/assignment-detail/635dda49-eceb-4d4c-8fb7-68eb5953283b
7e910be5-8212-4f09-8690-3a401ba8afe3,71030400110007,TK GMIST BAID ZALIL,UMKM,0. Tidak Ditemukan,https://fasih-sm.bps.go.id/app/assignment-detail/7e910be5-8212-4f09-8690-3a401ba8afe3
b1c2a8ea-a1ee-4256-9b0c-c5ce96d47320,71030600160001,WARUNG SEMBAKO (NORMA),UMKM,0. Tidak Ditemukan,https://fasih-sm.bps.go.id/app/assignment-detail/b1c2a8ea-a1ee-4256-9b0c-c5ce96d47320
b668b7c0-a29a-432b-b3f6-4ea4e5120a74,71030910040005,BESI TUA (ABNER AMPAGE),UMKM,0. Tidak Ditemukan,https://fasih-sm.bps.go.id/app/assignment-detail/b668b7c0-a29a-432b-b3f6-4ea4e5120a74
bc9405cb-04ba-4cd2-8002-096081e6de1e,71030900070013,MENJUAL IKAN MENTAH (OKTAVIN) (OKTAVIN MANAPODE),UMKM,0. Tidak Ditemukan,https://fasih-sm.bps.go.id/app/assignment-detail/bc9405cb-04ba-4cd2-8002-096081e6de1e
c8832efe-90cc-4c57-8388-559bc8a2637c,71030400070002,JUAL ES MAMBO (MEDAME BAWIAS),UMKM,0. Tidak Ditemukan,https://fasih-sm.bps.go.id/app/assignment-detail/c8832efe-90cc-4c57-8388-559bc8a2637c
d5dc3e63-950e-4b78-ae1c-7cf0db390312,71031000210003,BENGKEL (RIJALI TINUNGKI),UMKM,0. Tidak Ditemukan,https://fasih-sm.bps.go.id/app/assignment-detail/d5dc3e63-950e-4b78-ae1c-7cf0db390312
ee5ffab1-b511-42f2-9e84-49e85e045f94,71031000230003,WARUNG MAKAN(TOHID) (TOHID),UMKM,0. Tidak Ditemukan,https://fasih-sm.bps.go.id/app/assignment-detail/ee5ffab1-b511-42f2-9e84-49e85e045f94
f931ce4e-cacf-475c-9d2c-59838c9b6deb,71030400110007,TAMBANG MAS SANGIHE,UMKM,0. Tidak Ditemukan,https://fasih-sm.bps.go.id/app/assignment-detail/f931ce4e-cacf-475c-9d2c-59838c9b6deb
f9d3e658-040b-4f09-a31d-4cf187eb0a2f,71031000230003,USAHA KUE KERING (KHADIJAH LALO),UMKM,0. Tidak Ditemukan,https://fasih-sm.bps.go.id/app/assignment-detail/f9d3e658-040b-4f09-a31d-4cf187eb0a2f
00b8efc4-2486-44a0-af31-867409040115,71030800090004,SD GMIST MAKEDONIA LIWUNG,UMKM,0. Tidak Ditemukan,https://fasih-sm.bps.go.id/app/assignment-detail/00b8efc4-2486-44a0-af31-867409040115
12f456ae-5ae5-461f-8042-822e63505af9,71030500110001,PEDAGANG ECERAN KHUSUS PAKAIAN (RISMEN HUSEI),UMKM,0. Tidak Ditemukan,https://fasih-sm.bps.go.id/app/assignment-detail/12f456ae-5ae5-461f-8042-822e63505af9
18ff508c-5f3c-4514-b0ee-e65fdc635587,71030400100001,ALYAN PRISILIANI KATIANDAGHO,OSS Perorangan,0. Tidak Ditemukan,https://fasih-sm.bps.go.id/app/assignment-detail/18ff508c-5f3c-4514-b0ee-e65fdc635587
2212740f-e8fe-4c1c-8ea2-b630f0e5fe71,71030500110001,PERDAGANGAN IKAN SEGAR (RASNI DUMUMPE ),UMKM,0. Tidak Ditemukan,https://fasih-sm.bps.go.id/app/assignment-detail/2212740f-e8fe-4c1c-8ea2-b630f0e5fe71
502a184c-72fd-4ffb-a0cf-7a594c114039,71030500110001,PENYEDIAAN MAKANAN SIAP SAJI (SELVIANA TIMANIS),UMKM,0. Tidak Ditemukan,https://fasih-sm.bps.go.id/app/assignment-detail/502a184c-72fd-4ffb-a0cf-7a594c114039
e1f4b7eb-de4c-49af-bc73-9caccfd80a71,71030600150003,GEREJA GMIST MARANATHA BENTUNG,bangunan_lain,0. Tidak Ditemukan,https://fasih-sm.bps.go.id/app/assignment-detail/e1f4b7eb-de4c-49af-bc73-9caccfd80a71
04056e4c-74a9-4165-85d9-5df8029e402f,71030500110001,PENJUAL KUE BASAH (SELVI KAGINGGE),UMKM,0. Tidak Ditemukan,https://fasih-sm.bps.go.id/app/assignment-detail/04056e4c-74a9-4165-85d9-5df8029e402f
16f5eda4-3c46-49c8-b2fe-37dea848040f,71030500160003,KELOMPOK TANI SENGGIGHILANG,UMKM,0. Tidak Ditemukan,https://fasih-sm.bps.go.id/app/assignment-detail/16f5eda4-3c46-49c8-b2fe-37dea848040f
27814e9a-8dfc-41ae-9b65-eea2531de2a3,71030920050003,PERAHU (HENDRIK LOLAROH) ,UMKM,0. Tidak Ditemukan,https://fasih-sm.bps.go.id/app/assignment-detail/27814e9a-8dfc-41ae-9b65-eea2531de2a3
312deaf6-c7f9-45f4-a1fe-d796489918db,71031000080003,"VOLTA NUSA UTARA, PT",UMKM,0. Tidak Ditemukan,https://fasih-sm.bps.go.id/app/assignment-detail/312deaf6-c7f9-45f4-a1fe-d796489918db
3693dabc-5185-434a-9e6b-2a7dd2744065,71030400110002,PENGELOKA KELAPA JANTJE LAWENDATU,UMKM,0. Tidak Ditemukan,https://fasih-sm.bps.go.id/app/assignment-detail/3693dabc-5185-434a-9e6b-2a7dd2744065
3d7a18d1-4497-4d51-86d0-a6c6cc22c01d,71030500080003,WARUNG SEMBAKO (EVISANCE LUMELE),UMKM,0. Tidak Ditemukan,https://fasih-sm.bps.go.id/app/assignment-detail/3d7a18d1-4497-4d51-86d0-a6c6cc22c01d
3e48271a-3309-4892-bc0d-7430f50111c4,71030500070005,GEREJA GPDI MENGAWA 1,bangunan_lain,0. Tidak Ditemukan,https://fasih-sm.bps.go.id/app/assignment-detail/3e48271a-3309-4892-bc0d-7430f50111c4
4048f203-d114-4929-a4cc-74bb30bbdf91,71030910080002,MENJUAL TEMPURUNG (ANJAR JUMAATI),UMKM,0. Tidak Ditemukan,https://fasih-sm.bps.go.id/app/assignment-detail/4048f203-d114-4929-a4cc-74bb30bbdf91
421be097-dc66-4dea-90b8-a59cbc50b05d,71030900120009,BAKSO IDOLA 99 DEISKE ANTARANI,UMKM,0. Tidak Ditemukan,https://fasih-sm.bps.go.id/app/assignment-detail/421be097-dc66-4dea-90b8-a59cbc50b05d
47eeb7b1-39f3-426d-b4cd-cb3a87d97e50,71031000090004,BANGUNAN KOSONG (IIN),UMKM,0. Tidak Ditemukan,https://fasih-sm.bps.go.id/app/assignment-detail/47eeb7b1-39f3-426d-b4cd-cb3a87d97e50
4e1d3b1c-f952-44aa-929c-d81102e0d54d,71031000030004,"SYALOMITA, cv",UMKM,0. Tidak Ditemukan,https://fasih-sm.bps.go.id/app/assignment-detail/4e1d3b1c-f952-44aa-929c-d81102e0d54d
5307dfac-27bc-4552-94bc-7591b76efef8,71030800150003,ELDI ONTHONI,OSS Perorangan,0. Tidak Ditemukan,https://fasih-sm.bps.go.id/app/assignment-detail/5307dfac-27bc-4552-94bc-7591b76efef8
6241b0d3-85fb-4dbc-a145-5e7cde75758d,71031000240002,SEWA ALAT KEYBOARD,UMKM,0. Tidak Ditemukan,https://fasih-sm.bps.go.id/app/assignment-detail/6241b0d3-85fb-4dbc-a145-5e7cde75758d
63c12409-384e-42d8-9a41-0bf8fa138618,71030500050003,INDUSTRI PENGOLAHAN TAHU KEDELAI (RUSTAP),UMKM,0. Tidak Ditemukan,https://fasih-sm.bps.go.id/app/assignment-detail/63c12409-384e-42d8-9a41-0bf8fa138618
65c08838-a2f5-4e0f-9a68-2a3f5335f6ce,71031000020001,OJEK MOTOR (REYNUS SAHAPEDI ),UMKM,0. Tidak Ditemukan,https://fasih-sm.bps.go.id/app/assignment-detail/65c08838-a2f5-4e0f-9a68-2a3f5335f6ce
692ef579-0a3c-4302-b4cf-0a066e799fc2,71030700030002,BANGUNAN RUMAH SINGGAH,bangunan_lain,0. Tidak Ditemukan,https://fasih-sm.bps.go.id/app/assignment-detail/692ef579-0a3c-4302-b4cf-0a066e799fc2
6e644b4e-33a2-4877-bef6-caeb0095e738,71030920050003,KOPRA (JENER LIHO) ,UMKM,0. Tidak Ditemukan,https://fasih-sm.bps.go.id/app/assignment-detail/6e644b4e-33a2-4877-bef6-caeb0095e738
7016254a-1478-4fae-8913-0c2c8bb2c6eb,71030600150002,KANTOR PANWAS KECAMATAN,bangunan_lain,0. Tidak Ditemukan,https://fasih-sm.bps.go.id/app/assignment-detail/7016254a-1478-4fae-8913-0c2c8bb2c6eb
71c782d8-b07e-44ea-b4e7-840a0a065d8d,71030700070003,"CIPTA NUSA UTARA, CV",UMKM,0. Tidak Ditemukan,https://fasih-sm.bps.go.id/app/assignment-detail/71c782d8-b07e-44ea-b4e7-840a0a065d8d
7a832b85-2d20-473a-9167-12cc460645ef,71031000090004,DEPOT AIR ISI ULANG (HERMAN),UMKM,0. Tidak Ditemukan,https://fasih-sm.bps.go.id/app/assignment-detail/7a832b85-2d20-473a-9167-12cc460645ef
7c0582e4-c429-4a1b-ae64-ca27fe4ae9ad,71030600150001,IKAN SEGAR (NUR),UMKM,0. Tidak Ditemukan,https://fasih-sm.bps.go.id/app/assignment-detail/7c0582e4-c429-4a1b-ae64-ca27fe4ae9ad
94b9a49a-6a0a-4783-91a0-1cb615735937,71031100030002,PENGELOLAAN KOPRA(ROHMINTO) (ROHMINTO MANIHING) ,UMKM,0. Tidak Ditemukan,https://fasih-sm.bps.go.id/app/assignment-detail/94b9a49a-6a0a-4783-91a0-1cb615735937
95dfd190-2469-4246-9891-0d2d2176dab9,71030800080003,TEMPAT KOST MEIZON MASALAMATE ,UMKM,0. Tidak Ditemukan,https://fasih-sm.bps.go.id/app/assignment-detail/95dfd190-2469-4246-9891-0d2d2176dab9
9b58064f-bdef-46ac-b15d-0cca372e7495,71030600140004,JUAL HASIL PERTANIAN (ALPRINCE HIWOIYANG),UMKM,0. Tidak Ditemukan,https://fasih-sm.bps.go.id/app/assignment-detail/9b58064f-bdef-46ac-b15d-0cca372e7495
b385277e-f505-4542-aa14-afd0d51f6646,71030920050008,KUE BASAH (HILCE) (HILCE HUMENA),UMKM,0. Tidak Ditemukan,https://fasih-sm.bps.go.id/app/assignment-detail/b385277e-f505-4542-aa14-afd0d51f6646
c045c75a-e78d-4f06-955d-480cd9b3b3dc,71031000230001,MEMBELI KOPRA (DENNY),UMKM,0. Tidak Ditemukan,https://fasih-sm.bps.go.id/app/assignment-detail/c045c75a-e78d-4f06-955d-480cd9b3b3dc
cd92b273-1f35-4f8e-8a8f-2d237fc23219,71030910040006,PENGINAPAN SEDERHANA,UMKM,0. Tidak Ditemukan,https://fasih-sm.bps.go.id/app/assignment-detail/cd92b273-1f35-4f8e-8a8f-2d237fc23219
d156b3a6-71f0-4f88-a56d-0bbd9aab9120,71031000110002,PENGOLAHAN KOPRA (JEFRI LUMUNTAEHE) ,UMKM,0. Tidak Ditemukan,https://fasih-sm.bps.go.id/app/assignment-detail/d156b3a6-71f0-4f88-a56d-0bbd9aab9120
d572c6f1-0521-4b00-82e8-3672a3ae2d81,71030400100001,JUAL BIJIH EMAS,UMKM,0. Tidak Ditemukan,https://fasih-sm.bps.go.id/app/assignment-detail/d572c6f1-0521-4b00-82e8-3672a3ae2d81
d683162b-8ced-470b-bb71-233380f491e6,71031100020002,KOPRA APOON,UMKM,0. Tidak Ditemukan,https://fasih-sm.bps.go.id/app/assignment-detail/d683162b-8ced-470b-bb71-233380f491e6
d717beb7-1ac0-43be-b8c1-d5ebcba9688b,71030900100005,KONTER SOLAGRATIA (INGGRIT A TASIN) ,UMKM,0. Tidak Ditemukan,https://fasih-sm.bps.go.id/app/assignment-detail/d717beb7-1ac0-43be-b8c1-d5ebcba9688b
dc86e072-80e9-4f69-bd25-12e968fa8bae,71030400100001,KANTOR DUKCAPIL KECAMATAN MNGANITU SELATAN,bangunan_lain,0. Tidak Ditemukan,https://fasih-sm.bps.go.id/app/assignment-detail/dc86e072-80e9-4f69-bd25-12e968fa8bae
df6e934f-ee20-4690-81d7-fffc42373249,71030700060003,BUMBU DAPUR EIRENE MANOKA,UMKM,0. Tidak Ditemukan,https://fasih-sm.bps.go.id/app/assignment-detail/df6e934f-ee20-4690-81d7-fffc42373249
e04dbe2d-a668-4753-9cc7-14a66a50d941,71030910040001,PEMBELI BOTOL KELILING MAX,UMKM,0. Tidak Ditemukan,https://fasih-sm.bps.go.id/app/assignment-detail/e04dbe2d-a668-4753-9cc7-14a66a50d941
e37a179b-376f-4366-9857-7b005a374bf4,71031100020003,WARUNG SEMBAKO (YOHANA) ,UMKM,0. Tidak Ditemukan,https://fasih-sm.bps.go.id/app/assignment-detail/e37a179b-376f-4366-9857-7b005a374bf4
f9808d79-ec7f-439e-a411-a1d97c0e4e93,71030910070007,,UMKM,0. Tidak Ditemukan,https://fasih-sm.bps.go.id/app/assignment-detail/f9808d79-ec7f-439e-a411-a1d97c0e4e93
fafc16b9-f514-4ced-a099-06b22e22c529,71030910040006,PERUMAHAN KEJAKSAAN,bangunan_lain,0. Tidak Ditemukan,https://fasih-sm.bps.go.id/app/assignment-detail/fafc16b9-f514-4ced-a099-06b22e22c529
feff6592-5fd0-4e2a-9b3b-6122fc5b08aa,71031100010001,PENGOLAHAN KOPRA (GENNAS ) ,UMKM,0. Tidak Ditemukan,https://fasih-sm.bps.go.id/app/assignment-detail/feff6592-5fd0-4e2a-9b3b-6122fc5b08aa
ffda012e-7856-4c9d-b753-51fc0a396a2c,71031000070002,INDUSTRI PEMBUATAN BATU BATA (MANSUR),UMKM,0. Tidak Ditemukan,https://fasih-sm.bps.go.id/app/assignment-detail/ffda012e-7856-4c9d-b753-51fc0a396a2c
18386c67-0871-46dc-95d4-fb0c5d795243,71030400120001,TOKO KELONTONG (KISWATI),UMKM,0. Tidak Ditemukan,https://fasih-sm.bps.go.id/app/assignment-detail/18386c67-0871-46dc-95d4-fb0c5d795243
2ff0cbd1-ec02-40d0-8cca-7d3016a95211,71030500110001,PENGOLAHAN KUE BASAH (JUMINCE SALAWATI),UMKM,0. Tidak Ditemukan,https://fasih-sm.bps.go.id/app/assignment-detail/2ff0cbd1-ec02-40d0-8cca-7d3016a95211
36a9ea53-a9c9-4630-96bc-7bb83ecf502f,71030700040001,SDN INPRES DAPULUHE,UMKM,0. Tidak Ditemukan,https://fasih-sm.bps.go.id/app/assignment-detail/36a9ea53-a9c9-4630-96bc-7bb83ecf502f
46fb4ec4-3b02-47bf-a91b-1133bc7dd822,71030900070008,A2H PARFUM (FITRIA HARDIANTI MUSLIM),UMKM,0. Tidak Ditemukan,https://fasih-sm.bps.go.id/app/assignment-detail/46fb4ec4-3b02-47bf-a91b-1133bc7dd822
74551eb4-3c8d-4615-afdc-26b1d8116ac1,71030900120005,DEKORASI BOGEL ADRIANUS KAKUHESE,UMKM,0. Tidak Ditemukan,https://fasih-sm.bps.go.id/app/assignment-detail/74551eb4-3c8d-4615-afdc-26b1d8116ac1
9fc9a19d-02f6-4c46-9e20-49042ca6d8c9,71031100060001,ANGKUTAN PENUMPANG (JUMADI),UMKM,0. Tidak Ditemukan,https://fasih-sm.bps.go.id/app/assignment-detail/9fc9a19d-02f6-4c46-9e20-49042ca6d8c9
a7ddd585-51c3-4b90-9ffb-e99af091c553,71031000090001,WARUNG KELONTONG (NAPISAH KAHEMBAU),UMKM,0. Tidak Ditemukan,https://fasih-sm.bps.go.id/app/assignment-detail/a7ddd585-51c3-4b90-9ffb-e99af091c553
ae6ed489-4632-441f-ac19-18dabb0fb895,71030700180002,BENGKEL MOBIL DAN MOTOR (ELI KARIMELA),OSS Perorangan,0. Tidak Ditemukan,https://fasih-sm.bps.go.id/app/assignment-detail/ae6ed489-4632-441f-ac19-18dabb0fb895
caeea12b-87c8-492a-b1d5-64c865afbef7,71030500110001,TOKO BERKAT USAHA (ROBIN SELIANG),UMKM,0. Tidak Ditemukan,https://fasih-sm.bps.go.id/app/assignment-detail/caeea12b-87c8-492a-b1d5-64c865afbef7
df603273-8d26-4632-855d-02fdf7c933e3,71030500110001,RUMAH MAKAN (JENNY VIVI SOPLIR DALOPE),UMKM,0. Tidak Ditemukan,https://fasih-sm.bps.go.id/app/assignment-detail/df603273-8d26-4632-855d-02fdf7c933e3
e78cef31-9b6d-4aec-ae06-3db09f9004fd,71030910070001,KIOS BENSIN ECERAN (INEKE TAGURIRI),UMKM,0. Tidak Ditemukan,https://fasih-sm.bps.go.id/app/assignment-detail/e78cef31-9b6d-4aec-ae06-3db09f9004fd
e89128a6-d912-4a2a-b8ca-5baf63fa307b,71030700020001,PENJUAL IKAN SEGAR(FRANSIN DALOPE),UMKM,0. Tidak Ditemukan,https://fasih-sm.bps.go.id/app/assignment-detail/e89128a6-d912-4a2a-b8ca-5baf63fa307b
eee91af6-e3b7-40d3-89c9-cb840f5c6e22,71030500110001,PERDAGANGAN IKAN SEGAR (NET SIANGITU),UMKM,0. Tidak Ditemukan,https://fasih-sm.bps.go.id/app/assignment-detail/eee91af6-e3b7-40d3-89c9-cb840f5c6e22
4aa6bfb1-f85b-463f-ba72-e7f88c500a4a,71030500142001,DUMMY,dummy,0. Tidak Ditemukan,https://fasih-sm.bps.go.id/app/assignment-detail/4aa6bfb1-f85b-463f-ba72-e7f88c500a4a
ebb0449d-1b29-4bb6-9726-499c6cfaf383,71030920040005,USAHA TAMBAL BAN (JANUARI KABAIKANG) ,UMKM,0. Tidak Ditemukan,https://fasih-sm.bps.go.id/app/assignment-detail/ebb0449d-1b29-4bb6-9726-499c6cfaf383
05dbd668-e915-4eea-a1d4-aed9ae20b537,71030500110001,WARUNG SEMBAKO (MESKE MANDAK),UMKM,0. Tidak Ditemukan,https://fasih-sm.bps.go.id/app/assignment-detail/05dbd668-e915-4eea-a1d4-aed9ae20b537
6f897e19-5547-49e2-86f5-fba8db4c65d4,71030900120010,BENGKEL JANUAR MOTOR BERTA SERANG,UMKM,0. Tidak Ditemukan,https://fasih-sm.bps.go.id/app/assignment-detail/6f897e19-5547-49e2-86f5-fba8db4c65d4
8f0d3912-54bf-4b2b-981f-c9c55d1e162a,71030900070011,PENJUAL BUAH (GILANG STEFANUS),UMKM,0. Tidak Ditemukan,https://fasih-sm.bps.go.id/app/assignment-detail/8f0d3912-54bf-4b2b-981f-c9c55d1e162a
910e04f1-5964-4ea8-b975-3b5324db4841,71030910040008,MARNA CELL (MARNA JANIS) ,UMKM,0. Tidak Ditemukan,https://fasih-sm.bps.go.id/app/assignment-detail/910e04f1-5964-4ea8-b975-3b5324db4841
a837b27b-a918-4a6a-9462-321438813a43,71031000010003,BANGUNAN FILLA LENGANENG,bangunan_lain,0. Tidak Ditemukan,https://fasih-sm.bps.go.id/app/assignment-detail/a837b27b-a918-4a6a-9462-321438813a43
03191fcd-d154-4864-a419-2f1d4d0bcfe3,71030900120005,FONNY TUTY NGANGI,OSS Perorangan,0. Tidak Ditemukan,https://fasih-sm.bps.go.id/app/assignment-detail/03191fcd-d154-4864-a419-2f1d4d0bcfe3
044a8545-ef60-4380-a740-9314ca513aca,71030900110003,"LIBRIANY, CV",UMKM,0. Tidak Ditemukan,https://fasih-sm.bps.go.id/app/assignment-detail/044a8545-ef60-4380-a740-9314ca513aca
15894212-18b2-48ed-bb5b-3f4afa76593e,71030800080002,KANTIN SD INPRES MANGANITU (ADRIANA PALEMPUNG),UMKM,0. Tidak Ditemukan,https://fasih-sm.bps.go.id/app/assignment-detail/15894212-18b2-48ed-bb5b-3f4afa76593e
1e701e87-30f5-4a28-ac6e-bf9444c22e6e,71030900110001,,OSS Perorangan,0. Tidak Ditemukan,https://fasih-sm.bps.go.id/app/assignment-detail/1e701e87-30f5-4a28-ac6e-bf9444c22e6e
1eb56a36-ff22-4069-9bb2-7197a0529134,71031000140001,ANGKUTAN PENUMPANG (YOHANIS),UMKM,0. Tidak Ditemukan,https://fasih-sm.bps.go.id/app/assignment-detail/1eb56a36-ff22-4069-9bb2-7197a0529134
22d7c092-7e75-43c4-b8c9-6957ca402c56,71031000230001,TOKO PAKAIAN (MASHUDI),UMKM,0. Tidak Ditemukan,https://fasih-sm.bps.go.id/app/assignment-detail/22d7c092-7e75-43c4-b8c9-6957ca402c56
24e7cba3-cb87-4925-8e4f-d273eb995362,71030800110004,GUDANG PALA,bangunan_lain,0. Tidak Ditemukan,https://fasih-sm.bps.go.id/app/assignment-detail/24e7cba3-cb87-4925-8e4f-d273eb995362
286b678c-2ebb-4ba1-b3d7-0964eb241174,71030910040003,KANTIN SEKOLAH SMK NEGERI 2 TAHUNA (DEBBIE MAJORE),UMKM,0. Tidak Ditemukan,https://fasih-sm.bps.go.id/app/assignment-detail/286b678c-2ebb-4ba1-b3d7-0964eb241174
2e1290a6-0092-4cc8-b89c-e9560d977dee,71030400070002,JUAL KUE BASA DI PASAR HILAL HAPENTENDA,UMKM,0. Tidak Ditemukan,https://fasih-sm.bps.go.id/app/assignment-detail/2e1290a6-0092-4cc8-b89c-e9560d977dee
3262ca9a-fd01-49ba-9bd0-4d8fa9b6a6ad,71030900120008,CI BOBA ,UMKM,0. Tidak Ditemukan,https://fasih-sm.bps.go.id/app/assignment-detail/3262ca9a-fd01-49ba-9bd0-4d8fa9b6a6ad
38a4b62b-3276-4b76-8b8b-1ebb928dcff5,71030900070010,CAHAYA NUSA UTARA CV (HERLINA),UMKM,0. Tidak Ditemukan,https://fasih-sm.bps.go.id/app/assignment-detail/38a4b62b-3276-4b76-8b8b-1ebb928dcff5
3d15f0a7-72e4-4707-9f36-0056986bb585,71030700050003,KOMEDI,UMKM,0. Tidak Ditemukan,https://fasih-sm.bps.go.id/app/assignment-detail/3d15f0a7-72e4-4707-9f36-0056986bb585
457b2786-d90b-4ef0-a099-31cb5d839104,71030900100003,,UMKM,0. Tidak Ditemukan,https://fasih-sm.bps.go.id/app/assignment-detail/457b2786-d90b-4ef0-a099-31cb5d839104
4c695ef8-1651-4474-a369-f5a808ab97a6,71030800040002,PANGKAS RAMBUT (SELSI SALAWATI),UMKM,0. Tidak Ditemukan,https://fasih-sm.bps.go.id/app/assignment-detail/4c695ef8-1651-4474-a369-f5a808ab97a6
4caf4e1b-83dc-40b6-afce-78f93d00df4c,71031000260002,PEMECAHAN BATU SUPRATMAN ,UMKM,0. Tidak Ditemukan,https://fasih-sm.bps.go.id/app/assignment-detail/4caf4e1b-83dc-40b6-afce-78f93d00df4c
59d39605-1667-4ff6-9d36-717986cf4b96,71031000230001,TOKO SEMBAKO (SUN),UMKM,0. Tidak Ditemukan,https://fasih-sm.bps.go.id/app/assignment-detail/59d39605-1667-4ff6-9d36-717986cf4b96
5cccb393-3cbe-4e65-b4ea-ec0883a88b0d,71030400120002,INDUSTRI KOPRA MELKI MANIKOME,UMKM,0. Tidak Ditemukan,https://fasih-sm.bps.go.id/app/assignment-detail/5cccb393-3cbe-4e65-b4ea-ec0883a88b0d
7112c332-8d0d-4277-abdb-c7e744fb2ff7,71031000240001,PERDAGANGAN ECERAN BENSIN (YORI) ,UMKM,0. Tidak Ditemukan,https://fasih-sm.bps.go.id/app/assignment-detail/7112c332-8d0d-4277-abdb-c7e744fb2ff7
7441cbf2-c87b-4297-8b85-cb91df427737,71030600170003,KOPRA (JUNO YOVEL MAKIKENDAGE),UMKM,0. Tidak Ditemukan,https://fasih-sm.bps.go.id/app/assignment-detail/7441cbf2-c87b-4297-8b85-cb91df427737
7a43d0db-9630-4295-9879-c8b4f7d934ad,71030920040002,RUMAH INVENTARIS,bangunan_lain,0. Tidak Ditemukan,https://fasih-sm.bps.go.id/app/assignment-detail/7a43d0db-9630-4295-9879-c8b4f7d934ad
7d1c011b-6ca3-42e1-844d-dda51e6048f2,71031000090006,RM SINTIA (SINTIA WURANGIAN),UMKM,0. Tidak Ditemukan,https://fasih-sm.bps.go.id/app/assignment-detail/7d1c011b-6ca3-42e1-844d-dda51e6048f2
7ff9a683-4c0b-4d8a-ae3a-c1d8a5f8fc62,71030700060002,PEMARUTAN KELAPA EDISON MANANGGUNG HERMIN AMUS,UMKM,0. Tidak Ditemukan,https://fasih-sm.bps.go.id/app/assignment-detail/7ff9a683-4c0b-4d8a-ae3a-c1d8a5f8fc62
8a553aac-e9fa-4e3c-b3f1-b42d64984794,71031000050002,RUMAH MAKAN (MERINA),UMKM,0. Tidak Ditemukan,https://fasih-sm.bps.go.id/app/assignment-detail/8a553aac-e9fa-4e3c-b3f1-b42d64984794
9461b832-acf5-476e-8eab-621957d7b1fc,71030400140003,PANGKALAN MINYAK TANAH (MERINA UAI) (MERINA MALONDO),UMKM,0. Tidak Ditemukan,https://fasih-sm.bps.go.id/app/assignment-detail/9461b832-acf5-476e-8eab-621957d7b1fc
9482d75f-49e5-48cb-9e28-17c7c006b43e,71030900100003,,UMKM,0. Tidak Ditemukan,https://fasih-sm.bps.go.id/app/assignment-detail/9482d75f-49e5-48cb-9e28-17c7c006b43e
955d1a05-81d6-4a0d-a58e-ca00bf7e86ca,71030700050003,TAMAN KANAK - KANAK SENGKENAUNG,UMKM,0. Tidak Ditemukan,https://fasih-sm.bps.go.id/app/assignment-detail/955d1a05-81d6-4a0d-a58e-ca00bf7e86ca
970e1023-73e4-46b4-9d29-d199033a331f,71031000140002,KUE BASAH (WARUSIA BIN ISA),UMKM,0. Tidak Ditemukan,https://fasih-sm.bps.go.id/app/assignment-detail/970e1023-73e4-46b4-9d29-d199033a331f
9ccdcf0e-0361-4b77-a0eb-de1e7186d59b,71030400060002,KUBE MALUNSEMAHE,UMKM,0. Tidak Ditemukan,https://fasih-sm.bps.go.id/app/assignment-detail/9ccdcf0e-0361-4b77-a0eb-de1e7186d59b
a573590e-9bce-4de1-9da0-4865ab8f59df,71031100010001,ANGKUTAN PERDESAAN (GERSON),UMKM,0. Tidak Ditemukan,https://fasih-sm.bps.go.id/app/assignment-detail/a573590e-9bce-4de1-9da0-4865ab8f59df
a9241a27-e1af-4cfb-b6e9-37ded3a27f8e,71030600080001,SAYUR SEGAR (BERTHA MALAMENGU),UMKM,0. Tidak Ditemukan,https://fasih-sm.bps.go.id/app/assignment-detail/a9241a27-e1af-4cfb-b6e9-37ded3a27f8e
aae5c904-a3f4-4563-b328-50b8194dca2e,71030900070006,NEVI DORKAS MANGEMPUGE,OSS Perorangan,0. Tidak Ditemukan,https://fasih-sm.bps.go.id/app/assignment-detail/aae5c904-a3f4-4563-b328-50b8194dca2e
af0fee2f-48b9-4b4b-8879-f42c3731359a,71030600130002,SEKOLAH PAUD,UMKM,0. Tidak Ditemukan,https://fasih-sm.bps.go.id/app/assignment-detail/af0fee2f-48b9-4b4b-8879-f42c3731359a
b1a788b2-f5c8-4abf-ac29-f4b6b6068ffa,71030400070002,JUAL HASIL PERTANIAN TIBO-TIBO YOLANDA BUDIMAN,UMKM,0. Tidak Ditemukan,https://fasih-sm.bps.go.id/app/assignment-detail/b1a788b2-f5c8-4abf-ac29-f4b6b6068ffa
b701abb2-0321-4b60-847f-34d800d7f7ec,71031100040001,INDUSTRI PENGOLAHAN KOPRA JUMEDI,UMKM,0. Tidak Ditemukan,https://fasih-sm.bps.go.id/app/assignment-detail/b701abb2-0321-4b60-847f-34d800d7f7ec
be270ca1-5c3f-4cb9-b8fb-975806eeac50,71031000230001,TOKO SEMBAKO PUTRI,UMKM,0. Tidak Ditemukan,https://fasih-sm.bps.go.id/app/assignment-detail/be270ca1-5c3f-4cb9-b8fb-975806eeac50
c5e115db-1cf5-4d58-ac4d-c9510d606257,71030910030007,BADAN AMIL ZAKAT NASIONAL,UMKM,0. Tidak Ditemukan,https://fasih-sm.bps.go.id/app/assignment-detail/c5e115db-1cf5-4d58-ac4d-c9510d606257
c6ba452e-1744-4632-9f8d-3ed8fbc26d56,71031000250001,MUSHOLA,bangunan_lain,0. Tidak Ditemukan,https://fasih-sm.bps.go.id/app/assignment-detail/c6ba452e-1744-4632-9f8d-3ed8fbc26d56
cd25669e-bd98-48b8-85e8-205c7b82ebce,71031000090004,WARUNG MAKAN OKTAVIEN (OKTAVIEN RUMOPA),UMKM,0. Tidak Ditemukan,https://fasih-sm.bps.go.id/app/assignment-detail/cd25669e-bd98-48b8-85e8-205c7b82ebce
cf175ebe-009c-4757-a4cd-e6751a8690b3,71030900100005,CLAUCIA SHOP (ASRIATI LAKETU) ,UMKM,0. Tidak Ditemukan,https://fasih-sm.bps.go.id/app/assignment-detail/cf175ebe-009c-4757-a4cd-e6751a8690b3
d47825c9-1444-4cc6-a175-3cb145993166,71030910040003,BENSIN ENCERAN NAKAYAMA (ADICE LOLAROH),UMKM,0. Tidak Ditemukan,https://fasih-sm.bps.go.id/app/assignment-detail/d47825c9-1444-4cc6-a175-3cb145993166
d61ba770-5ca4-4418-8653-06adfc8d1d4d,71031100020001,PENGOLAHAN KOPRA ,UMKM,0. Tidak Ditemukan,https://fasih-sm.bps.go.id/app/assignment-detail/d61ba770-5ca4-4418-8653-06adfc8d1d4d
d720d9ae-2893-41eb-9bca-34fcf40fac20,71031000280003,BANGUNAN KUBUR DEPAN JENLY,bangunan_lain,0. Tidak Ditemukan,https://fasih-sm.bps.go.id/app/assignment-detail/d720d9ae-2893-41eb-9bca-34fcf40fac20
d7634950-0caa-41f8-beec-e3df16351efd,71031010032001,DUMMY,dummy,0. Tidak Ditemukan,https://fasih-sm.bps.go.id/app/assignment-detail/d7634950-0caa-41f8-beec-e3df16351efd
dc15d2d6-677d-47c9-bded-850254330a47,71031000050002,WARUNG MAKAN (ZELAN),UMKM,0. Tidak Ditemukan,https://fasih-sm.bps.go.id/app/assignment-detail/dc15d2d6-677d-47c9-bded-850254330a47
dd34ad5c-c398-4fdd-ab24-a8d5b95a49e5,71030500090002,WARUNG SEMBAKO (JHON TATONTOS) ,UMKM,0. Tidak Ditemukan,https://fasih-sm.bps.go.id/app/assignment-detail/dd34ad5c-c398-4fdd-ab24-a8d5b95a49e5
e3d5056e-a9db-455e-b6f0-323145adb3db,71030920010002,BAHAN BAKAR BENSIN (YUNITA MENGGASA),UMKM,0. Tidak Ditemukan,https://fasih-sm.bps.go.id/app/assignment-detail/e3d5056e-a9db-455e-b6f0-323145adb3db
e8a566e0-d859-4060-8566-d2eaf99d9f61,71030600140002,KELOMPOK TANI ILEOGHO,UMKM,0. Tidak Ditemukan,https://fasih-sm.bps.go.id/app/assignment-detail/e8a566e0-d859-4060-8566-d2eaf99d9f61
ed28ad5c-637d-456e-b0dd-d50bd8d443c8,71031100020001,PENGOLAHAN KOPRA DAUD DAROMES,UMKM,0. Tidak Ditemukan,https://fasih-sm.bps.go.id/app/assignment-detail/ed28ad5c-637d-456e-b0dd-d50bd8d443c8
f5cd600c-e1aa-46fd-9597-af1fe162b990,71031000050002,PERDAGANGAN BUAH BUAHAN (RUKMA),UMKM,0. Tidak Ditemukan,https://fasih-sm.bps.go.id/app/assignment-detail/f5cd600c-e1aa-46fd-9597-af1fe162b990
2dd82090-fcb8-4d0a-9f93-c66ca0788a10,71030500170001,PENDIDIKAN ANAK USIA DINI (MAHUMU 1 )(SINDI KALERAT),UMKM,0. Tidak Ditemukan,https://fasih-sm.bps.go.id/app/assignment-detail/2dd82090-fcb8-4d0a-9f93-c66ca0788a10
0debddcb-962b-4680-a5fd-26110b218306,71031000100002,PENGGERGAJIAN KAYU (YOHANIS),UMKM,0. Tidak Ditemukan,https://fasih-sm.bps.go.id/app/assignment-detail/0debddcb-962b-4680-a5fd-26110b218306
11562967-fd12-43de-bfe9-059e4b92bb6e,71030400170001,PENGGILINGAN PADI LAINE,UMKM,0. Tidak Ditemukan,https://fasih-sm.bps.go.id/app/assignment-detail/11562967-fd12-43de-bfe9-059e4b92bb6e
22478002-048e-47f1-ba42-a4a92100fdfa,71030600140004,JUAL SAYUR (ALMA MASIPUANG),UMKM,0. Tidak Ditemukan,https://fasih-sm.bps.go.id/app/assignment-detail/22478002-048e-47f1-ba42-a4a92100fdfa
22daa5bf-4fbd-487e-9706-4c5f9849d212,71030500060002,KIOS PERLENGKAPAN RUMAH TANGGA (JULIN),UMKM,0. Tidak Ditemukan,https://fasih-sm.bps.go.id/app/assignment-detail/22daa5bf-4fbd-487e-9706-4c5f9849d212
2b80911c-8961-4cbe-8b2f-184b7a279858,71030910030005,PEMBUAT BOBA ( JULISTYANTI LOLEH ) ,UMKM,0. Tidak Ditemukan,https://fasih-sm.bps.go.id/app/assignment-detail/2b80911c-8961-4cbe-8b2f-184b7a279858
2c73b05d-7cd9-46cf-8233-eebe9de503cb,71031100020002,KOPRA (BIMBAHATI),UMKM,0. Tidak Ditemukan,https://fasih-sm.bps.go.id/app/assignment-detail/2c73b05d-7cd9-46cf-8233-eebe9de503cb
2e608417-b817-45c0-81e8-8a6573e21706,71030910040004,KIOS SEMBAKO (ADOLPINA MANAMURI),UMKM,0. Tidak Ditemukan,https://fasih-sm.bps.go.id/app/assignment-detail/2e608417-b817-45c0-81e8-8a6573e21706
317e76c7-0b98-440f-b0fe-bdef3e4a6166,71030900130010,STEVEN SFAMEL BUANG,OSS Perorangan,0. Tidak Ditemukan,https://fasih-sm.bps.go.id/app/assignment-detail/317e76c7-0b98-440f-b0fe-bdef3e4a6166
3ba9f6be-09dd-4e12-811d-12ca9120ae43,71030900100003,PANCARAN BERKAT MULIA,UB,0. Tidak Ditemukan,https://fasih-sm.bps.go.id/app/assignment-detail/3ba9f6be-09dd-4e12-811d-12ca9120ae43
3e5f3159-c988-4c51-b0f0-0fb23ff24f11,71030900100003,,UMKM,0. Tidak Ditemukan,https://fasih-sm.bps.go.id/app/assignment-detail/3e5f3159-c988-4c51-b0f0-0fb23ff24f11
4492d629-b720-43b2-9c2a-a5e28a98c8ce,71030900120002,AYLING ANGGELINA KONDOALUMANG,OSS Perorangan,0. Tidak Ditemukan,https://fasih-sm.bps.go.id/app/assignment-detail/4492d629-b720-43b2-9c2a-a5e28a98c8ce
48d11a0e-ce91-4516-a34d-f7e9a1b4aff5,71031000060005,JUALAN IKAN (SARTINI KARAENG LAMETIGE) ,UMKM,0. Tidak Ditemukan,https://fasih-sm.bps.go.id/app/assignment-detail/48d11a0e-ce91-4516-a34d-f7e9a1b4aff5
58589273-2c61-4a21-aab2-d07c9d473ac3,71030910050005,RUMAH DINAS KAPOLRES,bangunan_lain,0. Tidak Ditemukan,https://fasih-sm.bps.go.id/app/assignment-detail/58589273-2c61-4a21-aab2-d07c9d473ac3
5d53b736-37e5-4dd5-9f79-0b53b578f17b,71030400150003,"WARUNG SEMBAKO, NESTARIA MANIKOME",UMKM,0. Tidak Ditemukan,https://fasih-sm.bps.go.id/app/assignment-detail/5d53b736-37e5-4dd5-9f79-0b53b578f17b
6190b913-dc16-4b17-b586-da7a4c024208,71030900100006,MANSION (STEFANY SIAJAYA),UMKM,0. Tidak Ditemukan,https://fasih-sm.bps.go.id/app/assignment-detail/6190b913-dc16-4b17-b586-da7a4c024208
6577ddf5-4456-470a-a18f-f77ea4d3fbd1,71030910030009,SOFYAN ALAMRY,OSS Perorangan,0. Tidak Ditemukan,https://fasih-sm.bps.go.id/app/assignment-detail/6577ddf5-4456-470a-a18f-f77ea4d3fbd1
6817eaf3-511c-4f7d-9a49-3e9a3286da6f,71030910040006,DEPOT BENSIN ECERAN (EMILY MANOKA),UMKM,0. Tidak Ditemukan,https://fasih-sm.bps.go.id/app/assignment-detail/6817eaf3-511c-4f7d-9a49-3e9a3286da6f
6be691dd-23a3-48d4-85fa-56015802976f,71030910040007,PERSEWAAN KAMAR KOST (AGUSTINUS) ,UMKM,0. Tidak Ditemukan,https://fasih-sm.bps.go.id/app/assignment-detail/6be691dd-23a3-48d4-85fa-56015802976f
6c212442-0341-4b8d-a013-422ec394fbee,71030610090003,POSKESDES AHA PATUNG,UMKM,0. Tidak Ditemukan,https://fasih-sm.bps.go.id/app/assignment-detail/6c212442-0341-4b8d-a013-422ec394fbee
71a7a0d1-8769-4ec2-a1da-8b89770df8a3,71031000140002,ANGKUTAN PENUMPANG (JULFRED),UMKM,0. Tidak Ditemukan,https://fasih-sm.bps.go.id/app/assignment-detail/71a7a0d1-8769-4ec2-a1da-8b89770df8a3
78d33005-8240-4924-83d1-baa8838c94a4,71031000230001,PENJUAL ALAT RUMAH TANGGA (HANCE),UMKM,0. Tidak Ditemukan,https://fasih-sm.bps.go.id/app/assignment-detail/78d33005-8240-4924-83d1-baa8838c94a4
7c5cadbd-e331-48cf-b284-90df140f5817,71030910030007,TIDORE ACCESORIES,UMKM,0. Tidak Ditemukan,https://fasih-sm.bps.go.id/app/assignment-detail/7c5cadbd-e331-48cf-b284-90df140f5817
7e88529a-fb7e-4120-a986-6ef47873d3cc,71030600100001,MENJUAL BENSIN,UMKM,0. Tidak Ditemukan,https://fasih-sm.bps.go.id/app/assignment-detail/7e88529a-fb7e-4120-a986-6ef47873d3cc
805b45e4-ddf1-454f-bb91-98a9813909b2,71030500110001,BENSIN ECERAN (PATMOS),UMKM,0. Tidak Ditemukan,https://fasih-sm.bps.go.id/app/assignment-detail/805b45e4-ddf1-454f-bb91-98a9813909b2
80bfd7bd-474f-4864-a06f-cd2677781520,71030400120002,WARUNG SEMBAKO ROS ROS LAEMBARU,UMKM,0. Tidak Ditemukan,https://fasih-sm.bps.go.id/app/assignment-detail/80bfd7bd-474f-4864-a06f-cd2677781520
8cbf7214-e695-4b17-b806-e56c02d021d9,71030910040001,BENGKEL MOTOR ROBERT TAMAKA,UMKM,0. Tidak Ditemukan,https://fasih-sm.bps.go.id/app/assignment-detail/8cbf7214-e695-4b17-b806-e56c02d021d9
9b1c7337-ea40-4b25-9845-bebfd09c9261,71031000040002,TOKO KELONTONG (MURNI),UMKM,0. Tidak Ditemukan,https://fasih-sm.bps.go.id/app/assignment-detail/9b1c7337-ea40-4b25-9845-bebfd09c9261
9f9d0e2a-35a6-4ad9-a09c-c1dc69543c53,71031000280003,BANGUNAN KANTOR BAWASLU,bangunan_lain,0. Tidak Ditemukan,https://fasih-sm.bps.go.id/app/assignment-detail/9f9d0e2a-35a6-4ad9-a09c-c1dc69543c53
a89a5cb9-40bc-4adf-981f-1c11e5a01891,71030800020003,USAHA CHEINE,OSS Perorangan,0. Tidak Ditemukan,https://fasih-sm.bps.go.id/app/assignment-detail/a89a5cb9-40bc-4adf-981f-1c11e5a01891
a9415f77-925f-4c7e-9c5d-0f2fc41b6acc,71030920030003,USAHA KANTIN(OKTAFIN)OKTAFIN SUMALE),UMKM,0. Tidak Ditemukan,https://fasih-sm.bps.go.id/app/assignment-detail/a9415f77-925f-4c7e-9c5d-0f2fc41b6acc
af77572a-7c99-4a52-8efd-44bb3cf73406,71030910050008,USAHA JUALAN RUJAK BUAH YOLIVIA PUKOLIWUTANG,UMKM,0. Tidak Ditemukan,https://fasih-sm.bps.go.id/app/assignment-detail/af77572a-7c99-4a52-8efd-44bb3cf73406
ba0186f0-ec81-49db-9030-0f5ceeb86a73,71031000040002,TOKO SEMBAKO (BUANA),UMKM,0. Tidak Ditemukan,https://fasih-sm.bps.go.id/app/assignment-detail/ba0186f0-ec81-49db-9030-0f5ceeb86a73
bb8141c4-7dc8-4272-9484-6e6eede7155a,71030800030001,USAHA BENSIN (DEMUS ABRIEL),UMKM,0. Tidak Ditemukan,https://fasih-sm.bps.go.id/app/assignment-detail/bb8141c4-7dc8-4272-9484-6e6eede7155a
c2250b92-b444-4aca-8769-acaff354b565,71030800020004,KIOS SEMBAKO (SAKIRMAN KAREL TAKAPAHA),UMKM,0. Tidak Ditemukan,https://fasih-sm.bps.go.id/app/assignment-detail/c2250b92-b444-4aca-8769-acaff354b565
c69c590c-a136-49ac-a53c-e77e871ce3c0,71030600170003,KELOMPOK TANI TUMENDANG,UMKM,0. Tidak Ditemukan,https://fasih-sm.bps.go.id/app/assignment-detail/c69c590c-a136-49ac-a53c-e77e871ce3c0
cd33f797-bb4e-4d90-87ea-0cd5731c420d,71030400140003,WARUNG SEMBAKO (KALBERT),UMKM,0. Tidak Ditemukan,https://fasih-sm.bps.go.id/app/assignment-detail/cd33f797-bb4e-4d90-87ea-0cd5731c420d
de5313df-c481-4012-b90a-6bf3a66c0923,71030920030004,USAHA ISI ULANG (LIONG) (ERASMUS SAHALA),UMKM,0. Tidak Ditemukan,https://fasih-sm.bps.go.id/app/assignment-detail/de5313df-c481-4012-b90a-6bf3a66c0923
dfc400e5-511e-42b9-8a1b-a21ccd4af31d,71030600200001,KANTOR DINAS PENDIDIKAN,bangunan_lain,0. Tidak Ditemukan,https://fasih-sm.bps.go.id/app/assignment-detail/dfc400e5-511e-42b9-8a1b-a21ccd4af31d
e592fc2a-0a03-41fd-895e-0d4f36a888c6,71030620010006,SD YPK GMIST SION PINTARENG,UMKM,0. Tidak Ditemukan,https://fasih-sm.bps.go.id/app/assignment-detail/e592fc2a-0a03-41fd-895e-0d4f36a888c6
ef8643b7-191a-45c8-9189-dbbdf99cf985,71030500110001,TRANSPORTASI MOTOR (RIDWAN MASILI),UMKM,0. Tidak Ditemukan,https://fasih-sm.bps.go.id/app/assignment-detail/ef8643b7-191a-45c8-9189-dbbdf99cf985
f2b0ab82-dcae-402c-aed8-4be92cabb89b,71030900100001,YUMICO MAYA ABUBAKAR,OSS Perorangan,0. Tidak Ditemukan,https://fasih-sm.bps.go.id/app/assignment-detail/f2b0ab82-dcae-402c-aed8-4be92cabb89b
f396c202-412e-49fc-b13c-c2b5410dc47e,71030620010006,TAMBANG RAKYAT NURSIA,UMKM,0. Tidak Ditemukan,https://fasih-sm.bps.go.id/app/assignment-detail/f396c202-412e-49fc-b13c-c2b5410dc47e
f7a8c70b-3fe7-49bf-8417-6b31f2bb0fb4,71031000100003,KONSTRUKSI BANGUNAN (DAUD),UMKM,0. Tidak Ditemukan,https://fasih-sm.bps.go.id/app/assignment-detail/f7a8c70b-3fe7-49bf-8417-6b31f2bb0fb4
52b46cf2-2cad-4acf-84f5-4a9db8db638e,71030500110001,PEDAGANG ECERAN SAYUR-SAYURAN (ADREINSI DAMALANG ),UMKM,0. Tidak Ditemukan,https://fasih-sm.bps.go.id/app/assignment-detail/52b46cf2-2cad-4acf-84f5-4a9db8db638e
7a0ace9e-5eb7-409f-9be4-2bb9f86533a1,71030800080001,USAHA KUE BASAH (JULTJE KANSIL),UMKM,0. Tidak Ditemukan,https://fasih-sm.bps.go.id/app/assignment-detail/7a0ace9e-5eb7-409f-9be4-2bb9f86533a1
9dd87b38-b51b-4a30-966c-5254c72bb576,71030700060004,TAS DAN DOMPET SYANEKE PONTOH,UMKM,0. Tidak Ditemukan,https://fasih-sm.bps.go.id/app/assignment-detail/9dd87b38-b51b-4a30-966c-5254c72bb576
a1096424-393f-4dce-a9bf-b0ce4f6ffcd1,71030400070001,HASLI SALAPALI,OSS Perorangan,0. Tidak Ditemukan,https://fasih-sm.bps.go.id/app/assignment-detail/a1096424-393f-4dce-a9bf-b0ce4f6ffcd1
d3c37d18-05c2-4c80-add7-2c15a50fa9d8,71030600140003,JUAL PAKAIAN (SUPRI SUHERNI IBRAHIM),UMKM,0. Tidak Ditemukan,https://fasih-sm.bps.go.id/app/assignment-detail/d3c37d18-05c2-4c80-add7-2c15a50fa9d8
35d2aa23-c491-42e6-beb1-6f703c766d2a,71030910030001,KIOS SEMBAKO (JULIANI) ,UMKM,0. Tidak Ditemukan,https://fasih-sm.bps.go.id/app/assignment-detail/35d2aa23-c491-42e6-beb1-6f703c766d2a
65eacdc5-84ca-4dc0-a544-eddf9d04a10e,71030900070009,MAJU BERSAMA CV,UMKM,0. Tidak Ditemukan,https://fasih-sm.bps.go.id/app/assignment-detail/65eacdc5-84ca-4dc0-a544-eddf9d04a10e
06cdd99d-d04c-414d-ae58-f675c6d0ca7d,71030600140004,INDUSTRI KUE (REKLIN TEMPONGBUKA),UMKM,0. Tidak Ditemukan,https://fasih-sm.bps.go.id/app/assignment-detail/06cdd99d-d04c-414d-ae58-f675c6d0ca7d
09a2340c-5e9e-41d8-84f1-b5501f8ea5b0,71030400150004,PENJUAL BENSIN ENCERAN (SAMBOLANGI) ,UMKM,0. Tidak Ditemukan,https://fasih-sm.bps.go.id/app/assignment-detail/09a2340c-5e9e-41d8-84f1-b5501f8ea5b0
0cf23e38-d7b0-4d99-a4de-1d202b481954,71030910020001,KULI BAGASI (BERKI),UMKM,0. Tidak Ditemukan,https://fasih-sm.bps.go.id/app/assignment-detail/0cf23e38-d7b0-4d99-a4de-1d202b481954
0d7e0527-09ae-4365-9cb0-9875c3f85b6b,71031000100002,INDUSTRI PENGOLAHAN KOPRA (MAHMUD),UMKM,0. Tidak Ditemukan,https://fasih-sm.bps.go.id/app/assignment-detail/0d7e0527-09ae-4365-9cb0-9875c3f85b6b
134e6dff-916b-4f9d-80f3-c3dccda8c83b,71030500020001,PANGKALAN (HILTJE),UMKM,0. Tidak Ditemukan,https://fasih-sm.bps.go.id/app/assignment-detail/134e6dff-916b-4f9d-80f3-c3dccda8c83b
19b9c9d0-e93a-43ab-80f5-8128968f2348,71030910080009,OJEK MOTOR (FANDY KAIRUPAN),UMKM,0. Tidak Ditemukan,https://fasih-sm.bps.go.id/app/assignment-detail/19b9c9d0-e93a-43ab-80f5-8128968f2348
32b03ddf-4bbe-4230-9a25-4243d875482c,71030910040001,MUKSIM SALIPATI,OSS Perorangan,0. Tidak Ditemukan,https://fasih-sm.bps.go.id/app/assignment-detail/32b03ddf-4bbe-4230-9a25-4243d875482c
352ca003-c98c-4f75-9e26-53d9c2a22919,71031000090004,FOTOCOPY (WAHYUNI),UMKM,0. Tidak Ditemukan,https://fasih-sm.bps.go.id/app/assignment-detail/352ca003-c98c-4f75-9e26-53d9c2a22919
38cf3c23-067f-401c-a1f1-e38ec23e75c5,71030400110006,OJEK MOTOR (OKTA),UMKM,0. Tidak Ditemukan,https://fasih-sm.bps.go.id/app/assignment-detail/38cf3c23-067f-401c-a1f1-e38ec23e75c5
3b9a56a2-fe19-41e0-97bf-a3c5895190be,71030910050008,USAHA JUALAN CABO YOLIVIA PUKOLIWUTANG,UMKM,0. Tidak Ditemukan,https://fasih-sm.bps.go.id/app/assignment-detail/3b9a56a2-fe19-41e0-97bf-a3c5895190be
40c4b736-1d71-49d3-8cc6-a232e18efd54,71031100010001,JUAL BELI PALA (SANDRA),UMKM,0. Tidak Ditemukan,https://fasih-sm.bps.go.id/app/assignment-detail/40c4b736-1d71-49d3-8cc6-a232e18efd54
40fbd6e6-dbb9-4169-ac9f-ce320443060f,71030500050002,KIOS SEMBAKO (NONI),UMKM,0. Tidak Ditemukan,https://fasih-sm.bps.go.id/app/assignment-detail/40fbd6e6-dbb9-4169-ac9f-ce320443060f
4d349d74-5fdc-440a-a919-b4f2e8fa3f47,71030900100003,,UMKM,0. Tidak Ditemukan,https://fasih-sm.bps.go.id/app/assignment-detail/4d349d74-5fdc-440a-a919-b4f2e8fa3f47
725eb221-0d8a-4fad-a26e-2329c9585389,71031000230001,TOKO SEMBAKO (MEYKE),UMKM,0. Tidak Ditemukan,https://fasih-sm.bps.go.id/app/assignment-detail/725eb221-0d8a-4fad-a26e-2329c9585389
7674424f-2b3f-4bdb-aafd-d3e09de3fbea,71031000280001,PEDAGANG ECERAN PUPUK (MAHDUR),UMKM,0. Tidak Ditemukan,https://fasih-sm.bps.go.id/app/assignment-detail/7674424f-2b3f-4bdb-aafd-d3e09de3fbea
783b86dc-63eb-4508-b366-8a445c81585f,71031010042004,DUMMY,dummy,0. Tidak Ditemukan,https://fasih-sm.bps.go.id/app/assignment-detail/783b86dc-63eb-4508-b366-8a445c81585f
8bee098f-98da-465a-bfb4-54438c9c015a,71030910070007,KUE BASAH (ANITJE MAKAPEDUA),UMKM,0. Tidak Ditemukan,https://fasih-sm.bps.go.id/app/assignment-detail/8bee098f-98da-465a-bfb4-54438c9c015a
96b40c72-1677-4728-bb8f-5afce91189e2,71030910080005,PENJAHIT (MARIUS),UMKM,0. Tidak Ditemukan,https://fasih-sm.bps.go.id/app/assignment-detail/96b40c72-1677-4728-bb8f-5afce91189e2
96e80ec4-ae1c-43ab-91dc-e79844b79257,71030400100003,MEMBUAT KUE LAPIS (MARIANA MENAUNG) ,UMKM,0. Tidak Ditemukan,https://fasih-sm.bps.go.id/app/assignment-detail/96e80ec4-ae1c-43ab-91dc-e79844b79257
9827cc2b-732f-4a86-a762-44a6894eabb8,71030600090001,WARUNG SEMBAKO (OLHA SASAMBE) ,UMKM,0. Tidak Ditemukan,https://fasih-sm.bps.go.id/app/assignment-detail/9827cc2b-732f-4a86-a762-44a6894eabb8
af1ae39c-b4dc-44c6-a75a-7f6ff3c56017,71030910030002,"ANDIARTA MUKZIZAT, PT (ABDUL KARIM KAMPI) ",UMKM,0. Tidak Ditemukan,https://fasih-sm.bps.go.id/app/assignment-detail/af1ae39c-b4dc-44c6-a75a-7f6ff3c56017
b854faf3-6913-4bde-9442-af4bb63f7a1f,71030800142001,DUMMY,dummy,0. Tidak Ditemukan,https://fasih-sm.bps.go.id/app/assignment-detail/b854faf3-6913-4bde-9442-af4bb63f7a1f
b923762e-6f13-4576-9989-ecf07ae161d0,71030910050007,INDUSTRI KUE BASAH (HILCE),UMKM,0. Tidak Ditemukan,https://fasih-sm.bps.go.id/app/assignment-detail/b923762e-6f13-4576-9989-ecf07ae161d0
bab81292-a7c0-4634-99c1-abc028e7e87e,71030600160002,WARUNG SEMBAKO (ADELA),UMKM,0. Tidak Ditemukan,https://fasih-sm.bps.go.id/app/assignment-detail/bab81292-a7c0-4634-99c1-abc028e7e87e
be3649c0-586b-4d1d-ad2f-98f99a697758,71030910050007,WARUNG MAKAN (PATRICIA),UMKM,0. Tidak Ditemukan,https://fasih-sm.bps.go.id/app/assignment-detail/be3649c0-586b-4d1d-ad2f-98f99a697758
c0411615-fef2-4eb5-9db5-14ae64915539,71030500110001,TRANSPORTASI MOTOR (HESKIA LUMAPE),UMKM,0. Tidak Ditemukan,https://fasih-sm.bps.go.id/app/assignment-detail/c0411615-fef2-4eb5-9db5-14ae64915539
cabe928d-e56a-4823-b137-86ebc685a21a,71030400080001,PERDAGANGAN HASIL PERTANIAN PINTJE BONGKITANG ,UMKM,0. Tidak Ditemukan,https://fasih-sm.bps.go.id/app/assignment-detail/cabe928d-e56a-4823-b137-86ebc685a21a
cd647b6c-ae58-4e92-b1ae-21bd888282d6,71030400120001,GMIST SESAWI KALUWATU ,bangunan_lain,0. Tidak Ditemukan,https://fasih-sm.bps.go.id/app/assignment-detail/cd647b6c-ae58-4e92-b1ae-21bd888282d6
da9a3054-8a7c-4971-8856-e0d572d8f509,71030900080008,SEKERTARIAT PARTAI SOLIDARITAS INDONESIA,bangunan_lain,0. Tidak Ditemukan,https://fasih-sm.bps.go.id/app/assignment-detail/da9a3054-8a7c-4971-8856-e0d572d8f509
ee1a4962-e2a8-4ec1-a6f1-bb1dc189e7ab,71031000130001,JUALAN BAHAN BAKAR MINYAK,UMKM,0. Tidak Ditemukan,https://fasih-sm.bps.go.id/app/assignment-detail/ee1a4962-e2a8-4ec1-a6f1-bb1dc189e7ab
f4a28401-0a32-42d3-a818-0c77636a703f,71030500070005,PEMBUATAN FURNITUR (MARNES PINORAENG),UMKM,0. Tidak Ditemukan,https://fasih-sm.bps.go.id/app/assignment-detail/f4a28401-0a32-42d3-a818-0c77636a703f
57823f5b-b491-4dcc-9f5c-f514f54426ad,71031000230003,USAHA JUAL AKSESORIS (RAHMAWATI TAHUMIL),UMKM,0. Tidak Ditemukan,https://fasih-sm.bps.go.id/app/assignment-detail/57823f5b-b491-4dcc-9f5c-f514f54426ad
6e3b3fd5-d85f-4d65-a83e-bc2f6ee2b597,71030910050007,SAKAENG SOLATA CV (STENLY CICERO TAKARENDEHANG),UMKM,0. Tidak Ditemukan,https://fasih-sm.bps.go.id/app/assignment-detail/6e3b3fd5-d85f-4d65-a83e-bc2f6ee2b597
7509b289-7267-4502-9746-a604a444dfec,71030910050006,TK BHAYANGKARI TAHUNA (NITA DHANA),UMKM,0. Tidak Ditemukan,https://fasih-sm.bps.go.id/app/assignment-detail/7509b289-7267-4502-9746-a604a444dfec
75f447cc-abc8-4e06-aab9-9cb91aff974d,71031100020002,BENGKEL ( WINGSI),UMKM,0. Tidak Ditemukan,https://fasih-sm.bps.go.id/app/assignment-detail/75f447cc-abc8-4e06-aab9-9cb91aff974d
77c50f4f-8cd6-4467-8245-2b19ae4c90f3,71030910080005,POP ICE (WITJE H MEDELLU),UMKM,0. Tidak Ditemukan,https://fasih-sm.bps.go.id/app/assignment-detail/77c50f4f-8cd6-4467-8245-2b19ae4c90f3
8affc0ec-4c39-44f3-ab63-2a8f32a5f80e,71030800110002,KIOS SEMBAKO (AGUSTAVIANUS MANAHIUNG) ,UMKM,0. Tidak Ditemukan,https://fasih-sm.bps.go.id/app/assignment-detail/8affc0ec-4c39-44f3-ab63-2a8f32a5f80e
9fbff164-c4c5-430f-944c-2bbc106af1a6,71030700050002,WARUNG SEMBAKO HANNY DAMAR,UMKM,0. Tidak Ditemukan,https://fasih-sm.bps.go.id/app/assignment-detail/9fbff164-c4c5-430f-944c-2bbc106af1a6
a0ddd3ab-2d56-4a45-8caa-0b425ce87f0e,71030600150002,GSPDI FILADELFIA BENTUNG,bangunan_lain,0. Tidak Ditemukan,https://fasih-sm.bps.go.id/app/assignment-detail/a0ddd3ab-2d56-4a45-8caa-0b425ce87f0e
c5ac3ea6-820f-4fab-86c8-1afb845bf638,71030900090001,SLB KASIH BUNDA GMIST,UMKM,0. Tidak Ditemukan,https://fasih-sm.bps.go.id/app/assignment-detail/c5ac3ea6-820f-4fab-86c8-1afb845bf638
d86d61ec-e03f-489d-8ca1-d01ac85686c4,71030900110006,RIJAL NURDIN,OSS Perorangan,0. Tidak Ditemukan,https://fasih-sm.bps.go.id/app/assignment-detail/d86d61ec-e03f-489d-8ca1-d01ac85686c4
f2be1c68-7136-4f7a-81bf-ae37ec8ef8da,71031000260003,KIOS SURIYATI DEBORA TARIMAKASE,UMKM,0. Tidak Ditemukan,https://fasih-sm.bps.go.id/app/assignment-detail/f2be1c68-7136-4f7a-81bf-ae37ec8ef8da
f5531c61-b59a-4552-9f4a-8bd76b33494b,71031000240002,OJEK MOTOR (SUWARNO) ,UMKM,0. Tidak Ditemukan,https://fasih-sm.bps.go.id/app/assignment-detail/f5531c61-b59a-4552-9f4a-8bd76b33494b
052bcd3e-a246-4d1a-be60-3b74c389a67b,71030500110001,PENJUAL AKSESORIS (JASMIN MOLI),UMKM,0. Tidak Ditemukan,https://fasih-sm.bps.go.id/app/assignment-detail/052bcd3e-a246-4d1a-be60-3b74c389a67b
0d5f4a23-9a3d-4942-98c1-5b9ac37906ba,71030600160001,WARUNG SEMBAKO (ROBIN),UMKM,0. Tidak Ditemukan,https://fasih-sm.bps.go.id/app/assignment-detail/0d5f4a23-9a3d-4942-98c1-5b9ac37906ba
3b40cc4d-f4b5-4d87-a123-5eed8ad54bcf,71030600140002,JUAL HASIL PERTANIAN (MARTENSI LOMBONGTARI),UMKM,0. Tidak Ditemukan,https://fasih-sm.bps.go.id/app/assignment-detail/3b40cc4d-f4b5-4d87-a123-5eed8ad54bcf
656e9a24-aabe-4d9f-9588-3be73c46ba62,71030700050003,TK SENGKANAUNG(NOVI),UMKM,0. Tidak Ditemukan,https://fasih-sm.bps.go.id/app/assignment-detail/656e9a24-aabe-4d9f-9588-3be73c46ba62
9cb0a507-eac3-4838-921c-312231715c01,71030700030002,KOPRA YANCE SIRAP,UMKM,0. Tidak Ditemukan,https://fasih-sm.bps.go.id/app/assignment-detail/9cb0a507-eac3-4838-921c-312231715c01
a60bfc18-cccc-4937-8db4-2f108e5305fa,71030400100001,STEIN SAMURINE,OSS Perorangan,0. Tidak Ditemukan,https://fasih-sm.bps.go.id/app/assignment-detail/a60bfc18-cccc-4937-8db4-2f108e5305fa
dde524b4-fc50-4d82-8928-7633102c8ff2,71030910020004,KANTOR KARANTINA PERTANIAN TAHUNA,bangunan_lain,0. Tidak Ditemukan,https://fasih-sm.bps.go.id/app/assignment-detail/dde524b4-fc50-4d82-8928-7633102c8ff2
fba399dd-9e8e-432d-ab93-5421ef8e00e1,71031000080002,TEMPAT PEMBUATAN KOPRA,bangunan_lain,0. Tidak Ditemukan,https://fasih-sm.bps.go.id/app/assignment-detail/fba399dd-9e8e-432d-ab93-5421ef8e00e1
02dcaaa6-78a0-4027-9862-a8b9e2fd0ab4,71030500090002,MEBEL SEHATI (RISPEN),UMKM,0. Tidak Ditemukan,https://fasih-sm.bps.go.id/app/assignment-detail/02dcaaa6-78a0-4027-9862-a8b9e2fd0ab4
08f35b82-50b9-4136-a621-cf3630bcc2eb,71030900080008,WB JES FOOD AND DRINK ,UMKM,0. Tidak Ditemukan,https://fasih-sm.bps.go.id/app/assignment-detail/08f35b82-50b9-4136-a621-cf3630bcc2eb
17624593-3dfb-42de-a3f9-e31710e7b6a4,71030500110001,FANTASTIC MOTOR (ADRIAN BARAHAMA),UMKM,0. Tidak Ditemukan,https://fasih-sm.bps.go.id/app/assignment-detail/17624593-3dfb-42de-a3f9-e31710e7b6a4
2410f39c-f330-4f20-b34b-85a1ddb5b1db,71031000020002,SD GMIST MAHANAIN TAROLANG,UMKM,0. Tidak Ditemukan,https://fasih-sm.bps.go.id/app/assignment-detail/2410f39c-f330-4f20-b34b-85a1ddb5b1db
250142c7-56c1-4ae6-abea-b6c366033209,71031000240003,INDUSTRI KOPRA (AYUB) ,UMKM,0. Tidak Ditemukan,https://fasih-sm.bps.go.id/app/assignment-detail/250142c7-56c1-4ae6-abea-b6c366033209
4632e17f-3225-43a9-a120-8259a3ec1e3c,71031010042002,DUMMY,dummy,0. Tidak Ditemukan,https://fasih-sm.bps.go.id/app/assignment-detail/4632e17f-3225-43a9-a120-8259a3ec1e3c
4656e9b4-ae8c-4007-98a4-15c26016e874,71030910080002,WELTJE PALATANGARA (WELTJE PALATANGARA),UMKM,0. Tidak Ditemukan,https://fasih-sm.bps.go.id/app/assignment-detail/4656e9b4-ae8c-4007-98a4-15c26016e874
51d7f048-59eb-41a9-abaf-95dc423cae55,71030910030007,KOSAN (JUNEIDI DIAMANIS ),UMKM,0. Tidak Ditemukan,https://fasih-sm.bps.go.id/app/assignment-detail/51d7f048-59eb-41a9-abaf-95dc423cae55
54da21a1-771c-460f-a856-5b88be33434c,71030800060002,PERTALITE ECERAN (FERYDIANA MANEKING),UMKM,0. Tidak Ditemukan,https://fasih-sm.bps.go.id/app/assignment-detail/54da21a1-771c-460f-a856-5b88be33434c
55434e22-57bb-4c64-a561-98c20feedf09,71031000040002,TOKO SEMBAKO (SITI),UMKM,0. Tidak Ditemukan,https://fasih-sm.bps.go.id/app/assignment-detail/55434e22-57bb-4c64-a561-98c20feedf09
59d969ae-fff3-4f02-82a2-2a818be2b82a,71030910050010,JEDIPSON PAMIKIRANG,OSS Perorangan,0. Tidak Ditemukan,https://fasih-sm.bps.go.id/app/assignment-detail/59d969ae-fff3-4f02-82a2-2a818be2b82a
70d58812-22e7-4365-8064-0df8cf9ddcbb,71030620010007,WARUNG SEMBAKO ALINCE,UMKM,0. Tidak Ditemukan,https://fasih-sm.bps.go.id/app/assignment-detail/70d58812-22e7-4365-8064-0df8cf9ddcbb
74167fbd-512b-48f0-96b5-1d3a7cebd333,71030500090002,JAHIT PAKAIAN (TRISLANE VERA DUMAT) ,UMKM,0. Tidak Ditemukan,https://fasih-sm.bps.go.id/app/assignment-detail/74167fbd-512b-48f0-96b5-1d3a7cebd333
7644b76e-6900-4abd-bb61-2a02ded5a48c,71030900080001,KIOS BINTANG KECIL (MARTHIN SALAMISI),UMKM,0. Tidak Ditemukan,https://fasih-sm.bps.go.id/app/assignment-detail/7644b76e-6900-4abd-bb61-2a02ded5a48c
79d41013-1149-4fa5-aa99-962fe171ec30,71030610010001,TK TORSINA LEHUPU,UMKM,0. Tidak Ditemukan,https://fasih-sm.bps.go.id/app/assignment-detail/79d41013-1149-4fa5-aa99-962fe171ec30
7a458899-6baf-48d1-9dc9-c83316cc9e15,71030500150003,BALAI KAMPUNG MENGGAWA 2,bangunan_lain,0. Tidak Ditemukan,https://fasih-sm.bps.go.id/app/assignment-detail/7a458899-6baf-48d1-9dc9-c83316cc9e15
7f621d43-94e0-4c81-8d24-44d6fc9b717b,71031100020001,PENGELOLAAN KOPRA (TOMTILER),UMKM,0. Tidak Ditemukan,https://fasih-sm.bps.go.id/app/assignment-detail/7f621d43-94e0-4c81-8d24-44d6fc9b717b
91e17d41-6ae4-4146-8a07-3ccda54fd209,71030500080003,KANDANG BABI,bangunan_lain,0. Tidak Ditemukan,https://fasih-sm.bps.go.id/app/assignment-detail/91e17d41-6ae4-4146-8a07-3ccda54fd209
98cc9beb-d8d6-44cf-83ba-f8f71fdc7d60,71030500090001,ANGKUTAN BENTOR (RUSTAM) ,UMKM,0. Tidak Ditemukan,https://fasih-sm.bps.go.id/app/assignment-detail/98cc9beb-d8d6-44cf-83ba-f8f71fdc7d60
9e62ee78-30b5-42c4-9a29-195fddaa2fe1,71030500060002,LOS KUE ROTI (APRIANI MELONGKADE) ,UMKM,0. Tidak Ditemukan,https://fasih-sm.bps.go.id/app/assignment-detail/9e62ee78-30b5-42c4-9a29-195fddaa2fe1
ab7952f3-9f1d-481a-88c9-05dd2137c43f,71030500060002,PERTALITE ECERAN (ASNA KAPAI) ,UMKM,0. Tidak Ditemukan,https://fasih-sm.bps.go.id/app/assignment-detail/ab7952f3-9f1d-481a-88c9-05dd2137c43f
b68b40d9-89f6-41f5-8144-ede4ab3d052d,71030500050003,ES SERUT (OSTE),UMKM,0. Tidak Ditemukan,https://fasih-sm.bps.go.id/app/assignment-detail/b68b40d9-89f6-41f5-8144-ede4ab3d052d
bf620ccd-4ad2-49d7-8861-4f56b4b9acbb,71030700070001,SD NEGERI MIULU,UMKM,0. Tidak Ditemukan,https://fasih-sm.bps.go.id/app/assignment-detail/bf620ccd-4ad2-49d7-8861-4f56b4b9acbb
c62c6048-cc93-4972-9866-5bceae75c6e2,71030600140004,PANGKAS RAMBUT (OKTAVIA LAMBANAUNG),UMKM,0. Tidak Ditemukan,https://fasih-sm.bps.go.id/app/assignment-detail/c62c6048-cc93-4972-9866-5bceae75c6e2
c6e1e720-3885-4d81-ae64-b1a7460a33f8,71030800062001,DUMMY,dummy,0. Tidak Ditemukan,https://fasih-sm.bps.go.id/app/assignment-detail/c6e1e720-3885-4d81-ae64-b1a7460a33f8
c96f8df0-7101-4b12-8b7c-4c08ab624acc,71030410040003,RUMAH MESIN PEMBANGKIT LISTRIK,bangunan_lain,0. Tidak Ditemukan,https://fasih-sm.bps.go.id/app/assignment-detail/c96f8df0-7101-4b12-8b7c-4c08ab624acc
cbd5e7a8-138c-449f-a762-af1f3846fc9b,71031000240003,RUMAH MAKAN (DONI TAMBOTO) ,UMKM,0. Tidak Ditemukan,https://fasih-sm.bps.go.id/app/assignment-detail/cbd5e7a8-138c-449f-a762-af1f3846fc9b
cd644236-5418-4b5f-b64e-06f831c24ab8,71030400110002,REPARASI (WEMPRIT),UMKM,0. Tidak Ditemukan,https://fasih-sm.bps.go.id/app/assignment-detail/cd644236-5418-4b5f-b64e-06f831c24ab8
d349de13-c762-4e30-a1e1-d357514f2f71,71030900070003,RUMAH MAKAN MALIOBORO (ERWIN),UMKM,0. Tidak Ditemukan,https://fasih-sm.bps.go.id/app/assignment-detail/d349de13-c762-4e30-a1e1-d357514f2f71
e080a334-587a-4467-a465-122f9f22bc96,71030500090003,TEMPAT KOST (RINI KAMPONG),UMKM,0. Tidak Ditemukan,https://fasih-sm.bps.go.id/app/assignment-detail/e080a334-587a-4467-a465-122f9f22bc96
e1633958-cafb-4a41-9fec-45260528187e,71031100050003,WARUNG KELONTONG (ANISTA MANDAK),UMKM,0. Tidak Ditemukan,https://fasih-sm.bps.go.id/app/assignment-detail/e1633958-cafb-4a41-9fec-45260528187e
fed50e46-f899-48dd-ab25-71d8d6836fdb,71030600170003,WARUNG SEMBAKO (ANSIANA),UMKM,0. Tidak Ditemukan,https://fasih-sm.bps.go.id/app/assignment-detail/fed50e46-f899-48dd-ab25-71d8d6836fdb
07d50d38-8cb1-419a-bf17-a0bba8850956,71030700020004,PENJUAL IKAN SEGA (SILCE SILANGEN),UMKM,0. Tidak Ditemukan,https://fasih-sm.bps.go.id/app/assignment-detail/07d50d38-8cb1-419a-bf17-a0bba8850956
378a3a0c-448a-4a49-ba3d-8d5b458035e7,71031000210001,WARUNG KELONTONG (ISKE) ,UMKM,0. Tidak Ditemukan,https://fasih-sm.bps.go.id/app/assignment-detail/378a3a0c-448a-4a49-ba3d-8d5b458035e7
40668e20-1fee-4144-bd2d-c458b032b05f,71030900110009,BENSIN ECERAN (PENEKE MOCODOMPIS TIWA) ,UMKM,0. Tidak Ditemukan,https://fasih-sm.bps.go.id/app/assignment-detail/40668e20-1fee-4144-bd2d-c458b032b05f
4154b4da-df21-41c2-9c00-4f6a4d043440,71030700160002,BUAH DAN SAYUR MINTJE KASIANG,UMKM,0. Tidak Ditemukan,https://fasih-sm.bps.go.id/app/assignment-detail/4154b4da-df21-41c2-9c00-4f6a4d043440
53770c7c-62d4-4c7d-a98c-c8cae5a0af39,71030500130001,KIOS SEMBAKO (AKUNDAME TINTAMANIS),UMKM,0. Tidak Ditemukan,https://fasih-sm.bps.go.id/app/assignment-detail/53770c7c-62d4-4c7d-a98c-c8cae5a0af39
5b5704d3-dcf9-445a-9dc4-13d3af8057d5,71030500110001,PENJUAL PULSA HP (JEIN KAMPONGMANIS),UMKM,0. Tidak Ditemukan,https://fasih-sm.bps.go.id/app/assignment-detail/5b5704d3-dcf9-445a-9dc4-13d3af8057d5
6072f9fe-eb87-44c4-9c3b-c5d9c8e5c280,71030900070013,PENJUAL IKAN (HARTATI KASTILONG),UMKM,0. Tidak Ditemukan,https://fasih-sm.bps.go.id/app/assignment-detail/6072f9fe-eb87-44c4-9c3b-c5d9c8e5c280
724ecb60-09ba-41d5-bd08-f9b0c9edf079,71030900070008,ZION (HESKIA TANDAJU),UB,0. Tidak Ditemukan,https://fasih-sm.bps.go.id/app/assignment-detail/724ecb60-09ba-41d5-bd08-f9b0c9edf079
93cb8b9c-196f-4d9e-ac6b-0b04126e3a44,71030910070009,SALON BRIDAL (MIAGHEY JUSTHITIO),UMKM,0. Tidak Ditemukan,https://fasih-sm.bps.go.id/app/assignment-detail/93cb8b9c-196f-4d9e-ac6b-0b04126e3a44
ca81b424-7cf2-4441-82df-cf31628d2f72,71030910010004,KANTOR LURAH LESA,bangunan_lain,0. Tidak Ditemukan,https://fasih-sm.bps.go.id/app/assignment-detail/ca81b424-7cf2-4441-82df-cf31628d2f72
fe21e873-18db-4a04-8e0d-e502e7098ed3,71030700050003,BENGKEL MOBIL DAN MOTOR EDISON TADETE,OSS Perorangan,0. Tidak Ditemukan,https://fasih-sm.bps.go.id/app/assignment-detail/fe21e873-18db-4a04-8e0d-e502e7098ed3
69d34e8d-9b98-4874-a1e5-7cc515e0ba5a,71030920050007,DEPOT AIR MINUM ISI ULANG (YOSTAM ABISLOM) ,UMKM,0. Tidak Ditemukan,https://fasih-sm.bps.go.id/app/assignment-detail/69d34e8d-9b98-4874-a1e5-7cc515e0ba5a
a03b5210-1854-493b-95d7-08bb3d889f63,71030900110006,POP ICE(MERCY SRI WULANDARI MARKUS),UMKM,0. Tidak Ditemukan,https://fasih-sm.bps.go.id/app/assignment-detail/a03b5210-1854-493b-95d7-08bb3d889f63
bdfd4cec-42d6-4f4a-a685-a3de340684ae,71031000140001,ANGKUTAN KOTA (GUSTAF),UMKM,0. Tidak Ditemukan,https://fasih-sm.bps.go.id/app/assignment-detail/bdfd4cec-42d6-4f4a-a685-a3de340684ae
e2ffb6cd-badd-45aa-b3ea-d35c74b1cdf2,71030900140009,HEINDCE FEIN BUDIMAN,OSS Perorangan,0. Tidak Ditemukan,https://fasih-sm.bps.go.id/app/assignment-detail/e2ffb6cd-badd-45aa-b3ea-d35c74b1cdf2
00a4188c-4676-447d-937e-a3df73a55410,71031000230001,WARUNG KLONTONG (SURATNA RABANA),UMKM,0. Tidak Ditemukan,https://fasih-sm.bps.go.id/app/assignment-detail/00a4188c-4676-447d-937e-a3df73a55410
09c0cfdb-d345-46a9-a9d5-26af94407e27,71030400100001,KOPERASI PGRI,UMKM,0. Tidak Ditemukan,https://fasih-sm.bps.go.id/app/assignment-detail/09c0cfdb-d345-46a9-a9d5-26af94407e27
15c8cce6-11cf-4d14-aed4-d87a7bf5a7d4,71031020030002,KUE BASAH REPLIN SUBU,UMKM,0. Tidak Ditemukan,https://fasih-sm.bps.go.id/app/assignment-detail/15c8cce6-11cf-4d14-aed4-d87a7bf5a7d4
283e453a-86c5-4c55-9c27-8cb5cd7c164b,71030500110001,"NUSA SEJAHTERA, CV",UMKM,0. Tidak Ditemukan,https://fasih-sm.bps.go.id/app/assignment-detail/283e453a-86c5-4c55-9c27-8cb5cd7c164b
2ee0b44d-63e9-45de-8c6a-049258c1a107,71030800050001,PASTORI GMIST PNIEL KAUHIS,bangunan_lain,0. Tidak Ditemukan,https://fasih-sm.bps.go.id/app/assignment-detail/2ee0b44d-63e9-45de-8c6a-049258c1a107
305a7f3c-43c9-4142-82fe-ad90ed69c747,71030800080003,KOS KOSAN (CHRISTOPORUS BIMBAHATI),UMKM,0. Tidak Ditemukan,https://fasih-sm.bps.go.id/app/assignment-detail/305a7f3c-43c9-4142-82fe-ad90ed69c747
3c3bb200-6281-4e13-a662-33091bece6b2,71031000050003,SD MUHAMADIYAH petta,UMKM,0. Tidak Ditemukan,https://fasih-sm.bps.go.id/app/assignment-detail/3c3bb200-6281-4e13-a662-33091bece6b2
3f9f715d-f9da-430c-bc86-be87be430305,71030910040009,FERONIKA BELINDA ZELFANA MAINDOKA,OSS Perorangan,0. Tidak Ditemukan,https://fasih-sm.bps.go.id/app/assignment-detail/3f9f715d-f9da-430c-bc86-be87be430305
40390e02-c17a-4d30-84b5-66ce4b00ec49,71030800090004,PULSA ELEKRONIK (POLDINCE BANGKARULE),UMKM,0. Tidak Ditemukan,https://fasih-sm.bps.go.id/app/assignment-detail/40390e02-c17a-4d30-84b5-66ce4b00ec49
4c7aad81-709a-4cce-8d1c-1906fc86d682,71030500200003,WARUNG SEMBAKO (RETNY TUMBILUNG),UMKM,0. Tidak Ditemukan,https://fasih-sm.bps.go.id/app/assignment-detail/4c7aad81-709a-4cce-8d1c-1906fc86d682
4e4ba094-c4c2-4c6f-80a7-ec6c8dff6d72,71030900110001,THANIA ANTAMENG,OSS Perorangan,0. Tidak Ditemukan,https://fasih-sm.bps.go.id/app/assignment-detail/4e4ba094-c4c2-4c6f-80a7-ec6c8dff6d72
5175a590-a4bc-4d48-9f08-7dcc6936f129,71030400120001,,UMKM,0. Tidak Ditemukan,https://fasih-sm.bps.go.id/app/assignment-detail/5175a590-a4bc-4d48-9f08-7dcc6936f129
521ece52-385b-4482-ac98-115d06674a5b,71030500190002,REPARASI ELEKTRONIK (RINDA),UMKM,0. Tidak Ditemukan,https://fasih-sm.bps.go.id/app/assignment-detail/521ece52-385b-4482-ac98-115d06674a5b
5dcf451c-194b-4f40-aa10-4fc0b8b291eb,71030410030001,TPK CINTA ANAK,UMKM,0. Tidak Ditemukan,https://fasih-sm.bps.go.id/app/assignment-detail/5dcf451c-194b-4f40-aa10-4fc0b8b291eb
6a6dd58d-bbe6-4886-be56-3dfc9d47cc34,71031000280003,BANGUNAN KUBUR SAMPING MARGALETJE,bangunan_lain,0. Tidak Ditemukan,https://fasih-sm.bps.go.id/app/assignment-detail/6a6dd58d-bbe6-4886-be56-3dfc9d47cc34
6c774c70-0f56-4932-b748-91e3a2166e6b,71031000230001,TOKO SEMBAKO (SAMSURI),UMKM,0. Tidak Ditemukan,https://fasih-sm.bps.go.id/app/assignment-detail/6c774c70-0f56-4932-b748-91e3a2166e6b
7beb565b-4a71-4a21-8139-7db6150d66c7,71030400110002,OJEK MOTOR SULISTIO,UMKM,0. Tidak Ditemukan,https://fasih-sm.bps.go.id/app/assignment-detail/7beb565b-4a71-4a21-8139-7db6150d66c7
7df1abfe-6289-4710-90a2-3eb4db04a48c,71031000280001,KIOS SEMBAKO (SINTIA),UMKM,0. Tidak Ditemukan,https://fasih-sm.bps.go.id/app/assignment-detail/7df1abfe-6289-4710-90a2-3eb4db04a48c
80e0c98c-a551-4971-98f2-8555ff29df85,71030400080001,PERDAGANGAN ENCERAN PAKAIAN SALFITRI YACOBS,UMKM,0. Tidak Ditemukan,https://fasih-sm.bps.go.id/app/assignment-detail/80e0c98c-a551-4971-98f2-8555ff29df85
95b0de56-f9e0-4f06-8bb2-01077129e2f2,71031100060003,INDUSTRI PENGOLAHAN KOPRA CRISTOMUS HARIMINGGU,UMKM,0. Tidak Ditemukan,https://fasih-sm.bps.go.id/app/assignment-detail/95b0de56-f9e0-4f06-8bb2-01077129e2f2
962dc99e-ff3d-4f87-bde4-e935a2ad4bfe,71030900070012,PENJUAL PAKAIAN (SARIFUDIN UMANIA),UMKM,0. Tidak Ditemukan,https://fasih-sm.bps.go.id/app/assignment-detail/962dc99e-ff3d-4f87-bde4-e935a2ad4bfe
aad3725b-40eb-4e70-b5a5-9f1a71d49bec,71030900140004,PRODUK ROTI ELSE KAKUNSI,OSS Perorangan,0. Tidak Ditemukan,https://fasih-sm.bps.go.id/app/assignment-detail/aad3725b-40eb-4e70-b5a5-9f1a71d49bec
b0b06a4e-495f-42bb-8e1f-6afb972e13e5,71030500090002,WARUNG SEMBAKO (BELTASAR RAMELANG) ,UMKM,0. Tidak Ditemukan,https://fasih-sm.bps.go.id/app/assignment-detail/b0b06a4e-495f-42bb-8e1f-6afb972e13e5
ba4c11a0-569f-4d24-8126-5cd30c81fd2e,71030800010001,ES SERUT (SELFIANA),UMKM,0. Tidak Ditemukan,https://fasih-sm.bps.go.id/app/assignment-detail/ba4c11a0-569f-4d24-8126-5cd30c81fd2e
c19e9f93-fc82-439b-b5a1-92cb3da555a6,71030400140003,PENGOLAHAN KOPRA (ELIEZER KALUANDO),UMKM,0. Tidak Ditemukan,https://fasih-sm.bps.go.id/app/assignment-detail/c19e9f93-fc82-439b-b5a1-92cb3da555a6
c4fee385-9f30-4a97-baeb-8f93df93d4c6,71030900120012,EMIYANTI TAKASESE,OSS Perorangan,0. Tidak Ditemukan,https://fasih-sm.bps.go.id/app/assignment-detail/c4fee385-9f30-4a97-baeb-8f93df93d4c6
cf252031-4ebc-4d36-b98e-9b3705277103,71031000230001,APOTIK KRISTALIA,UMKM,0. Tidak Ditemukan,https://fasih-sm.bps.go.id/app/assignment-detail/cf252031-4ebc-4d36-b98e-9b3705277103
d68e0db0-5933-474e-921a-a7c2fff3cb5f,71030700030001,KANTIN KEJUJURAN FENTI,UMKM,0. Tidak Ditemukan,https://fasih-sm.bps.go.id/app/assignment-detail/d68e0db0-5933-474e-921a-a7c2fff3cb5f
dc8f67d0-8939-4b8c-b7be-8c2ea4ebf4d4,71030900070003,PERGURUAN TINGGI KRISTEN GMIST (AKP GMIST) PERBANKAN,UMKM,0. Tidak Ditemukan,https://fasih-sm.bps.go.id/app/assignment-detail/dc8f67d0-8939-4b8c-b7be-8c2ea4ebf4d4
e164bab4-6ccf-4083-8f17-4d857a765965,71030500110001,RAMA BINTANG CELL (RAMADAN GANI),UMKM,0. Tidak Ditemukan,https://fasih-sm.bps.go.id/app/assignment-detail/e164bab4-6ccf-4083-8f17-4d857a765965
e2bddebc-09d7-411b-a66d-f16d9b44e23d,71030500130003,INDUSTRI PENGOLAHAN KUE KERING (CHARLINA TAMAROLO) ,UMKM,0. Tidak Ditemukan,https://fasih-sm.bps.go.id/app/assignment-detail/e2bddebc-09d7-411b-a66d-f16d9b44e23d
e69187d6-7a84-4b63-b707-481b96b2e0b2,71030920040006,INDUSTRI PENGOLAHAN KOPRA (FEGI FEMPRI MAKISAKE),UMKM,0. Tidak Ditemukan,https://fasih-sm.bps.go.id/app/assignment-detail/e69187d6-7a84-4b63-b707-481b96b2e0b2
f7fb7e7b-b788-41be-bd16-93cf112a1f99,71030500010003,POSKO COVID19 KAMPUNG MAHUMU,bangunan_lain,0. Tidak Ditemukan,https://fasih-sm.bps.go.id/app/assignment-detail/f7fb7e7b-b788-41be-bd16-93cf112a1f99
7f1b26b5-bb8f-483e-b7a8-0e5075452081,71030910080004,PANGKALAN MINYAK TANAH (ROBINSON PANINGGIRAN),UMKM,0. Tidak Ditemukan,https://fasih-sm.bps.go.id/app/assignment-detail/7f1b26b5-bb8f-483e-b7a8-0e5075452081
8eea1373-2b38-4bc2-8581-a9bdb6881069,71030600200002,TAHU ISI (GRACE),UMKM,0. Tidak Ditemukan,https://fasih-sm.bps.go.id/app/assignment-detail/8eea1373-2b38-4bc2-8581-a9bdb6881069
8ff88318-a2e1-4fcc-ae1b-be78d8064202,71030910070001,"BERINGIN JAYA PRATAMA, PT",UMKM,0. Tidak Ditemukan,https://fasih-sm.bps.go.id/app/assignment-detail/8ff88318-a2e1-4fcc-ae1b-be78d8064202
e3444f3d-f706-40cb-aafc-65ee35bbb975,71030800030001,GUDANG,bangunan_lain,0. Tidak Ditemukan,https://fasih-sm.bps.go.id/app/assignment-detail/e3444f3d-f706-40cb-aafc-65ee35bbb975
f2cf2539-47f3-4c70-8b2b-076b6bd41274,71030900070008,TOKO QUEEN ANGEL (ELVA INDIRWAN RUMOSA),UMKM,0. Tidak Ditemukan,https://fasih-sm.bps.go.id/app/assignment-detail/f2cf2539-47f3-4c70-8b2b-076b6bd41274
17b53a38-db34-4cdf-8ab9-5df8055b9d28,71030900070003,JACSEL FOTO COPY,UMKM,0. Tidak Ditemukan,https://fasih-sm.bps.go.id/app/assignment-detail/17b53a38-db34-4cdf-8ab9-5df8055b9d28
1b88e973-3d0f-47c2-acb9-06a5575a5f4e,71030700040001,JUAL BENSIN (SORFINTJE DOLONGSEDA),UMKM,0. Tidak Ditemukan,https://fasih-sm.bps.go.id/app/assignment-detail/1b88e973-3d0f-47c2-acb9-06a5575a5f4e
305fab9a-0d76-410b-b909-655fe39d9614,71030900080002,BENGKEL AUTO WASH (HERLAN SITORUS),UMKM,0. Tidak Ditemukan,https://fasih-sm.bps.go.id/app/assignment-detail/305fab9a-0d76-410b-b909-655fe39d9614
3e8b0710-af92-48e1-8b35-256af9f7c0c0,71030500110001,PENJUAL MINUMAN DINGIN SIAP SAJI (SYLVANI SALAWE),UMKM,0. Tidak Ditemukan,https://fasih-sm.bps.go.id/app/assignment-detail/3e8b0710-af92-48e1-8b35-256af9f7c0c0
54d69e79-5b95-40a5-b486-f863c09be230,71031000140002,WARUNG KELONTONG(ALTJI MAKAKOMBO),UMKM,0. Tidak Ditemukan,https://fasih-sm.bps.go.id/app/assignment-detail/54d69e79-5b95-40a5-b486-f863c09be230
73d09786-af2b-4b47-b558-eb1ec7ee5863,71030500110001,TRANSPORTASI MOTOR (SAIMON KABURUANG),UMKM,0. Tidak Ditemukan,https://fasih-sm.bps.go.id/app/assignment-detail/73d09786-af2b-4b47-b558-eb1ec7ee5863
9de0f367-321d-4cbf-bd0c-313b10e2a4da,71030700010004,SDN INPRES DAUPULUHE,UMKM,0. Tidak Ditemukan,https://fasih-sm.bps.go.id/app/assignment-detail/9de0f367-321d-4cbf-bd0c-313b10e2a4da
a42056d1-5d97-4214-a3e8-132a7e615f79,71030910050006,INDUSTRI PENGOLAHAN ES (ESTER),UMKM,0. Tidak Ditemukan,https://fasih-sm.bps.go.id/app/assignment-detail/a42056d1-5d97-4214-a3e8-132a7e615f79
c96522c3-be7a-4347-81a3-ad5ecde2179c,71030900100007,TEMPAT KOST (MASYE ISZAK MASYE ISZAK),UMKM,0. Tidak Ditemukan,https://fasih-sm.bps.go.id/app/assignment-detail/c96522c3-be7a-4347-81a3-ad5ecde2179c
f04cc8ee-fda8-4c0e-a2f0-ce0a8ec923b4,71030900070011,TOKO SINAR NELAYAN (ANDRY RIZKY LEONARDO GOSAL),UMKM,0. Tidak Ditemukan,https://fasih-sm.bps.go.id/app/assignment-detail/f04cc8ee-fda8-4c0e-a2f0-ce0a8ec923b4
0755f1a7-9761-40f5-92dd-8736d723d783,71030900110009,KRISYEVICTORIA PARERA,OSS Perorangan,0. Tidak Ditemukan,https://fasih-sm.bps.go.id/app/assignment-detail/0755f1a7-9761-40f5-92dd-8736d723d783
1b431202-5d22-426b-ad39-4bb9d92e4199,71030910040004,LAUNDRY,UMKM,0. Tidak Ditemukan,https://fasih-sm.bps.go.id/app/assignment-detail/1b431202-5d22-426b-ad39-4bb9d92e4199
384f3cb9-f5aa-4742-b705-7cd2027b3d3b,71031000070001,BENSIN (MURNI) ,UMKM,0. Tidak Ditemukan,https://fasih-sm.bps.go.id/app/assignment-detail/384f3cb9-f5aa-4742-b705-7cd2027b3d3b
3da60eb5-f92c-45a0-b2cc-54969a96b940,71030910030003,YUMMY FRIED CHICKEN TIDORE,UMKM,0. Tidak Ditemukan,https://fasih-sm.bps.go.id/app/assignment-detail/3da60eb5-f92c-45a0-b2cc-54969a96b940
3dbe23a5-5323-4854-b680-1e7dfe880128,71030920050008,KUE BASAH (YENI)(YENI TOMBENG),UMKM,0. Tidak Ditemukan,https://fasih-sm.bps.go.id/app/assignment-detail/3dbe23a5-5323-4854-b680-1e7dfe880128
585249eb-00b9-4c0f-a46a-25b03261ed05,71030500190001,MENJUAL BENSIN (POLORINA),UMKM,0. Tidak Ditemukan,https://fasih-sm.bps.go.id/app/assignment-detail/585249eb-00b9-4c0f-a46a-25b03261ed05
6a3aec75-1cd3-45dd-ad59-2507fa873ba1,71030900110009,YUDHIVIA ZESANNEKE ANDEMORA,OSS Perorangan,0. Tidak Ditemukan,https://fasih-sm.bps.go.id/app/assignment-detail/6a3aec75-1cd3-45dd-ad59-2507fa873ba1
6ae2c8ed-bd54-4d3d-b61e-f8b3b14c85b9,71030620010006,"ANUGRAH RAYA, CV",UMKM,0. Tidak Ditemukan,https://fasih-sm.bps.go.id/app/assignment-detail/6ae2c8ed-bd54-4d3d-b61e-f8b3b14c85b9
6bca7e25-e76b-4dc8-a24b-b42c66c2cc0c,71030600130002,KOPRA (DONER),UMKM,0. Tidak Ditemukan,https://fasih-sm.bps.go.id/app/assignment-detail/6bca7e25-e76b-4dc8-a24b-b42c66c2cc0c
7dfc1477-ce89-403c-8365-44d6bc8fde56,71031000110002,WARUNG KELONTONG MILIK RAMLA OKILA,UMKM,0. Tidak Ditemukan,https://fasih-sm.bps.go.id/app/assignment-detail/7dfc1477-ce89-403c-8365-44d6bc8fde56
7edea0ab-2130-426d-be10-d12f891b069f,71030500120004,GUDANG KAYU,bangunan_lain,0. Tidak Ditemukan,https://fasih-sm.bps.go.id/app/assignment-detail/7edea0ab-2130-426d-be10-d12f891b069f
822b05ad-1fa3-47e0-acfc-4c171c06d9e5,71030400070002,JUAL HASIL PERTANIAN TIBO-TIBO RUGAYA BIMBANAUNG,UMKM,0. Tidak Ditemukan,https://fasih-sm.bps.go.id/app/assignment-detail/822b05ad-1fa3-47e0-acfc-4c171c06d9e5
84c7aa06-f25f-4dfe-8a58-6c4de9157956,71031020030002,BHOYET MAMUNO,OSS Perorangan,0. Tidak Ditemukan,https://fasih-sm.bps.go.id/app/assignment-detail/84c7aa06-f25f-4dfe-8a58-6c4de9157956
95803fc5-0cb8-4463-b651-2f0ab4cb59a9,71031000230001,TOKO PAKAIAN (SATRI),UMKM,0. Tidak Ditemukan,https://fasih-sm.bps.go.id/app/assignment-detail/95803fc5-0cb8-4463-b651-2f0ab4cb59a9
9dd08caa-998f-4ae1-b523-d0b49eefc33e,71031000040002,WARUNG MAKAN (PARSONO ),UMKM,0. Tidak Ditemukan,https://fasih-sm.bps.go.id/app/assignment-detail/9dd08caa-998f-4ae1-b523-d0b49eefc33e
b586595b-d259-4a33-bcef-5b57532f9b26,71030500120001,HERSEN KUDENDENG,OSS Perorangan,0. Tidak Ditemukan,https://fasih-sm.bps.go.id/app/assignment-detail/b586595b-d259-4a33-bcef-5b57532f9b26
beef552c-fa33-4fe4-ad4a-0160ac1f880b,71030910020001,TUKANG JAHIT(SRYMELDA),UMKM,0. Tidak Ditemukan,https://fasih-sm.bps.go.id/app/assignment-detail/beef552c-fa33-4fe4-ad4a-0160ac1f880b
d00fd192-fb58-45c6-90f8-0cd717b1ed05,71030500010003,MCK UMUM ,bangunan_lain,0. Tidak Ditemukan,https://fasih-sm.bps.go.id/app/assignment-detail/d00fd192-fb58-45c6-90f8-0cd717b1ed05
e9f439ab-eeb1-4c37-a5f6-f55f31280df7,71030920050008,KUE BASAH (ARGENTINE) (ARGENTINE LOLAROH),UMKM,0. Tidak Ditemukan,https://fasih-sm.bps.go.id/app/assignment-detail/e9f439ab-eeb1-4c37-a5f6-f55f31280df7
eda4decd-6f60-478e-8fdb-3e13dd97e2eb,71030900130002,RITHA THREOFINA BENTO,OSS Perorangan,0. Tidak Ditemukan,https://fasih-sm.bps.go.id/app/assignment-detail/eda4decd-6f60-478e-8fdb-3e13dd97e2eb
f51cca51-fecf-4ca9-86b0-0785d13cbd65,71031000040002,TOKO SEMBAKO (ANITA),UMKM,0. Tidak Ditemukan,https://fasih-sm.bps.go.id/app/assignment-detail/f51cca51-fecf-4ca9-86b0-0785d13cbd65
f60963dc-770f-41f2-ae57-c83c7b0817c4,71030900100003,BANGUNAN KOSONG,UMKM,0. Tidak Ditemukan,https://fasih-sm.bps.go.id/app/assignment-detail/f60963dc-770f-41f2-ae57-c83c7b0817c4
fc9adb29-6565-45a6-8267-9bacbff001c0,71030900130007,MESS PIMPINAN STASIUN PSDKP TAHUNA,bangunan_lain,0. Tidak Ditemukan,https://fasih-sm.bps.go.id/app/assignment-detail/fc9adb29-6565-45a6-8267-9bacbff001c0
ff7a4866-ab65-4dc0-9134-ce8713e73b22,71030800080002,CENDOL DAWET PENTOL TELOR GORENG RIDHO (DOROTEA MALANSIANG),UMKM,0. Tidak Ditemukan,https://fasih-sm.bps.go.id/app/assignment-detail/ff7a4866-ab65-4dc0-9134-ce8713e73b22
04f126d2-079f-4465-8d5f-521b3dec58e4,71030900070011,PENJUAL DAGING BABI (LILYA DALING) (LILYA DALING),UMKM,0. Tidak Ditemukan,https://fasih-sm.bps.go.id/app/assignment-detail/04f126d2-079f-4465-8d5f-521b3dec58e4
115968c3-2b69-47db-a874-9770940b7775,71030920040005,USAHA MENJUAL BERMACAM SEMBAKO (CHRISTY S LOLAROH) ,UMKM,0. Tidak Ditemukan,https://fasih-sm.bps.go.id/app/assignment-detail/115968c3-2b69-47db-a874-9770940b7775
2acacd3d-ae30-467e-9057-a6fb93960d2f,71030700040002,BANGUNAN BARANG,bangunan_lain,0. Tidak Ditemukan,https://fasih-sm.bps.go.id/app/assignment-detail/2acacd3d-ae30-467e-9057-a6fb93960d2f
370cb0a2-5da0-4ee1-9ced-cc2f580a5773,71030800160003,USAHA PENGADAAN DAN PENYALURAN AIR BERSIH (YULCE TENTELAWA),UMKM,0. Tidak Ditemukan,https://fasih-sm.bps.go.id/app/assignment-detail/370cb0a2-5da0-4ee1-9ced-cc2f580a5773
6a30745f-e802-43db-8eb5-e619674a777f,71030900110012,"BALANCE, CV",UMKM,0. Tidak Ditemukan,https://fasih-sm.bps.go.id/app/assignment-detail/6a30745f-e802-43db-8eb5-e619674a777f
74d1fea1-ca75-4b7a-a984-18b55fd4e31a,71030910050006,USAHA AKSESORIES (ANITA YUNITA KUMOLONTANG),UMKM,0. Tidak Ditemukan,https://fasih-sm.bps.go.id/app/assignment-detail/74d1fea1-ca75-4b7a-a984-18b55fd4e31a
9796f53e-88ab-443e-b2bd-5502ccd22096,71030900110006,KOPERASI BUDILUHUR (JAFFAY ALFRED ANTE),UMKM,0. Tidak Ditemukan,https://fasih-sm.bps.go.id/app/assignment-detail/9796f53e-88ab-443e-b2bd-5502ccd22096
b45580af-f284-45c4-a277-23d23d129eb4,71030400120001,PUSAT KEGIATAN GUGUS PAUD MANGANITU SELATAN,UMKM,0. Tidak Ditemukan,https://fasih-sm.bps.go.id/app/assignment-detail/b45580af-f284-45c4-a277-23d23d129eb4
d6cc6525-c502-48da-9af4-a44d904ed76d,71030900070003,BAKSO CHEF,UMKM,0. Tidak Ditemukan,https://fasih-sm.bps.go.id/app/assignment-detail/d6cc6525-c502-48da-9af4-a44d904ed76d
e36bb5fa-ffe4-4dee-9078-558b8c57ef67,71030910040002,KIOS SEMBAKO WIDYA,OSS Perorangan,0. Tidak Ditemukan,https://fasih-sm.bps.go.id/app/assignment-detail/e36bb5fa-ffe4-4dee-9078-558b8c57ef67
fc7e1299-b3a8-4548-940b-d8a5f0119f2f,71030800010002,WARUNG SEMBAKO (NANCY),UMKM,0. Tidak Ditemukan,https://fasih-sm.bps.go.id/app/assignment-detail/fc7e1299-b3a8-4548-940b-d8a5f0119f2f
fe925d5f-990f-4427-896d-01cf470630d1,71030600140004,ANGKUTAN PEDESAAN (ORONG),UMKM,0. Tidak Ditemukan,https://fasih-sm.bps.go.id/app/assignment-detail/fe925d5f-990f-4427-896d-01cf470630d1
550c6c10-8ea8-49d2-8e1b-07e8c1b14ab1,71030900120009,BENSIN ECERAN (GUNAWAN ADIPATI),UMKM,0. Tidak Ditemukan,https://fasih-sm.bps.go.id/app/assignment-detail/550c6c10-8ea8-49d2-8e1b-07e8c1b14ab1
6fa55a5e-d12f-41f7-b33d-40ca42a2a84c,71030700050001,"KUMA INDAH, CV",UMKM,0. Tidak Ditemukan,https://fasih-sm.bps.go.id/app/assignment-detail/6fa55a5e-d12f-41f7-b33d-40ca42a2a84c
857bb1c7-8e98-406f-ba54-8a1829b3e89f,71030900120012,TEDI KATIANDAGHO,OSS Perorangan,0. Tidak Ditemukan,https://fasih-sm.bps.go.id/app/assignment-detail/857bb1c7-8e98-406f-ba54-8a1829b3e89f
952269f4-dc6e-4df5-97a6-1d9a538c5757,71030900110003,CANDYAZGO CARLO MAELITE,OSS Perorangan,0. Tidak Ditemukan,https://fasih-sm.bps.go.id/app/assignment-detail/952269f4-dc6e-4df5-97a6-1d9a538c5757
a1c90507-5523-4913-affe-e12f838ee334,71030500160002,RUMAH INVENTARIS RUKUN DIAKONIA,bangunan_lain,0. Tidak Ditemukan,https://fasih-sm.bps.go.id/app/assignment-detail/a1c90507-5523-4913-affe-e12f838ee334
bd2dff0b-7c94-43ff-b76e-68b76ba89671,71030500110001,PEDAGANG ECERAN SAYUR -SAYURAN DAN BUAH-BUAHAN (KATRENTJE ADOKIA ),UMKM,0. Tidak Ditemukan,https://fasih-sm.bps.go.id/app/assignment-detail/bd2dff0b-7c94-43ff-b76e-68b76ba89671
f79e344b-493a-4e5e-bb11-191a3cba27c6,71030900070009,RAMAHDAN JANIS,OSS Perorangan,0. Tidak Ditemukan,https://fasih-sm.bps.go.id/app/assignment-detail/f79e344b-493a-4e5e-bb11-191a3cba27c6
0298c0ec-df7d-4f56-881c-8a6354ff50d7,71031000260002,PEMBUATAN KOPRA MARJAN,UMKM,0. Tidak Ditemukan,https://fasih-sm.bps.go.id/app/assignment-detail/0298c0ec-df7d-4f56-881c-8a6354ff50d7
03ec6cfa-d7b6-4584-9bd5-efc5d6a346d6,71030910050004,USAHA ES CENDOL KELAPA MUDA (SRY WAHYU NINGSI),UMKM,0. Tidak Ditemukan,https://fasih-sm.bps.go.id/app/assignment-detail/03ec6cfa-d7b6-4584-9bd5-efc5d6a346d6
0532ce65-0f2e-4794-8604-39afb26dbcc6,71030900100005,PENGINAPAN SETIA,UMKM,0. Tidak Ditemukan,https://fasih-sm.bps.go.id/app/assignment-detail/0532ce65-0f2e-4794-8604-39afb26dbcc6
092d875c-a295-45ef-9939-6fa92b4bbe63,71030600060001,PEMBUATAN KOPRA (TIMOTIUS) ,UMKM,0. Tidak Ditemukan,https://fasih-sm.bps.go.id/app/assignment-detail/092d875c-a295-45ef-9939-6fa92b4bbe63
0e0b3f12-8707-4c77-b106-ce855d0dba6b,71030900070009,PRAKTEK DOKTER ELVI,UMKM,0. Tidak Ditemukan,https://fasih-sm.bps.go.id/app/assignment-detail/0e0b3f12-8707-4c77-b106-ce855d0dba6b
0e0ee469-b5bb-4c42-bc99-2a33a58e2e49,71030600170002,KOPRA (FRONS),UMKM,0. Tidak Ditemukan,https://fasih-sm.bps.go.id/app/assignment-detail/0e0ee469-b5bb-4c42-bc99-2a33a58e2e49
13a4c535-e723-421e-abf1-755884d80b0a,71030900080004,MAKANAN MASAK JOZEFIEN RAKINAUNG,UMKM,0. Tidak Ditemukan,https://fasih-sm.bps.go.id/app/assignment-detail/13a4c535-e723-421e-abf1-755884d80b0a
13d7dfc9-0d44-435f-baea-85f87b9599f6,71030920030003,USAHA SALON (KETY SALON)(KETSIA SARAPI),UMKM,0. Tidak Ditemukan,https://fasih-sm.bps.go.id/app/assignment-detail/13d7dfc9-0d44-435f-baea-85f87b9599f6
14683e26-976c-45f5-9f6a-13bf703a688d,71030910040007,DEPOT AIR ISI ULANG (ABIGAEL) (ABIGAEL LUKAS) ,UMKM,0. Tidak Ditemukan,https://fasih-sm.bps.go.id/app/assignment-detail/14683e26-976c-45f5-9f6a-13bf703a688d
2b6cdfa6-b925-4d81-9336-a0fd1388e87d,71030700060003,SAYURAN ARINCE WANGKA,UMKM,0. Tidak Ditemukan,https://fasih-sm.bps.go.id/app/assignment-detail/2b6cdfa6-b925-4d81-9336-a0fd1388e87d
2db184a1-bc65-432c-b361-eda2c1871a0b,71031000140002,WARUNG KELONTONG (OLDISAN SANTOSA),UMKM,0. Tidak Ditemukan,https://fasih-sm.bps.go.id/app/assignment-detail/2db184a1-bc65-432c-b361-eda2c1871a0b
332dae80-86d2-44a1-bb29-296037063a29,71030500110001,WARUNG SEMBAKO (ROBBY LALENOH ),UMKM,0. Tidak Ditemukan,https://fasih-sm.bps.go.id/app/assignment-detail/332dae80-86d2-44a1-bb29-296037063a29
332f63c2-99d2-4930-ac43-696d7db71620,71030800120003,TPK PEGIMPOLONGANG,UMKM,0. Tidak Ditemukan,https://fasih-sm.bps.go.id/app/assignment-detail/332f63c2-99d2-4930-ac43-696d7db71620
35d04d1c-d5a5-443f-bc67-6ffe71ce7294,71030400100001,KB BERSATU 1,UMKM,0. Tidak Ditemukan,https://fasih-sm.bps.go.id/app/assignment-detail/35d04d1c-d5a5-443f-bc67-6ffe71ce7294
3a86e05e-ea5d-420a-b8e7-46616f50ef3e,71030900070010,FERRYNANDO TJANDRA,OSS Perorangan,0. Tidak Ditemukan,https://fasih-sm.bps.go.id/app/assignment-detail/3a86e05e-ea5d-420a-b8e7-46616f50ef3e
4275c104-c489-48c5-884f-7b784bebf238,71030700040002,GUDANG BARANG,bangunan_lain,0. Tidak Ditemukan,https://fasih-sm.bps.go.id/app/assignment-detail/4275c104-c489-48c5-884f-7b784bebf238
489066f9-c108-408b-945e-b51a48c170c2,71030920030006,BENGKEL OTO BAS ANTO HERYANTO MINGGU,UMKM,0. Tidak Ditemukan,https://fasih-sm.bps.go.id/app/assignment-detail/489066f9-c108-408b-945e-b51a48c170c2
5294ba5b-0894-47e5-acec-1472a8855362,71030500110001,KENZO CELL (KENLY RIMPULAENG),UMKM,0. Tidak Ditemukan,https://fasih-sm.bps.go.id/app/assignment-detail/5294ba5b-0894-47e5-acec-1472a8855362
5cb0da53-a451-444d-bbdf-cb6e921d0074,71030500110001,DEKI SAURU,OSS Perorangan,0. Tidak Ditemukan,https://fasih-sm.bps.go.id/app/assignment-detail/5cb0da53-a451-444d-bbdf-cb6e921d0074
5d57a520-2f78-4d11-8e2d-1c6e5d3be8b1,71030900070013,PENJUAL REMPAH REMPAH (SAFRUDIN MONOARFA),UMKM,0. Tidak Ditemukan,https://fasih-sm.bps.go.id/app/assignment-detail/5d57a520-2f78-4d11-8e2d-1c6e5d3be8b1
6170ebf0-8c4e-4740-97c5-e055f6720f4b,71030500090003,PERTALITE (JEMI MALOMBEKE),UMKM,0. Tidak Ditemukan,https://fasih-sm.bps.go.id/app/assignment-detail/6170ebf0-8c4e-4740-97c5-e055f6720f4b
61bfa245-6f50-4a47-9c26-066bba0196b6,71031000130001,Perternakan Kambing Malindungan,UMKM,0. Tidak Ditemukan,https://fasih-sm.bps.go.id/app/assignment-detail/61bfa245-6f50-4a47-9c26-066bba0196b6
6241b78c-c624-4086-a011-6e2b3ff0326d,71030910030010,KIOS SEMBAKO VONE (VONNEKE PARERA),UMKM,0. Tidak Ditemukan,https://fasih-sm.bps.go.id/app/assignment-detail/6241b78c-c624-4086-a011-6e2b3ff0326d
67167509-19ef-434d-8764-55170ffeca94,71031000210002,WARUNG KLONTONG (ALI MANGAMBA) ,UMKM,0. Tidak Ditemukan,https://fasih-sm.bps.go.id/app/assignment-detail/67167509-19ef-434d-8764-55170ffeca94
67b84942-fef0-4d8f-9810-8f3c103a580a,71031000190001,Puncak Alfa,UMKM,0. Tidak Ditemukan,https://fasih-sm.bps.go.id/app/assignment-detail/67b84942-fef0-4d8f-9810-8f3c103a580a
6a0e9794-b4cd-434f-a33c-421b296f47ee,71031000280001,USAHA ONLINE (CORY) ,UMKM,0. Tidak Ditemukan,https://fasih-sm.bps.go.id/app/assignment-detail/6a0e9794-b4cd-434f-a33c-421b296f47ee
70e445b9-a0b6-4914-ab73-4ee4e140590c,71030700050002,kelompok sadar wisata Pantai Sapaeng Kuma,UMKM,0. Tidak Ditemukan,https://fasih-sm.bps.go.id/app/assignment-detail/70e445b9-a0b6-4914-ab73-4ee4e140590c
7aecf680-1bd9-47b6-84bc-be0ebdbbd94e,71030500020001,PUSTU MAKALEKUHE,bangunan_lain,0. Tidak Ditemukan,https://fasih-sm.bps.go.id/app/assignment-detail/7aecf680-1bd9-47b6-84bc-be0ebdbbd94e
7bfab4c1-783f-4178-821c-d414148facdc,71030900120004,FOTOKOPI DWIPUTRA MAURENS,UMKM,0. Tidak Ditemukan,https://fasih-sm.bps.go.id/app/assignment-detail/7bfab4c1-783f-4178-821c-d414148facdc
89ebc880-edc4-414e-9785-a626b71aab08,71030400110006,INDUSTRI KOPRA NOPE,UMKM,0. Tidak Ditemukan,https://fasih-sm.bps.go.id/app/assignment-detail/89ebc880-edc4-414e-9785-a626b71aab08
8d194bae-faba-475b-a670-9150491d2db8,71030910040003,FAMILY MOTOR (ESRAHAN TAWILANG),UMKM,0. Tidak Ditemukan,https://fasih-sm.bps.go.id/app/assignment-detail/8d194bae-faba-475b-a670-9150491d2db8
93bc5eca-1b34-4f1d-989a-615ee88aace3,71030500110001,PENGOLAHAN KUE BASAH ( ASNA TAKAHEPIS),UMKM,0. Tidak Ditemukan,https://fasih-sm.bps.go.id/app/assignment-detail/93bc5eca-1b34-4f1d-989a-615ee88aace3
994d6e84-e34d-4c17-b6b3-96a5008082d7,71031010030003,WARUNG SEMBAKO (HETTY),UMKM,0. Tidak Ditemukan,https://fasih-sm.bps.go.id/app/assignment-detail/994d6e84-e34d-4c17-b6b3-96a5008082d7
9c064ac0-496a-445a-8b4d-a931689a1b80,71031000020001,KOPRA (ERIK MANUMPIL ,UMKM,0. Tidak Ditemukan,https://fasih-sm.bps.go.id/app/assignment-detail/9c064ac0-496a-445a-8b4d-a931689a1b80
a9999900-41c0-4842-bc21-7f0c38ec51a2,71030600200001,KUE BASAH (MERRY),UMKM,0. Tidak Ditemukan,https://fasih-sm.bps.go.id/app/assignment-detail/a9999900-41c0-4842-bc21-7f0c38ec51a2
ba4e94d6-9ffa-4f3a-b23c-545459204d28,71030800110003,BABERSHOP,bangunan_lain,0. Tidak Ditemukan,https://fasih-sm.bps.go.id/app/assignment-detail/ba4e94d6-9ffa-4f3a-b23c-545459204d28
c3e24345-d8d4-4358-8a37-cc020eb0bb56,71031000140001,JUALAN BENSIN (OSTOFIN KOBIS),UMKM,0. Tidak Ditemukan,https://fasih-sm.bps.go.id/app/assignment-detail/c3e24345-d8d4-4358-8a37-cc020eb0bb56
d11d870e-a503-47a7-8a82-550c463ef93f,71030900080004,RUMAH DINAS,bangunan_lain,0. Tidak Ditemukan,https://fasih-sm.bps.go.id/app/assignment-detail/d11d870e-a503-47a7-8a82-550c463ef93f
dbc96ad9-af4b-4b65-8b19-d547837ccdbf,71030400120004,MENJUAL BENSIN ENCERAN (SONISHYN RAKINAUNG),UMKM,0. Tidak Ditemukan,https://fasih-sm.bps.go.id/app/assignment-detail/dbc96ad9-af4b-4b65-8b19-d547837ccdbf
dbd53b34-7172-4b04-813a-02f629bac7b2,71030400060001,KUBE FAKIR MISKIN,UMKM,0. Tidak Ditemukan,https://fasih-sm.bps.go.id/app/assignment-detail/dbd53b34-7172-4b04-813a-02f629bac7b2
ecc6e563-6144-4a67-ad2c-6514ab13c09c,71031000090002,WARUNG MAKAN SYAIFUL,UMKM,0. Tidak Ditemukan,https://fasih-sm.bps.go.id/app/assignment-detail/ecc6e563-6144-4a67-ad2c-6514ab13c09c
f8910cc5-f5ca-48ca-b812-fcf8be3c0a00,71030910080005,CABO (WITJE H MEDELLU),UMKM,0. Tidak Ditemukan,https://fasih-sm.bps.go.id/app/assignment-detail/f8910cc5-f5ca-48ca-b812-fcf8be3c0a00
fef05678-c01e-41ab-8c6d-4f90cf4830af,71030900120005,PANGKAS RAMBUT UNCLE -B CHRISTIAN WIENFRIED DOLONTELIDE ,UMKM,0. Tidak Ditemukan,https://fasih-sm.bps.go.id/app/assignment-detail/fef05678-c01e-41ab-8c6d-4f90cf4830af
0c178533-f961-454a-b6c8-c0781e667fbd,71030900100006,BENSIN ECERAN (JONES),UMKM,0. Tidak Ditemukan,https://fasih-sm.bps.go.id/app/assignment-detail/0c178533-f961-454a-b6c8-c0781e667fbd
6ec9c637-63ce-45f9-b0a1-1a9c59c031c2,71030900130012,FEMINA SARI KAWUKA,OSS Perorangan,0. Tidak Ditemukan,https://fasih-sm.bps.go.id/app/assignment-detail/6ec9c637-63ce-45f9-b0a1-1a9c59c031c2
8d710f2a-47fa-451e-a537-7ff6e044b7db,71030500090003,WARUNG SEMBAKO(ZENI KAONTOL),UMKM,0. Tidak Ditemukan,https://fasih-sm.bps.go.id/app/assignment-detail/8d710f2a-47fa-451e-a537-7ff6e044b7db
9caa49cb-9be1-4fa8-889d-18eb5ce9462b,71030500110001,TRANSPORTASI MOTOR (NAFTALI SAHENE),UMKM,0. Tidak Ditemukan,https://fasih-sm.bps.go.id/app/assignment-detail/9caa49cb-9be1-4fa8-889d-18eb5ce9462b
add2285c-bcb8-44f6-8ab3-c01f114f29bf,71030500110001,INDUSTRI PENGOLAHAN KOPRA (ISMAIL LIMPONG),UMKM,0. Tidak Ditemukan,https://fasih-sm.bps.go.id/app/assignment-detail/add2285c-bcb8-44f6-8ab3-c01f114f29bf
d379a5a9-029d-4bbd-b73a-54e9a002db90,71030900070003,"KHARISMA JAYA TAMA, PT",UMKM,0. Tidak Ditemukan,https://fasih-sm.bps.go.id/app/assignment-detail/d379a5a9-029d-4bbd-b73a-54e9a002db90
ee57cf6c-47de-4d62-b882-5a648958eff6,71030500160001,TOKO OBAT (SANCE),UMKM,0. Tidak Ditemukan,https://fasih-sm.bps.go.id/app/assignment-detail/ee57cf6c-47de-4d62-b882-5a648958eff6
567b6669-06df-4083-b2ec-0624095dcbda,71030900070004,SALON IFKEH,UMKM,0. Tidak Ditemukan,https://fasih-sm.bps.go.id/app/assignment-detail/567b6669-06df-4083-b2ec-0624095dcbda
770da88a-80c4-4a93-a411-0f734a050769,71030910040010,TAMAN PENITIPAN ANAK CERDAS CENDEKIA SKB SANGIHE TONA I,UMKM,0. Tidak Ditemukan,https://fasih-sm.bps.go.id/app/assignment-detail/770da88a-80c4-4a93-a411-0f734a050769
10b443b4-a638-470f-b29e-4e3538630f8e,71030900100004,,bangunan_lain,0. Tidak Ditemukan,https://fasih-sm.bps.go.id/app/assignment-detail/10b443b4-a638-470f-b29e-4e3538630f8e
1a1f8fb2-0437-4b5f-9df8-67a3ff95866d,71030900070002,,UMKM,0. Tidak Ditemukan,https://fasih-sm.bps.go.id/app/assignment-detail/1a1f8fb2-0437-4b5f-9df8-67a3ff95866d
1f6aae5c-0d32-4f55-a193-f1b8d037e7a0,71030900100003,ENI LARENGKA ENI LARENGKA ,UMKM,0. Tidak Ditemukan,https://fasih-sm.bps.go.id/app/assignment-detail/1f6aae5c-0d32-4f55-a193-f1b8d037e7a0
20a33ccc-68c2-4901-a57c-e3752a8b3b78,71030900100004,MULTITECK PRINTING,UMKM,0. Tidak Ditemukan,https://fasih-sm.bps.go.id/app/assignment-detail/20a33ccc-68c2-4901-a57c-e3752a8b3b78
26e4f8d8-382e-4ef5-ab17-25b0c3c2eb8b,71031100060005,BANGUNAN TEMPAT PEMBUATAN KOPRA,bangunan_lain,0. Tidak Ditemukan,https://fasih-sm.bps.go.id/app/assignment-detail/26e4f8d8-382e-4ef5-ab17-25b0c3c2eb8b
2e752d28-d472-4848-bef5-57bb2f2960bb,71030500110002,SKRIVEN,OSS Perorangan,0. Tidak Ditemukan,https://fasih-sm.bps.go.id/app/assignment-detail/2e752d28-d472-4848-bef5-57bb2f2960bb
2fe850e7-f6c8-4929-a1d4-a6b49098041b,71031000050003,VOCHER WIFI (SANDI),UMKM,0. Tidak Ditemukan,https://fasih-sm.bps.go.id/app/assignment-detail/2fe850e7-f6c8-4929-a1d4-a6b49098041b
333bbc4c-8377-40b5-bec7-66e59a8488f4,71031000100002,PEMBUAT KUE (MAHANI),UMKM,0. Tidak Ditemukan,https://fasih-sm.bps.go.id/app/assignment-detail/333bbc4c-8377-40b5-bec7-66e59a8488f4
38b479e4-5480-4d1b-94d9-956872805829,71030700060004,SAYURAN (WELMIN SILIMBULANG) ,UMKM,0. Tidak Ditemukan,https://fasih-sm.bps.go.id/app/assignment-detail/38b479e4-5480-4d1b-94d9-956872805829
58564532-014f-4216-be13-81a33c276074,71031000240001,USAHA PENGGERGAJIAN (AHMAD) ,UMKM,0. Tidak Ditemukan,https://fasih-sm.bps.go.id/app/assignment-detail/58564532-014f-4216-be13-81a33c276074
66838f35-0cfc-4034-a3eb-6c17ae118348,71030920040005,GEREJA BETHEL KARMEL,bangunan_lain,0. Tidak Ditemukan,https://fasih-sm.bps.go.id/app/assignment-detail/66838f35-0cfc-4034-a3eb-6c17ae118348
68d64918-b86d-4c9a-ad33-038d666d514c,71030410030001,PENJUALAN PULSA HP KRISYE,UMKM,0. Tidak Ditemukan,https://fasih-sm.bps.go.id/app/assignment-detail/68d64918-b86d-4c9a-ad33-038d666d514c
70833497-d164-4993-bc9a-96ca6b58cfde,71030400100001,,OSS Perorangan,0. Tidak Ditemukan,https://fasih-sm.bps.go.id/app/assignment-detail/70833497-d164-4993-bc9a-96ca6b58cfde
72c14c9d-813a-4b7b-86ca-ed65a8510c59,71030400120001,,UMKM,0. Tidak Ditemukan,https://fasih-sm.bps.go.id/app/assignment-detail/72c14c9d-813a-4b7b-86ca-ed65a8510c59
76c91850-ff13-46ed-93cd-ea07d73e332d,71030600170002,,UMKM,0. Tidak Ditemukan,https://fasih-sm.bps.go.id/app/assignment-detail/76c91850-ff13-46ed-93cd-ea07d73e332d
789f1f44-0ec5-4020-8ff6-cb3c3774db65,71030900070006,KUE BASAH (EVELINE JEANETTE MANOY),UMKM,0. Tidak Ditemukan,https://fasih-sm.bps.go.id/app/assignment-detail/789f1f44-0ec5-4020-8ff6-cb3c3774db65
84ac450c-acc7-4acb-9c31-d2c016244cb4,71031000020001,KOPRA (EBRITSON MANDAK),UMKM,0. Tidak Ditemukan,https://fasih-sm.bps.go.id/app/assignment-detail/84ac450c-acc7-4acb-9c31-d2c016244cb4
8a525fed-33e8-40d7-9dc7-7ac28f464758,71030410040003,INDUSTRI KOPRA YEDAME KASESIDE,UMKM,0. Tidak Ditemukan,https://fasih-sm.bps.go.id/app/assignment-detail/8a525fed-33e8-40d7-9dc7-7ac28f464758
8ec5ccb7-e66b-4560-801b-0c5b12e40b0f,71030600170003,KOPRA (SAMSUDIN MANDIANGAN),UMKM,0. Tidak Ditemukan,https://fasih-sm.bps.go.id/app/assignment-detail/8ec5ccb7-e66b-4560-801b-0c5b12e40b0f
998184bf-6c9e-47f1-b268-1e8ff03484eb,71030500110001,WARUNG MAKAN (ALFRETD RAMPISELA ),UMKM,0. Tidak Ditemukan,https://fasih-sm.bps.go.id/app/assignment-detail/998184bf-6c9e-47f1-b268-1e8ff03484eb
9b7adad8-b845-4700-ac2b-690acdeefcf4,71031000050004,KUE BASAH (UTA),UMKM,0. Tidak Ditemukan,https://fasih-sm.bps.go.id/app/assignment-detail/9b7adad8-b845-4700-ac2b-690acdeefcf4
9d04c721-063a-4e8f-bb90-8a33db054929,71030620010006,BKAD KEC TABSELTRA,UMKM,0. Tidak Ditemukan,https://fasih-sm.bps.go.id/app/assignment-detail/9d04c721-063a-4e8f-bb90-8a33db054929
a105a68b-19ab-448a-b610-b193ee2bd062,71030400080001,JUAL KUE BASAH NURLAELI SIOKONA,UMKM,0. Tidak Ditemukan,https://fasih-sm.bps.go.id/app/assignment-detail/a105a68b-19ab-448a-b610-b193ee2bd062
acb9ce07-254c-420e-9d42-d0d985e53e9a,71030800030001,USAHA BENSIN (OLIVIA),UMKM,0. Tidak Ditemukan,https://fasih-sm.bps.go.id/app/assignment-detail/acb9ce07-254c-420e-9d42-d0d985e53e9a
ace466ea-ed40-49e7-b878-22f46b51d775,71030600170002,KOPRA (MEI DALEDA),UMKM,0. Tidak Ditemukan,https://fasih-sm.bps.go.id/app/assignment-detail/ace466ea-ed40-49e7-b878-22f46b51d775
b98df60f-6d10-4660-9fcf-8f03db17db83,71031000050004,KOPI BUBUK JAHE (SAMSIA MAKAMINAN),UMKM,0. Tidak Ditemukan,https://fasih-sm.bps.go.id/app/assignment-detail/b98df60f-6d10-4660-9fcf-8f03db17db83
bcab9bbd-3fff-4e25-ba27-0038417d930b,71030900140007,HAYANA CARWASH,UMKM,0. Tidak Ditemukan,https://fasih-sm.bps.go.id/app/assignment-detail/bcab9bbd-3fff-4e25-ba27-0038417d930b
bcb1ad9e-fc0d-4700-985f-b2e521457a22,71031000230002,SD MUHAMMADIYAH PETTA ,UMKM,0. Tidak Ditemukan,https://fasih-sm.bps.go.id/app/assignment-detail/bcb1ad9e-fc0d-4700-985f-b2e521457a22
bd66e2ca-fdfc-4fd9-bc0e-fe966739ff00,71030900100005,KANTIN SEHAT SDN 1 TAHUNA (BLANDINA BOHAM) ,UMKM,0. Tidak Ditemukan,https://fasih-sm.bps.go.id/app/assignment-detail/bd66e2ca-fdfc-4fd9-bc0e-fe966739ff00
c838a301-d23b-478e-a1a7-1ceabc90091d,71030910040004,OJEK MOTOR (FRANS SALINDEHO MENGGALOMO),UMKM,0. Tidak Ditemukan,https://fasih-sm.bps.go.id/app/assignment-detail/c838a301-d23b-478e-a1a7-1ceabc90091d
c8f769d5-4d92-44d9-871e-6ec2292dd46c,71030400100001,FOTOKOPI ,OSS Perorangan,0. Tidak Ditemukan,https://fasih-sm.bps.go.id/app/assignment-detail/c8f769d5-4d92-44d9-871e-6ec2292dd46c
cbaa8180-4381-4e93-9cd0-a4adf72a50c1,71030920040003,TAHUNA BARAT,UMKM,0. Tidak Ditemukan,https://fasih-sm.bps.go.id/app/assignment-detail/cbaa8180-4381-4e93-9cd0-a4adf72a50c1
d2e43d3e-5048-4d1d-a2ad-a976feec38f3,71030620050002,PENGOLAHAN KELAPA MENJADI KOPRA (OBADJA MAPALAKU) ,UMKM,0. Tidak Ditemukan,https://fasih-sm.bps.go.id/app/assignment-detail/d2e43d3e-5048-4d1d-a2ad-a976feec38f3
df93a6a0-ed2a-493d-a366-8d21bb8b9fdc,71030800090004,USAHA BENSIN (WESLY MAKAWEKES),UMKM,0. Tidak Ditemukan,https://fasih-sm.bps.go.id/app/assignment-detail/df93a6a0-ed2a-493d-a366-8d21bb8b9fdc
e4067478-731e-4d87-8164-267ee4be5da6,71031000100003,INDUSTRI KOPRA (KAHARUDIN),UMKM,0. Tidak Ditemukan,https://fasih-sm.bps.go.id/app/assignment-detail/e4067478-731e-4d87-8164-267ee4be5da6
f096b6c0-3855-4977-845a-762aa0d0dbe2,71030500130004,PENJUALAN PULSA (HENDRIK TINTAMANIS),UMKM,0. Tidak Ditemukan,https://fasih-sm.bps.go.id/app/assignment-detail/f096b6c0-3855-4977-845a-762aa0d0dbe2
f9c03456-681a-428b-a4cd-15f4265cb8af,71030700090001,PENGOLAHAN KOPRA UNTUNG JUNUS ODAMENG,UMKM,0. Tidak Ditemukan,https://fasih-sm.bps.go.id/app/assignment-detail/f9c03456-681a-428b-a4cd-15f4265cb8af
1e6716b4-c153-4fa1-8911-9e7ac6b50f3b,71031000250001,BANGUNAN RUMAH,bangunan_lain,0. Tidak Ditemukan,https://fasih-sm.bps.go.id/app/assignment-detail/1e6716b4-c153-4fa1-8911-9e7ac6b50f3b
283b3f89-997a-4621-9ef5-1fb34f1bea19,71030900100004,MEIDY SALON (MYLDA IVONE MANGILE) ,UMKM,0. Tidak Ditemukan,https://fasih-sm.bps.go.id/app/assignment-detail/283b3f89-997a-4621-9ef5-1fb34f1bea19
8636ee92-eb53-4949-80bc-19ccf3ee6736,71030910070002,KIOS SEMBAKO (PERNANDO VIKY TAMPUNGAN),UMKM,0. Tidak Ditemukan,https://fasih-sm.bps.go.id/app/assignment-detail/8636ee92-eb53-4949-80bc-19ccf3ee6736
c65c53b5-2196-4e90-af21-6815dd91acbc,71030900070007,CHRISTIAN NATANAEL LALUYAN,OSS Perorangan,0. Tidak Ditemukan,https://fasih-sm.bps.go.id/app/assignment-detail/c65c53b5-2196-4e90-af21-6815dd91acbc
df8ac7a5-1a25-416f-b906-8b1cd53dd2a6,71031000240002,JUALAN ES CUKUR (DAHLIATI,UMKM,0. Tidak Ditemukan,https://fasih-sm.bps.go.id/app/assignment-detail/df8ac7a5-1a25-416f-b906-8b1cd53dd2a6
e6d8271f-a178-4cd3-9abe-b4a80a29c62c,71030500110001,TOKO SEMBAKO (HANDRY CHANDRA),UMKM,0. Tidak Ditemukan,https://fasih-sm.bps.go.id/app/assignment-detail/e6d8271f-a178-4cd3-9abe-b4a80a29c62c
82d1ebba-106f-4181-812e-44f7ca60663f,71030400120001,PENJUAL BUAH - BUAHAN (FEBY LONTOH),UMKM,0. Tidak Ditemukan,https://fasih-sm.bps.go.id/app/assignment-detail/82d1ebba-106f-4181-812e-44f7ca60663f
a509c92a-5002-407b-8d15-ef1da5247d04,71030700050003,IKAN SEGAR KRISNA FRIDA SALINDEHO,UMKM,0. Tidak Ditemukan,https://fasih-sm.bps.go.id/app/assignment-detail/a509c92a-5002-407b-8d15-ef1da5247d04
b3b4cbd2-ce3c-4618-98ef-95d8e0ddf8b1,71030800130002,DEFIS SASUE,OSS Perorangan,0. Tidak Ditemukan,https://fasih-sm.bps.go.id/app/assignment-detail/b3b4cbd2-ce3c-4618-98ef-95d8e0ddf8b1
cc1bd262-511c-4746-bf81-a74b7a1a55fd,71030700090003,Teluk Talengen,UMKM,0. Tidak Ditemukan,https://fasih-sm.bps.go.id/app/assignment-detail/cc1bd262-511c-4746-bf81-a74b7a1a55fd
d62efcdb-1a51-4a0e-8b18-4d6060223a04,71030700060001,SAYURAN FERDERIKA TEMPOMONA,UMKM,0. Tidak Ditemukan,https://fasih-sm.bps.go.id/app/assignment-detail/d62efcdb-1a51-4a0e-8b18-4d6060223a04
fda2fb03-5f31-4cc6-b508-e97d4c6d1966,71030500110001,WARUNG SEMBAKO (ALWITJE KUNSIANG),UMKM,0. Tidak Ditemukan,https://fasih-sm.bps.go.id/app/assignment-detail/fda2fb03-5f31-4cc6-b508-e97d4c6d1966
1dd45a1a-5aed-4bb7-b335-42d10ab35881,71031000260001,PEMECAH BATU JMUHAMAD,UMKM,0. Tidak Ditemukan,https://fasih-sm.bps.go.id/app/assignment-detail/1dd45a1a-5aed-4bb7-b335-42d10ab35881
1988c24a-1f1a-4b3b-b866-7bc5d59fb53d,71030400110008,WARUNG SEMBAKO (SERLY),UMKM,0. Tidak Ditemukan,https://fasih-sm.bps.go.id/app/assignment-detail/1988c24a-1f1a-4b3b-b866-7bc5d59fb53d
1f9edf1b-1f09-4998-8593-62c65ea587d0,71030910050005,USAHA KEDAI MAKANAN QUEAN ERIK PALANDI,UMKM,0. Tidak Ditemukan,https://fasih-sm.bps.go.id/app/assignment-detail/1f9edf1b-1f09-4998-8593-62c65ea587d0
2206cb34-d100-4a19-8628-2fea3ad0c77b,71030900130003,AFRIANTO MAIKEL TUWO,UMKM,0. Tidak Ditemukan,https://fasih-sm.bps.go.id/app/assignment-detail/2206cb34-d100-4a19-8628-2fea3ad0c77b
29432dd5-f9da-4926-8d86-c0cadd59224f,71030500050001,WARUNG SEMBAKO ,UMKM,0. Tidak Ditemukan,https://fasih-sm.bps.go.id/app/assignment-detail/29432dd5-f9da-4926-8d86-c0cadd59224f
2a5e59ef-3bf5-48f5-a44c-76b94a0d8373,71031000050004,WARUNG SEMBAKO (SARIPAH MAKAHIKING),UMKM,0. Tidak Ditemukan,https://fasih-sm.bps.go.id/app/assignment-detail/2a5e59ef-3bf5-48f5-a44c-76b94a0d8373
40a4fc93-303b-42ff-9a99-6c06290e6c0e,71031000030003,FITRIANI TAMPILANG,OSS Perorangan,0. Tidak Ditemukan,https://fasih-sm.bps.go.id/app/assignment-detail/40a4fc93-303b-42ff-9a99-6c06290e6c0e
4551c24f-d863-49c5-8f6a-f14f10a5e840,71030400160002,PAUD PERMATA BUNDA,UMKM,0. Tidak Ditemukan,https://fasih-sm.bps.go.id/app/assignment-detail/4551c24f-d863-49c5-8f6a-f14f10a5e840
45a8697c-8830-47e0-9a3a-8cb19c4219d2,71031000040004,PENGGERGAJIAN KAYU (SAWAL),UMKM,0. Tidak Ditemukan,https://fasih-sm.bps.go.id/app/assignment-detail/45a8697c-8830-47e0-9a3a-8cb19c4219d2
515f6428-5c70-4057-91d4-eb929db9c989,71030910040001,JOHNY STEVEN MANOPPO,OSS Perorangan,0. Tidak Ditemukan,https://fasih-sm.bps.go.id/app/assignment-detail/515f6428-5c70-4057-91d4-eb929db9c989
5e7b36cd-861e-4081-ae89-8824938ae715,71030500080003,WARUNG SEMBAKO (YENNI TELY),UMKM,0. Tidak Ditemukan,https://fasih-sm.bps.go.id/app/assignment-detail/5e7b36cd-861e-4081-ae89-8824938ae715
6412adaa-0847-431a-a45b-4f81244b9956,71031100080002,WARUNG SEMBAKO (TIRIA),UMKM,0. Tidak Ditemukan,https://fasih-sm.bps.go.id/app/assignment-detail/6412adaa-0847-431a-a45b-4f81244b9956
66d43ab1-08f9-4859-96df-98d2d7fa1d77,71030600100001,MENJUAL BENSIN,UMKM,0. Tidak Ditemukan,https://fasih-sm.bps.go.id/app/assignment-detail/66d43ab1-08f9-4859-96df-98d2d7fa1d77
6e9d38ab-c2b5-4fe2-a952-4f7faee36037,71031000230001,TOKO SEMBAKO (ATRI),UMKM,0. Tidak Ditemukan,https://fasih-sm.bps.go.id/app/assignment-detail/6e9d38ab-c2b5-4fe2-a952-4f7faee36037
6f34c0de-15f7-43b7-ac2c-a10969ce75ca,71030600170003,KELOMPOK TANI TAMPUNGANG,UMKM,0. Tidak Ditemukan,https://fasih-sm.bps.go.id/app/assignment-detail/6f34c0de-15f7-43b7-ac2c-a10969ce75ca
6f88201f-2d4f-4562-a721-d25feed9833d,71030900100005,KONTER KERIPIK PISANG (DEIBI SAFITRI ISMAIL) ,UMKM,0. Tidak Ditemukan,https://fasih-sm.bps.go.id/app/assignment-detail/6f88201f-2d4f-4562-a721-d25feed9833d
8e3c8eba-7071-4586-853b-45b2b6e3512f,71030600060001,MENGOLAH KELAPA (RINI YARSI YONGE) ,UMKM,0. Tidak Ditemukan,https://fasih-sm.bps.go.id/app/assignment-detail/8e3c8eba-7071-4586-853b-45b2b6e3512f
902a2029-ef76-4a74-9139-7713f90ef1e8,71030500060002,LOS PASAR IKAN (ONICE KADOME) ,UMKM,0. Tidak Ditemukan,https://fasih-sm.bps.go.id/app/assignment-detail/902a2029-ef76-4a74-9139-7713f90ef1e8
97bc24d5-9a2c-4f6f-9646-513d3a067c72,71030500080003,PEMBUATAN KACANG (EKNA OLENG),UMKM,0. Tidak Ditemukan,https://fasih-sm.bps.go.id/app/assignment-detail/97bc24d5-9a2c-4f6f-9646-513d3a067c72
9ad4aeab-c185-469e-9294-fa2f062e3d26,71030400110008,KIOS SEMBAKO (RIKO),UMKM,0. Tidak Ditemukan,https://fasih-sm.bps.go.id/app/assignment-detail/9ad4aeab-c185-469e-9294-fa2f062e3d26
c4dc8838-d916-4af3-85a8-80abf637e323,71030620030001,OJEK MOTOR (YUSUF),UMKM,0. Tidak Ditemukan,https://fasih-sm.bps.go.id/app/assignment-detail/c4dc8838-d916-4af3-85a8-80abf637e323
e29ab68e-2230-4239-be6e-54ba91ff5df4,71030610020001,"BANGUNAN KANTOR LPM, MTK",bangunan_lain,0. Tidak Ditemukan,https://fasih-sm.bps.go.id/app/assignment-detail/e29ab68e-2230-4239-be6e-54ba91ff5df4
ecd72911-18fe-445e-9376-12b7964584b9,71031000120001,KOPRA (MASRI),UMKM,0. Tidak Ditemukan,https://fasih-sm.bps.go.id/app/assignment-detail/ecd72911-18fe-445e-9376-12b7964584b9
ee82dfe8-8d8b-484e-9587-3ee781ad707c,71030610030002,WARUNG SEMBAKO ROSALI DALISANG,UMKM,0. Tidak Ditemukan,https://fasih-sm.bps.go.id/app/assignment-detail/ee82dfe8-8d8b-484e-9587-3ee781ad707c
fcbcb3ee-d2ff-47c7-965f-73495f559960,71030500110001,TUKANG PIJAT (MARIANA GAGHANSA),UMKM,0. Tidak Ditemukan,https://fasih-sm.bps.go.id/app/assignment-detail/fcbcb3ee-d2ff-47c7-965f-73495f559960
09b539df-20fd-459b-945c-9df2d839026c,71030900070009,TOKO SEPATU NUR SEHA MINABARI ,UMKM,0. Tidak Ditemukan,https://fasih-sm.bps.go.id/app/assignment-detail/09b539df-20fd-459b-945c-9df2d839026c
3d31a03f-cecd-44e3-9a18-f89d527f70d4,71030900070013,PENYEDIAAN MARTABAK DAN ES SERUT (ACHMAD) (ACHMAD NAU),UMKM,0. Tidak Ditemukan,https://fasih-sm.bps.go.id/app/assignment-detail/3d31a03f-cecd-44e3-9a18-f89d527f70d4
d6f0abcf-ab1b-44f5-8edd-d014b7960023,71030900100004,TOKO ANUGERAH ( HEIGEL FEBRY INKIRIWANG ) ,UMKM,0. Tidak Ditemukan,https://fasih-sm.bps.go.id/app/assignment-detail/d6f0abcf-ab1b-44f5-8edd-d014b7960023
0da9942d-7318-408d-bf49-d68fe7037ec9,71030910030010,RUMAH MAKAN UMMI ALL (AISA SALEH BACHMID),UMKM,0. Tidak Ditemukan,https://fasih-sm.bps.go.id/app/assignment-detail/0da9942d-7318-408d-bf49-d68fe7037ec9
459c4554-e3e9-4a90-afb0-bc10df9c7a95,71030400120001,TOKO PAKAIAN (SYURYA ABDUL MALIK),UMKM,0. Tidak Ditemukan,https://fasih-sm.bps.go.id/app/assignment-detail/459c4554-e3e9-4a90-afb0-bc10df9c7a95
57e7ee90-7f69-475c-92fe-4d79b4fc386e,71030900070004,MICHAEL GAGHANA,OSS Perorangan,0. Tidak Ditemukan,https://fasih-sm.bps.go.id/app/assignment-detail/57e7ee90-7f69-475c-92fe-4d79b4fc386e
790602e6-b61a-4384-a707-4aca027dc30b,71030500110001,PEDAGANG PERALATAN LISTRIK RUMAH TANGGA (HAS POBELA),UMKM,0. Tidak Ditemukan,https://fasih-sm.bps.go.id/app/assignment-detail/790602e6-b61a-4384-a707-4aca027dc30b
a566efc8-371d-436c-8f5c-0fa40ffff676,71030400100001,MAKANAN JADI,UMKM,0. Tidak Ditemukan,https://fasih-sm.bps.go.id/app/assignment-detail/a566efc8-371d-436c-8f5c-0fa40ffff676
ae16be86-00e4-4975-a2b3-86d1b08ff67f,71030700020005,KUE BASAH SELPIA HOROMAENG,UMKM,0. Tidak Ditemukan,https://fasih-sm.bps.go.id/app/assignment-detail/ae16be86-00e4-4975-a2b3-86d1b08ff67f
bc1bb1a3-e056-4e67-8827-80beae073a55,71030500090003,INDUSTRI KOPRA(ANSELMA),UMKM,0. Tidak Ditemukan,https://fasih-sm.bps.go.id/app/assignment-detail/bc1bb1a3-e056-4e67-8827-80beae073a55
c4a88c13-43d5-421a-8b7e-68e48ea152fc,71030500110001,RUMAH MAKAN (MASITA HARUN),UMKM,0. Tidak Ditemukan,https://fasih-sm.bps.go.id/app/assignment-detail/c4a88c13-43d5-421a-8b7e-68e48ea152fc
017c8ce7-4dca-4d85-9d70-c0ec5982e781,71030400120004,MENJUAL BENSIN ENCERAN (NOLFIAN BULAMBAE),UMKM,0. Tidak Ditemukan,https://fasih-sm.bps.go.id/app/assignment-detail/017c8ce7-4dca-4d85-9d70-c0ec5982e781
0a32d9b1-1c16-4ba1-8b53-b746d126da92,71030910040001,UD CHRISAN,UMKM,0. Tidak Ditemukan,https://fasih-sm.bps.go.id/app/assignment-detail/0a32d9b1-1c16-4ba1-8b53-b746d126da92
0be7f6cb-bc7d-4aac-b150-7cf52bacbf84,71031000030003,KOPRA (JERIANTO),OSS Perorangan,0. Tidak Ditemukan,https://fasih-sm.bps.go.id/app/assignment-detail/0be7f6cb-bc7d-4aac-b150-7cf52bacbf84
0bfd5d0c-1db0-4c23-bb63-17cfdca4e3b3,71031010052001,DUMMY,dummy,0. Tidak Ditemukan,https://fasih-sm.bps.go.id/app/assignment-detail/0bfd5d0c-1db0-4c23-bb63-17cfdca4e3b3
1e98faea-c009-4a0c-9e23-a049dbb8c034,71031000090006,BANGUNAN PARA PARA KOPRA SAMPING FELIX BAWOTONG,bangunan_lain,0. Tidak Ditemukan,https://fasih-sm.bps.go.id/app/assignment-detail/1e98faea-c009-4a0c-9e23-a049dbb8c034
27fb6bad-dcb9-4787-a6eb-516f810856e2,71030500060003,BANGUNAN GEREJA KEMAH INJIL,bangunan_lain,0. Tidak Ditemukan,https://fasih-sm.bps.go.id/app/assignment-detail/27fb6bad-dcb9-4787-a6eb-516f810856e2
2bf899c8-468b-4762-9f2f-1af3a0b29975,71030400100001,PANGKAS RAMBUT,UMKM,0. Tidak Ditemukan,https://fasih-sm.bps.go.id/app/assignment-detail/2bf899c8-468b-4762-9f2f-1af3a0b29975
2ef18e05-9fc2-499a-b99c-f3b0d634c37f,71030600140002,TUKANG OJEK (BESI),UMKM,0. Tidak Ditemukan,https://fasih-sm.bps.go.id/app/assignment-detail/2ef18e05-9fc2-499a-b99c-f3b0d634c37f
358478ed-161e-43d9-ad1b-3e9ee9e92f80,71031000280003,PANGKALAN MINYAK TANAH (OTNIEL REINHARD LAHEA),UMKM,0. Tidak Ditemukan,https://fasih-sm.bps.go.id/app/assignment-detail/358478ed-161e-43d9-ad1b-3e9ee9e92f80
367ad870-23c1-4f98-9a66-644a7c5e68c1,71030400080001,JUAL KUE BASAH HAMIN TEBO,UMKM,0. Tidak Ditemukan,https://fasih-sm.bps.go.id/app/assignment-detail/367ad870-23c1-4f98-9a66-644a7c5e68c1
3d03adfb-098a-42ce-8333-822a81440b4e,71030900120010,EMBUN HERMON ANGELIA CHRISTIANI DALOPE ,UMKM,0. Tidak Ditemukan,https://fasih-sm.bps.go.id/app/assignment-detail/3d03adfb-098a-42ce-8333-822a81440b4e
42f104fd-f2df-4f7f-8dec-784acc6f4b53,71030700020004,PENJUAL IKAN SEGAR NOVITA,UMKM,0. Tidak Ditemukan,https://fasih-sm.bps.go.id/app/assignment-detail/42f104fd-f2df-4f7f-8dec-784acc6f4b53
43a021df-80eb-4105-8e72-bbed1fad9c78,71030500100001,WARUNG SEMBAKO( APDI ),UMKM,0. Tidak Ditemukan,https://fasih-sm.bps.go.id/app/assignment-detail/43a021df-80eb-4105-8e72-bbed1fad9c78
45cdea84-ecab-40ce-8919-2cdb554e5f6d,71030920030006,PUSKESMAS TAHUNA BARAT,OSS Badan Usaha,0. Tidak Ditemukan,https://fasih-sm.bps.go.id/app/assignment-detail/45cdea84-ecab-40ce-8919-2cdb554e5f6d
5be006a3-fdcf-48ee-a3f1-d9068208398b,71030910040006,"TOSINDOVIMA, CV",OSS Badan Usaha,0. Tidak Ditemukan,https://fasih-sm.bps.go.id/app/assignment-detail/5be006a3-fdcf-48ee-a3f1-d9068208398b
69cdf487-f6c3-4b6e-8fc4-e832236ebdb6,71030900100003,WARUNG KELONTONG ABDUL RAUF DJAMALUDDIN,UMKM,0. Tidak Ditemukan,https://fasih-sm.bps.go.id/app/assignment-detail/69cdf487-f6c3-4b6e-8fc4-e832236ebdb6
6e024156-c333-4b30-b99c-8bb34ee74ae9,71030500110001,TRANSPORTASI BENTOR ( NOVA ARMANS MANGADIL),UMKM,0. Tidak Ditemukan,https://fasih-sm.bps.go.id/app/assignment-detail/6e024156-c333-4b30-b99c-8bb34ee74ae9
7d94b42a-bf16-4c68-b8ec-7019e613a700,71030620020001,SEKOLAH PAUD BASAUH,UMKM,0. Tidak Ditemukan,https://fasih-sm.bps.go.id/app/assignment-detail/7d94b42a-bf16-4c68-b8ec-7019e613a700
86d2a450-874e-423f-8e8b-3851b1092ad8,71031000280001,PENGOLAHAN KOPRA (EMO) ,UMKM,0. Tidak Ditemukan,https://fasih-sm.bps.go.id/app/assignment-detail/86d2a450-874e-423f-8e8b-3851b1092ad8
8b672a25-1420-4d11-acc8-da57b65e249c,71030900120005,PANGKAS RAMBUT UNCLE B CHRISTIAN WIENFRIED DOLONTELIDE ,UMKM,0. Tidak Ditemukan,https://fasih-sm.bps.go.id/app/assignment-detail/8b672a25-1420-4d11-acc8-da57b65e249c
91b5e413-6934-49c6-adbb-79e6454e38a3,71030800090004,PULSA (JEINLIN TIMBANGNUSA),UMKM,0. Tidak Ditemukan,https://fasih-sm.bps.go.id/app/assignment-detail/91b5e413-6934-49c6-adbb-79e6454e38a3
a1cf2270-b92a-42ec-b0ac-fc70e37409cb,71030410040005,SMA NEGRI 1 TATOARENG,UMKM,0. Tidak Ditemukan,https://fasih-sm.bps.go.id/app/assignment-detail/a1cf2270-b92a-42ec-b0ac-fc70e37409cb
b3019e0f-7061-416b-954d-54ad4d487976,71031100050003,SERVICE SOFA (DONI PUASA),UMKM,0. Tidak Ditemukan,https://fasih-sm.bps.go.id/app/assignment-detail/b3019e0f-7061-416b-954d-54ad4d487976
b7f225c7-5ad9-4eea-bbbc-5eefee952c1a,71030910040003,KONSTRUKSI PERORANGAN (RAMANG),UMKM,0. Tidak Ditemukan,https://fasih-sm.bps.go.id/app/assignment-detail/b7f225c7-5ad9-4eea-bbbc-5eefee952c1a
baa49359-ffc7-40d5-a769-a9d81e65df33,71030610040002,SMP NEGERI 1 TABUKAN SELATAN TENGAH,UMKM,0. Tidak Ditemukan,https://fasih-sm.bps.go.id/app/assignment-detail/baa49359-ffc7-40d5-a769-a9d81e65df33
bb8dc066-0682-4704-98d7-090d3ae9c1b9,71030910050007,KANTIN GREIS (GREIS ONTAK),UMKM,0. Tidak Ditemukan,https://fasih-sm.bps.go.id/app/assignment-detail/bb8dc066-0682-4704-98d7-090d3ae9c1b9
c4d2f7ad-bcd7-4d76-80cb-03ee3024efbb,71030500110001,KANTOR PDAM TAMAKO,bangunan_lain,0. Tidak Ditemukan,https://fasih-sm.bps.go.id/app/assignment-detail/c4d2f7ad-bcd7-4d76-80cb-03ee3024efbb
c4ebabc5-c5fc-440f-aec7-f3687e5db292,71030900130009,JANCE SEKE,OSS Perorangan,0. Tidak Ditemukan,https://fasih-sm.bps.go.id/app/assignment-detail/c4ebabc5-c5fc-440f-aec7-f3687e5db292
c871dd6d-f67a-4f3f-89f4-67d11adc9124,71031000050001,TOKO FURNITUR (MURNI),UMKM,0. Tidak Ditemukan,https://fasih-sm.bps.go.id/app/assignment-detail/c871dd6d-f67a-4f3f-89f4-67d11adc9124
cb53e6bd-53eb-4120-8c4e-48de27dafa27,71031000230003,CUCI MOBIL (FARID KARLOS),UMKM,0. Tidak Ditemukan,https://fasih-sm.bps.go.id/app/assignment-detail/cb53e6bd-53eb-4120-8c4e-48de27dafa27
d2f35972-150d-4416-b902-ca736728dd3f,71030500010003,PAUD NATIVITI (MAHUMU) (AMELIA TAGENGGE),UMKM,0. Tidak Ditemukan,https://fasih-sm.bps.go.id/app/assignment-detail/d2f35972-150d-4416-b902-ca736728dd3f
e4404843-ea5e-4c7b-a425-50749e34fd6f,71030400160001,IKAN SEGAR GEDA,UMKM,0. Tidak Ditemukan,https://fasih-sm.bps.go.id/app/assignment-detail/e4404843-ea5e-4c7b-a425-50749e34fd6f
edf2671a-da3a-450b-ad90-2638ca6f8314,71031000090003,KUE KERING ,UMKM,0. Tidak Ditemukan,https://fasih-sm.bps.go.id/app/assignment-detail/edf2671a-da3a-450b-ad90-2638ca6f8314
ef86334f-a169-48dd-b391-488bb0a665d3,71030500110001,PEDAGANG ECERAN KHUSUS PAKAIAN (YUSLAH KATILI ),UMKM,0. Tidak Ditemukan,https://fasih-sm.bps.go.id/app/assignment-detail/ef86334f-a169-48dd-b391-488bb0a665d3
f47df9f7-5537-4fde-9896-9fb7668e2a76,71030600100001,PANGKAS RAMBUT,UMKM,0. Tidak Ditemukan,https://fasih-sm.bps.go.id/app/assignment-detail/f47df9f7-5537-4fde-9896-9fb7668e2a76
f90de90f-8d2f-4b0b-b0e5-64d0512c32bc,71031100010001,PENGOLAHAN KOPRA (BIMBAHATI) ,UMKM,0. Tidak Ditemukan,https://fasih-sm.bps.go.id/app/assignment-detail/f90de90f-8d2f-4b0b-b0e5-64d0512c32bc
faad6086-27ab-456f-b5bf-2339049b4898,71030500060002,INVENTARIS KOLOM,bangunan_lain,0. Tidak Ditemukan,https://fasih-sm.bps.go.id/app/assignment-detail/faad6086-27ab-456f-b5bf-2339049b4898
872ef912-a674-4827-9a9d-773455d32853,71031000140002,TEMPAT PEMBUATAN KOPRA,bangunan_lain,0. Tidak Ditemukan,https://fasih-sm.bps.go.id/app/assignment-detail/872ef912-a674-4827-9a9d-773455d32853
3136a98c-53c1-4e70-9b3b-38b4ab12c9ff,71030500040001,PUSAT KEGIATAN GUGUS 2 PAUD KECAMATAN TAMAKO,UMKM,0. Tidak Ditemukan,https://fasih-sm.bps.go.id/app/assignment-detail/3136a98c-53c1-4e70-9b3b-38b4ab12c9ff
42767f65-5bb6-43a8-8e62-41f10f5a6639,71030900070008,TEMPAT MAKAN SAKILA (INANG PAKAYA),UMKM,0. Tidak Ditemukan,https://fasih-sm.bps.go.id/app/assignment-detail/42767f65-5bb6-43a8-8e62-41f10f5a6639
7e372924-aaa1-48f7-b791-27df9f10e1e4,71030700050003,BENGKEL MOTOR (DIKSON) (EDISON DOLMAN TADETE),UMKM,0. Tidak Ditemukan,https://fasih-sm.bps.go.id/app/assignment-detail/7e372924-aaa1-48f7-b791-27df9f10e1e4
8abedc73-440f-45f7-bfed-554114b7f6a0,71030800060005,PENGOLAHAN KOPRA (MARTHIN BULANAE),UMKM,0. Tidak Ditemukan,https://fasih-sm.bps.go.id/app/assignment-detail/8abedc73-440f-45f7-bfed-554114b7f6a0
f1fc19d9-6e82-403e-8cd7-6e1b98a76588,71030500030002,DELMINI LIHONDATU (DELMINI LIHONDATU),UMKM,0. Tidak Ditemukan,https://fasih-sm.bps.go.id/app/assignment-detail/f1fc19d9-6e82-403e-8cd7-6e1b98a76588
01766a5b-6db2-4d8d-8bb3-674d86142d47,71030610040005,KUE BASAH,UMKM,0. Tidak Ditemukan,https://fasih-sm.bps.go.id/app/assignment-detail/01766a5b-6db2-4d8d-8bb3-674d86142d47
0bd73499-f160-4235-8ae0-fa7b76a343d5,71030900100001,FLOWER &GIFT (MAHARANI YUDHIESTIA RODINGAN) ,UMKM,0. Tidak Ditemukan,https://fasih-sm.bps.go.id/app/assignment-detail/0bd73499-f160-4235-8ae0-fa7b76a343d5
0cbd1e83-2eb2-4f7f-aa24-482c8db64144,71031100010002,KELOMPOK BERMAIN MALINGGAHENG KENDAHE I,UMKM,0. Tidak Ditemukan,https://fasih-sm.bps.go.id/app/assignment-detail/0cbd1e83-2eb2-4f7f-aa24-482c8db64144
0ced0a5d-d437-4e40-9e1b-bdc19a3c78d5,71030800090004,OJEK MOTOR (HIGELIN RUITAN),UMKM,0. Tidak Ditemukan,https://fasih-sm.bps.go.id/app/assignment-detail/0ced0a5d-d437-4e40-9e1b-bdc19a3c78d5
1aab8dcd-1b24-43b6-8111-d4392e1f7e1e,71030500070003,KIOS RAMENG (RAMENGSILI WELONG),UMKM,0. Tidak Ditemukan,https://fasih-sm.bps.go.id/app/assignment-detail/1aab8dcd-1b24-43b6-8111-d4392e1f7e1e
1db82f87-9f43-442c-ae6f-6a34fc210a61,71030600170003,KOPRA (JACOB),UMKM,0. Tidak Ditemukan,https://fasih-sm.bps.go.id/app/assignment-detail/1db82f87-9f43-442c-ae6f-6a34fc210a61
21b41020-a1d9-40ed-acc2-b136752dd2d4,71031000090004,WARUNG KELONTONG (OKTAVIN),UMKM,0. Tidak Ditemukan,https://fasih-sm.bps.go.id/app/assignment-detail/21b41020-a1d9-40ed-acc2-b136752dd2d4
21e010ed-4b9d-465c-883f-5b4f3b62dfaa,71030500110001,WARUNG SEMBAKO (SIANE TANSIL ),UMKM,0. Tidak Ditemukan,https://fasih-sm.bps.go.id/app/assignment-detail/21e010ed-4b9d-465c-883f-5b4f3b62dfaa
2820f474-7499-4546-a33a-c068f1a8f1a2,71030900140005,SALON KECANTIKAN (DINDA ) LDINDA DWICAHYATI ),UMKM,0. Tidak Ditemukan,https://fasih-sm.bps.go.id/app/assignment-detail/2820f474-7499-4546-a33a-c068f1a8f1a2
322c5a92-eaf7-44b5-9cd7-ed887b604634,71030700030002,BATU KALI RAMSI TEMPOBAE,UMKM,0. Tidak Ditemukan,https://fasih-sm.bps.go.id/app/assignment-detail/322c5a92-eaf7-44b5-9cd7-ed887b604634
34bfebdd-f2c1-4153-a82a-0c4996a8a1a8,71030900130006,ES KELAPA MUDA (TANIA KATIANDAGHO) ,UMKM,0. Tidak Ditemukan,https://fasih-sm.bps.go.id/app/assignment-detail/34bfebdd-f2c1-4153-a82a-0c4996a8a1a8
3d5ea4ff-36bf-4d37-b36e-5644fa0c4f50,71030900120005,NAFIKA SALON ZINTHA DWIDMA PULUMBARA ,UMKM,0. Tidak Ditemukan,https://fasih-sm.bps.go.id/app/assignment-detail/3d5ea4ff-36bf-4d37-b36e-5644fa0c4f50
44cb09a7-e029-49a5-82a9-600e34321326,71030910080001,KUE BASAH (HETIANA MODODAHI),UMKM,0. Tidak Ditemukan,https://fasih-sm.bps.go.id/app/assignment-detail/44cb09a7-e029-49a5-82a9-600e34321326
515bcc3e-93db-44fb-bd0f-a12ca5084ea4,71030500010003,PERDAGANGAN MINYAK BENSIN ECERAN (HERODIA),UMKM,0. Tidak Ditemukan,https://fasih-sm.bps.go.id/app/assignment-detail/515bcc3e-93db-44fb-bd0f-a12ca5084ea4
577a0499-38aa-4f84-9164-4dccbdbf6882,71030800090003,JASA POTONG KAYU (JUSTIN TOBIAS),UMKM,0. Tidak Ditemukan,https://fasih-sm.bps.go.id/app/assignment-detail/577a0499-38aa-4f84-9164-4dccbdbf6882
7aff6401-5d1e-46a9-b46e-141da52ce338,71030800090004,JASA POTONG KAYU (ABSON AMBUI),UMKM,0. Tidak Ditemukan,https://fasih-sm.bps.go.id/app/assignment-detail/7aff6401-5d1e-46a9-b46e-141da52ce338
80417607-a9ff-4b13-8d08-2138ff1f7ef5,71030910050011,KUE BASAH (INGGRID KAPIA) ,UMKM,0. Tidak Ditemukan,https://fasih-sm.bps.go.id/app/assignment-detail/80417607-a9ff-4b13-8d08-2138ff1f7ef5
9225d8f8-cb24-4d60-ac42-dbc6bf3404dd,71030900120001,MARICE KOBIS,OSS Perorangan,0. Tidak Ditemukan,https://fasih-sm.bps.go.id/app/assignment-detail/9225d8f8-cb24-4d60-ac42-dbc6bf3404dd
95678c67-3ae5-4599-97d3-87f651ef7913,71030900120011,AGNES PANGANDAHENG,OSS Perorangan,0. Tidak Ditemukan,https://fasih-sm.bps.go.id/app/assignment-detail/95678c67-3ae5-4599-97d3-87f651ef7913
98aff2a5-f373-444f-a02b-b8034f862f59,71031000280003,BANGUNAN SALON KECANTIKAN TUTUP,bangunan_lain,0. Tidak Ditemukan,https://fasih-sm.bps.go.id/app/assignment-detail/98aff2a5-f373-444f-a02b-b8034f862f59
9b3cb4f2-b3cc-447b-bd70-702bc583b7c6,71030400090001,KIOS JUAL MIE ( YET ),UMKM,0. Tidak Ditemukan,https://fasih-sm.bps.go.id/app/assignment-detail/9b3cb4f2-b3cc-447b-bd70-702bc583b7c6
a0f0c659-931d-4861-baed-27bed6c12745,71031000070001,WARUNG KELONTONG (MARNEZ) ,UMKM,0. Tidak Ditemukan,https://fasih-sm.bps.go.id/app/assignment-detail/a0f0c659-931d-4861-baed-27bed6c12745
a5034e62-4678-4e42-8ac1-b61a1f5cdc63,71030400110008,KIOS OBAT (JERI),UMKM,0. Tidak Ditemukan,https://fasih-sm.bps.go.id/app/assignment-detail/a5034e62-4678-4e42-8ac1-b61a1f5cdc63
aa414f1b-97a5-4007-a653-35a512faa784,71030410030001,INDUSTRI KOPRA IFKE,UMKM,0. Tidak Ditemukan,https://fasih-sm.bps.go.id/app/assignment-detail/aa414f1b-97a5-4007-a653-35a512faa784
b178937b-f4f1-4f1d-b690-3a43e837cf19,71030800090004,SOPIR MOBIL (WANITO MALEMBORIS),UMKM,0. Tidak Ditemukan,https://fasih-sm.bps.go.id/app/assignment-detail/b178937b-f4f1-4f1d-b690-3a43e837cf19
b7112264-7810-48ca-9ad6-69d086f0990f,71031100080001,,UMKM,0. Tidak Ditemukan,https://fasih-sm.bps.go.id/app/assignment-detail/b7112264-7810-48ca-9ad6-69d086f0990f
b9f2644f-de04-4571-80ab-0a371c41c17a,71030400120005,INDUSTRI KOPRA (NELMAN PONISKORI),UMKM,0. Tidak Ditemukan,https://fasih-sm.bps.go.id/app/assignment-detail/b9f2644f-de04-4571-80ab-0a371c41c17a
c1215cc0-0656-4bac-ab8c-4c7cff8c7c7e,71031000050003,KUE BASAH & KERING (MISRIYATI LALO),UMKM,0. Tidak Ditemukan,https://fasih-sm.bps.go.id/app/assignment-detail/c1215cc0-0656-4bac-ab8c-4c7cff8c7c7e
c902ef90-cade-40b7-9c9d-f191c3462189,71030910040001,LUAS MAKAWAWA,OSS Perorangan,0. Tidak Ditemukan,https://fasih-sm.bps.go.id/app/assignment-detail/c902ef90-cade-40b7-9c9d-f191c3462189
d945182e-cb2f-43e5-9f1f-03831b8c832b,71030910040001,PENJUAL BARANG KLONTONG SUMADI PARTI,UMKM,0. Tidak Ditemukan,https://fasih-sm.bps.go.id/app/assignment-detail/d945182e-cb2f-43e5-9f1f-03831b8c832b
def81fde-1f26-4d6f-9b6d-dc430c7f6d88,71031000050002,WARUNG KELONTONG (DJALIA),UMKM,0. Tidak Ditemukan,https://fasih-sm.bps.go.id/app/assignment-detail/def81fde-1f26-4d6f-9b6d-dc430c7f6d88
e1ff0829-e4aa-4ffb-9785-c336290afe0a,71031100050001,,UMKM,0. Tidak Ditemukan,https://fasih-sm.bps.go.id/app/assignment-detail/e1ff0829-e4aa-4ffb-9785-c336290afe0a
f4d33911-74b5-4313-acfd-9eee059ac1ed,71030910040003,KIOS SEMBAKO (HATITJA DANDEL),UMKM,0. Tidak Ditemukan,https://fasih-sm.bps.go.id/app/assignment-detail/f4d33911-74b5-4313-acfd-9eee059ac1ed
f5b0ab50-9011-45a4-84ca-82b167abfd66,71030610040004,JUAL REMPAH ADARMA WEDING,UMKM,0. Tidak Ditemukan,https://fasih-sm.bps.go.id/app/assignment-detail/f5b0ab50-9011-45a4-84ca-82b167abfd66
f7dc8154-b465-421a-b9b5-5c1f4ebe0cba,71031000260002,PEMBUATAN ARANG TEMPURUNG SUPRATMAN,UMKM,0. Tidak Ditemukan,https://fasih-sm.bps.go.id/app/assignment-detail/f7dc8154-b465-421a-b9b5-5c1f4ebe0cba
3a7f1cad-79c7-48b7-8d87-8b21e2e34cd2,71030910050006,GRAMEDIA ASESORIS (HANITA),UMKM,0. Tidak Ditemukan,https://fasih-sm.bps.go.id/app/assignment-detail/3a7f1cad-79c7-48b7-8d87-8b21e2e34cd2
3cce49ba-1145-4d8f-ae36-d6fc1feebc7b,71030910040007,PANGKALAN MINYAK (MUNGGILING) (EDUARD MUNGGILING) ,UMKM,0. Tidak Ditemukan,https://fasih-sm.bps.go.id/app/assignment-detail/3cce49ba-1145-4d8f-ae36-d6fc1feebc7b
8e4cb598-1cba-4c27-9571-fc5be6c88b84,71030400100001,BERNABAS MEHENGKENG,OSS Perorangan,0. Tidak Ditemukan,https://fasih-sm.bps.go.id/app/assignment-detail/8e4cb598-1cba-4c27-9571-fc5be6c88b84
a6d05b4e-b46c-44e1-9237-56f00e3f0dd3,71030400100001,TK GMIST BAIT EL LAPANGO ,UMKM,0. Tidak Ditemukan,https://fasih-sm.bps.go.id/app/assignment-detail/a6d05b4e-b46c-44e1-9237-56f00e3f0dd3
c4e2d4f5-7be3-4a2b-b3ba-bf17274799c4,71030400110004,INDUSTRI PEMBUATAN KOPRA (DARMAN),UMKM,0. Tidak Ditemukan,https://fasih-sm.bps.go.id/app/assignment-detail/c4e2d4f5-7be3-4a2b-b3ba-bf17274799c4
cfbb4ffe-6909-4cb6-ba4c-6dc52bcb40b9,71031000090001,PUSKESWAN ,bangunan_lain,0. Tidak Ditemukan,https://fasih-sm.bps.go.id/app/assignment-detail/cfbb4ffe-6909-4cb6-ba4c-6dc52bcb40b9
0ab8ff0d-f7ae-4796-b3bf-06eb1286d49a,71030900120012,YANSYE ERLINA MANUMPIL,OSS Perorangan,0. Tidak Ditemukan,https://fasih-sm.bps.go.id/app/assignment-detail/0ab8ff0d-f7ae-4796-b3bf-06eb1286d49a
0e427d8e-cee0-43e1-96aa-69f6235b6bc7,71030500110001,PENYEDIAAN MAKANAN SIAP SAJI (AMELIA MANDAK),UMKM,0. Tidak Ditemukan,https://fasih-sm.bps.go.id/app/assignment-detail/0e427d8e-cee0-43e1-96aa-69f6235b6bc7
210813c2-3e2c-424d-8f05-39b3fb015fa4,71030500110001,WARUNG SEMBAKO (ANTHONETA RAMPISELA),UMKM,0. Tidak Ditemukan,https://fasih-sm.bps.go.id/app/assignment-detail/210813c2-3e2c-424d-8f05-39b3fb015fa4
21bfaee5-d57a-437d-bede-8992e10530f3,71030700130001,RUDIS SD GMIST SILOAM,bangunan_lain,0. Tidak Ditemukan,https://fasih-sm.bps.go.id/app/assignment-detail/21bfaee5-d57a-437d-bede-8992e10530f3
7ac5080c-42d9-4761-8f9c-1a2e7a6ff927,71030700040002,KIOS SEMBAKO (JANLYD)(JANLYD VIDY CIPTO LAUNA),UMKM,0. Tidak Ditemukan,https://fasih-sm.bps.go.id/app/assignment-detail/7ac5080c-42d9-4761-8f9c-1a2e7a6ff927
ddf0c49e-86f4-4484-bdcf-f64505f6b8e5,71030900100007,ANGGREK PENGINAPAN,UMKM,0. Tidak Ditemukan,https://fasih-sm.bps.go.id/app/assignment-detail/ddf0c49e-86f4-4484-bdcf-f64505f6b8e5
edeabf8d-4531-4b08-8ee9-f6bc3c20d59d,71030800040005,USAHA BENGKEL (SIMSON ARYANTO SALENSEHE),UMKM,0. Tidak Ditemukan,https://fasih-sm.bps.go.id/app/assignment-detail/edeabf8d-4531-4b08-8ee9-f6bc3c20d59d
f777d886-1b6d-4fff-81cf-2e1bd3ef9077,71030900070007,TOKO MAJU DAVID MOGI,UMKM,0. Tidak Ditemukan,https://fasih-sm.bps.go.id/app/assignment-detail/f777d886-1b6d-4fff-81cf-2e1bd3ef9077
ff5dfb8b-4967-4b62-902a-c750201ef250,71031000230003,USAHA JUAL SAYUR (SITTI HADIJA MANOPO),UMKM,0. Tidak Ditemukan,https://fasih-sm.bps.go.id/app/assignment-detail/ff5dfb8b-4967-4b62-902a-c750201ef250
3b9a1ac0-cacd-4a00-ba3a-8543d88816d5,71030400100001,PERDAGANGAN IKAN,UMKM,0. Tidak Ditemukan,https://fasih-sm.bps.go.id/app/assignment-detail/3b9a1ac0-cacd-4a00-ba3a-8543d88816d5
72f9e977-4887-4e7d-af47-77a73ca40ba6,71030900070003,"MORIA, CV",UMKM,0. Tidak Ditemukan,https://fasih-sm.bps.go.id/app/assignment-detail/72f9e977-4887-4e7d-af47-77a73ca40ba6
bce52a42-3fef-4f1f-832b-2e6816378311,71030900120010,PANGKAS RAMBUT MADURA AMIR,UMKM,0. Tidak Ditemukan,https://fasih-sm.bps.go.id/app/assignment-detail/bce52a42-3fef-4f1f-832b-2e6816378311
bd04dc9b-1b6f-4bf1-abca-56319623ff8b,71030500110001,PEDAGANG ECERAN SAYUR-SAYURAN DAN BUAH-BUAHAN (JUKE SANI),UMKM,0. Tidak Ditemukan,https://fasih-sm.bps.go.id/app/assignment-detail/bd04dc9b-1b6f-4bf1-abca-56319623ff8b
c152671d-aa9c-4f4c-9b6d-3bdef0341cdb,71030500110001,PENGOLAHAN MAKANAN MASAK (ADOLPINA MANOPPO),UMKM,0. Tidak Ditemukan,https://fasih-sm.bps.go.id/app/assignment-detail/c152671d-aa9c-4f4c-9b6d-3bdef0341cdb
90a557d6-6f3f-40ab-bf10-26bfee97ab25,71030700070004,TEMPAT PEMBUATAN SAGU,bangunan_lain,0. Tidak Ditemukan,https://fasih-sm.bps.go.id/app/assignment-detail/90a557d6-6f3f-40ab-bf10-26bfee97ab25
